# vtk DataFile Version 2.0
surface written 2026-04-26T18:00:55
ASCII

DATASET POLYDATA
POINTS 2938 float
-49.8544798568234 -15.9731808247276 0
-43.3791811828164 -34.2646619065807 0
-61.1228304720963 -33.0089405070958 0
-31.7015680499841 2.17843609193398 0
-55.7067191955773 3.6011209978476 0
-41.3363993004764 15.4807504487478 0
-274.310344827586 29.9949676607482 0
-276.493476238039 9.634736493948 0
-298.048194622762 23.4183161147951 0
37.1044057186851 -58.7706523593855 0
41.865432020121 -28.9975070534145 0
60.5949486081105 -45.1410235539008 0
-69.7376880749414 -90.9021738438537 0
-54.7286495121281 -106.55115821742 0
-73.8266631708805 -112.141829854588 0
15.8719684871161 -36.0451509202742 0
11.8532427657831 -65.6329378742718 0
227.964393766851 -120.599420290551 0
205.94605068623 -129.951826402165 0
207.197544076727 -103.159408299513 0
152.078066810156 17.1972524616841 0
170.765150113595 28.377789619078 0
174.089072665203 3.16680617072046 0
258.441391535508 -43.1170120199083 0
248.51066575872 -58.5012576794044 0
235.197059099035 -44.8045584349407 0
233.378251724163 -64.3640985498538 0
221.285932184904 -80.1111005116473 0
215.047856782127 -59.8226098415243 0
212.831065037191 -37.6610554788542 0
275.832364372829 -25.9911029717318 0
290.792989662536 -39.6775600868878 0
276.185532626946 -46.3220865527955 0
269.146972467729 -6.22600837773507 0
279.149794334818 13.777677848137 0
286.5464500215 -6.60934895167074 0
213.208405006874 -14.789727798388 0
228.507558058755 -24.6242044710328 0
88.1789882949204 -111.36317007873 0
64.4118878287494 -96.3108107356772 0
89.8484179512814 -84.0856432131503 0
139.397682392887 -54.7940835503684 0
128.108410838887 -25.5023973507787 0
154.906455590378 -35.9409591306817 0
91.8656980674859 -17.5329552956259 0
109.009644742423 -24.3118199048452 0
96.530788517503 -35.8183686958779 0
151.337482713772 -9.84113785379233 0
178.620689655173 47 0
190.557828941296 24.2855914586603 0
203.103448275862 47 0
198.856608185703 2.30624170716931 0
190.713653131865 -53.6052949037846 0
228.317779722692 -0.14911328001898 0
214.647406456447 22.5691580627216 0
237.856494240392 25.4883387884461 0
276.551724137931 47 0
259.510239939943 27.8558230053514 0
252.068965517242 47 0
227.586206896552 47 0
310.298256321617 -43.7188872159096 0
290.014419820525 -60.1845286458487 0
299.917893918193 24.4682636091389 0
305.475426196022 2.60414344832023 0
325.51724137931 47 0
324.021993578116 20.9532959349847 0
301.034482758621 47 0
350 -0.272727272726911 0
328.452013139473 -0.134844713908109 0
350 23.3636363636366 0
350 -23.9090909090905 0
350 -47.5454545454542 0
332.034236160619 -38.9785448386846 0
335.974139589754 33.333436565076 0
350 47 0
320.457673774793 -20.7652961719966 0
297.742249417904 -21.1126218828386 0
323.144795803699 -82.9999999999997 0
308.474490644018 -98.3492111223365 0
293.804185484338 -82.9999999999997 0
267.570324214183 -62.0294216045036 0
272.180994033066 -83.2316461281199 0
154.679867502373 -131.412499921345 0
172.426958583939 -116.878637531448 0
171.078754664203 -145.482054576005 0
200.889364473952 -170.639981245252 0
210.995648861306 -152.357594756679 0
226.529193956237 -165.637182719452 0
275.717790002312 -137.898633537299 0
292.12146654584 -126.763430309713 0
298.83538593043 -143.151028010539 0
250.646934835247 -171.37279754305 0
268.016338243038 -158.647909656339 0
278.967324815663 -179.686206298548 0
350 -118.454545454545 0
328.835310391412 -106.881893122279 0
350 -94.8181818181816 0
350 -142.090909090909 0
331.858754309844 -126.345214759711 0
286.498658364095 -158.6671986036 0
190.253551578229 -23.7962717490444 0
309.335381627373 -65.771482242546 0
-2.66308447343579 -49.0938269378009 0
-10.0059367377211 -64.996126649388 0
350 -71.1818181818179 0
-5.51455218693565 -88.7313700569857 0
190.512435381805 -115.794210235391 0
186.77287252073 -131.866220308298 0
245.510469881367 -142.94067626572 0
224.270573486138 -141.215861714609 0
227.586206896552 -213 0
214.558395591391 -191.10194615244 0
238.63564128909 -191.402079948891 0
180.218751041398 -97.1149586355309 0
154.597134102931 -104.523504861073 0
163.155159365975 -84.9802574545279 0
170.765150113595 -194.377789619078 0
175.39322348373 -171.102655493354 0
190.557828941296 -190.28559145866 0
203.103448275862 -213 0
178.620689655173 -213 0
154.137931034483 -213 0
252.068965517242 -213 0
109.758392231304 -3.99676903494836 0
131.140385909576 2.79934671348073 0
329.415250706686 -58.9539953509722 0
305.475426196022 -168.60414344832 0
299.917893918193 -190.468263609139 0
276.551724137931 -213 0
259.374118119035 -193.692216758098 0
328.452013139473 -165.865155286092 0
324.021993578116 -186.953295934985 0
301.034482758621 -213 0
325.51724137931 -213 0
335.974139589754 -199.333436565077 0
350 -189.363636363636 0
350 -213 0
350 -165.727272727273 0
320.415178212136 -144.775119473536 0
310.043282945671 -119.523606657286 0
283.243840392601 -108.92354685805 0
-29.8222226522584 -72.8625723054072 0
179.098912057323 -75.2434399202825 0
198.215843961059 -78.6084197850037 0
41.7424031561346 -140.139373819592 0
59.4390477417599 -122.30409838974 0
68.1669772056649 -148.858954000326 0
82.0773371300322 -132.850545768604 0
105.880996296224 -135.232235510668 0
91.865698067486 -148.467044704374 0
-258.823593222968 -21.6834253522715 0
-240.135156597305 -22.5418039580028 0
-241.683012711341 -41.3336314159164 0
10.0328113653404 -175.103367108895 0
21.069124421314 -152.67872301174 0
27.5990582035143 -170.189699415796 0
128.07494728061 -190.821622445686 0
106.83432304158 -184.247930610077 0
131.140385909576 -168.799346713481 0
-18.3443850428755 -109.76707819027 0
0.545848134022265 -112.731082147425 0
-10.3714332449815 -135.35273958122 0
-53.9655172413789 -196.43365071609 0
-77.5032770169032 -191.528588763086 0
-59.6970306599553 -176.648680411616 0
101.486728294027 -99.418751307078 0
247.96630222071 -78.1911977878158 0
257.629151548876 -99.4176282481355 0
61.4497618965801 11.513843547372 0
47.26184327482 -1.62241866652081 0
42.5482230703408 25.1929143493647 0
21.8280984656117 -83.2523454995388 0
41.0897669779265 -84.5186851784192 0
21.2061402196096 -103.923913452441 0
167.702504468434 -20.7668759871787 0
173.468634607768 -41.78259802564 0
192.116838083791 -150.635627274246 0
77.280698492931 -180.673490724306 0
56.0797961847355 -188.747864349067 0
66.3737869813434 -168.008231248149 0
89.5164290449918 -168.089501505347 0
90.2977817653123 -195.473912028872 0
152.137819927291 -182.485348451162 0
129.655172413793 -213 0
105.172413793104 -213 0
163.19115278632 -61.9082688225651 0
80.6896551724141 -213 0
141.437129846942 -82.4126591077305 0
47.4928157655266 -166.066462156639 0
72.2340947112223 -196.967784260449 0
56.2068965517245 -213 0
109.905776837902 -160.378069237111 0
130.300940109295 -141.015259498074 0
15.0245286576073 -196.113445528096 0
31.8014812618761 -186.910245385909 0
31.7241379310348 -213 0
25.2510199903708 -13.2739549381869 0
6.12200725260823 -12.2213058381294 0
17.7836332114667 10.9310557211091 0
115.909044019188 -113.801350341224 0
18.0183834238082 -128.517161010331 0
-25.9613357576787 -159.255389441026 0
-13.2652129014349 -174.046118589634 0
-33.2084787646531 -185.819548139913 0
-5.67716658056014 -192.553615145677 0
7.24137931034517 -213 0
-41.7241379310341 -213 0
-79.8566841990597 -146.129988858312 0
-63.1257571354571 -154.516508539972 0
-77.5841577822483 -166.328225346981 0
-45.8195230812259 -161.532041978178 0
-48.7101123316799 -141.859245808328 0
-90.6896551724133 -213 0
-115.172413793103 -213 0
-99.8783127864135 -196.545856537324 0
-66.2068965517237 -213 0
-17.2413793103445 -213 0
-50.7923711831075 -82.0396940654481 0
-65.6521799513559 -68.7813098920009 0
6.62687892301699 -143.254778390805 0
-144.464728481443 -155.889097436715 0
-145.315710693361 -137.002409526051 0
-124.973058576094 -138.254249920836 0
115.381549021692 -90.1327798016368 0
-165.991663373222 -170.521627790216 0
-186.686522730547 -170.073881296863 0
-182.648690938617 -152.396740043955 0
-109.318456118779 -169.799177029083 0
-101.606093798968 -151.665521857963 0
-94.142390333934 -178.668648524267 0
-206.487970048769 -56.3752129286772 0
-221.510402381027 -44.6019025706733 0
-204.536192706413 -37.9325967761877 0
-182.799169112831 -53.7808725928143 0
-176.221120665225 -75.3883072005173 0
-194.584468940459 -72.1976886619447 0
-141.393829964489 -179.039635996614 0
-2.20855890807275 -156.47048995993 0
-132.118823839593 -197.239622813686 0
-116.783459805372 -185.465595685274 0
-139.655172413793 -213 0
-153.680634894307 -194.143938505698 0
-164.137931034482 -213 0
-178.78638874026 -192.062744433669 0
-219.427758219617 -166.222181875368 0
-230.5106327472 -146.500640131854 0
-204.741655617409 -145.357748536494 0
-164.202012037695 -145.266867473247 0
-188.620689655172 -213 0
-200.862068965517 -198.908232334637 0
-213.103448275862 -213 0
-222.869897095157 -191.053301719847 0
-199.175689986569 -162.73092007078 0
-202.373822426657 -179.60404860122 0
-237.586206896551 -213 0
-262.068965517241 -213 0
-243.872638910383 -195.896080870844 0
-318.788675302618 -171.853083020042 0
-319.022440535472 -196.882607323578 0
-334.021993578116 -186.953295934985 0
-360 -7.35967594593649 193.110995116564
-360 -16.7902688816719 208.79376886875
-360 4.15144972136082 215.357638104705
-276.152138464488 -196.554184044261 0
-260.435065956474 -187.275115749784 0
-339.423461512782 -58.9519042405823 0
-320.317178455186 -43.7221451828171 0
-319.366233351621 -65.8083069721245 0
-142.150466205612 -118.114004874166 0
132.545599092846 -101.056862403903 0
138.462857280182 -118.436717322316 0
-320.043282945671 -119.523606657286 0
-338.835310391412 -106.881893122279 0
-318.474490644018 -98.3492111223366 0
-360 -142.985812915842 166.212949427862
-360 -115.34075035146 156.148974985476
-360 -129.778332600315 140.011395219055
-360 -192.162394843236 155.153155811771
-360 -183.773357832089 134.821716717379
-360 -200.816135004405 133.571428571429
-360 -151.910573099564 135.98288444128
-360 -164.975936043956 122.154135643559
-360 -168.997221052129 151.009694640023
-360 -213 121.428571428572
-360 -191.700954793723 113.662957886696
-360 -213 97.1428571428574
-360 -143.783920214951 51.6183506248448
-360 -168.570317309719 44.5230622419329
-360 -159.538805382788 62.5553456244002
-360 -213 145.714285714286
-360 -200.702397917951 473.775485524005
-360 -213 461.428571428572
-360 -213 485.714285714286
-360 -171.81349460973 98.3628400680987
-360 -143.041599026709 104.119265924033
-360 -159.231427364948 80.695605184952
-338.452013139472 -165.865155286092 0
-360 -193.855593380202 90.5450193114057
-360 -213 72.857142857143
-293.59213397127 -107.656477720526 0
-268.380838217622 -96.0683720139352 0
-267.498932721893 -118.524570915315 0
-360 -191.30363783067 49.933496017598
-360 -213 48.5714285714287
-360 -200.70239791795 36.2245144759942
-360 -186.953023292252 25.991202971205
-360 -213 24.2857142857143
-360 -199.248779409229 14.0242103867677
-360 -213 0
-345.974139589754 -199.333436565077 0
-335.51724137931 -213 0
-360 -189.363636363636 0
-360 -179.763517497559 70.6992986022334
-300.657916705075 -190.74595836964 0
-311.034482758621 -213 0
-360 -165.727272727273 0
-360 -165.862755422562 21.5519781132505
-360 -137.995183531803 74.1552255479345
-360 -121.601302705403 94.2732125855032
-298.538508629686 -172.751071997086 0
-286.551724137931 -213 0
-125.699567668027 -164.714880826957 0
-282.016426533292 -178.020994420618 0
-360 -99.6376069460864 92.585186885502
-360 -83.6843675748231 78.2439517835438
-360 -108.969950124716 66.7918959071465
-360 -29.0789789258798 75.966790101207
-360 -39.8998351078934 59.5404956515791
-360 -46.7298242347235 74.2553987934754
-360 -56.6787590101385 103.484807425229
-360 -40.3120952465001 113.097939016507
-360 -42.9655889077842 91.2910471570731
-360 -14.8049345274127 255.000000000001
-360 -19.6124481119978 228.750858652526
-360 -30.1802343838131 245.217439044146
-360 -106.883465534693 21.1664900472183
-360 -98.3551020438892 41.5291610096353
-360 -82.9999999999997 26.8577093627852
-360 -82.9999999999997 56.2006126564854
-360 -65.7741110343656 40.6661583756887
-241.873271131362 -125.209598133755 0
-255.72779193337 -143.4368144261 0
-360 -118.454545454545 0
-360 -142.090909090909 0
-360 -126.345222332578 18.1435084507248
-341.969195946731 -126.453512745435 0
-159.154793772438 -94.3533053742173 0
-161.976682161433 -119.887782794141 0
-360 -119.534922898367 39.9652426050062
-243.700159402218 -170.171400153786 0
-241.380673794129 -2.48339820587199 0
-260.32318381173 -1.48714021950761 0
-360 -58.9547763063969 20.5877266219159
-289.483015809612 -157.849587412556 0
-268.553813147456 -162.489904595347 0
-360 -94.8181818181816 0
-333.144795803699 -82.9999999999997 0
-330.967386396569 -145.316609402156 0
-360 -71.1818181818179 0
-307.946582545168 -21.5997286971561 0
-317.524165115126 4.1734879147055 0
-294.745050126038 -3.04893187516655 0
-360 -144.762268684377 29.5858096013995
-225.739446161202 22.6698158215825 0
-206.203307660872 10.9046029229282 0
-218.321056530685 -6.23206958386055 0
-204.823166842519 -89.4546415803946 0
-212.387680722171 -73.0802209386543 0
-360 2.42810781651724 45.6225217822983
-360 -21.165044942087 53.2150023204446
-360 -7.06783301898244 73.3465733652191
-342.307433908648 -38.9516599254383 0
-360 -23.9090909090905 0
-331.796529575273 -20.6297047492476 0
-360 -47.5454545454542 0
-360 -38.9889381774753 18.0023187860934
-283.851030450315 -137.395670638903 0
-306.702705754554 -146.404663003706 0
-360 -120.116798044338 121.56853150592
-360 -140.456276721643 123.628503472291
-246.305037996402 -101.075039065891 0
-230.994619929967 -111.276975717856 0
-267.409805638356 -42.9258988667951 0
-285.701536421915 -46.5861005393164 0
-284.058157997984 -29.0765970187849 0
-227.025390927278 -87.1853432667628 0
-229.01740685183 -60.1882182554922 0
-360 -104.371338573643 188.468656253233
-360 -85.6937176372228 185.07252530147
-360 -100.129556197028 169.034214109685
-360 -121.572647232523 175.440841673102
-360 2.39687829406731 117.600801004211
-360 18.7756300185779 133.571428571429
-360 25.1734344627643 109.679342481913
-360 -78.2994489580393 104.372096994342
-360 -56.8195493766623 207.924799977975
-360 -33.840849521095 213.237466535583
-360 -32.0777750138053 190.354748648246
-169.290280848791 -17.2388546599147 0
-160.966118676769 -41.2637587609227 0
-180.147006591443 -34.228832061498 0
-360 -34.0992907780121 134.855089261194
-360 -59.7857036179972 126.234862298046
-360 -49.0922818008287 152.257570400732
-23.8830671417587 -48.6599260724746 0
-28.5997483045559 -16.7867026558575 0
-360 -190.971377949729 233.878293607419
-360 -179.239895869313 254.657427231546
-360 -167.599689393998 236.780409166065
-7.45739444407258 -26.640542414515 0
-180.735167882933 -113.691908803732 0
-196.286280901487 -105.349824711099 0
-184.549566719671 -93.113179315246 0
-360 -60.1859653692453 59.9855819076066
-252.02307106462 21.1183875348433 0
-262.068965517241 47 0
-286.551724137931 47 0
-213.103448275862 47 0
-188.620689655172 47 0
-200.862068965517 30.6328832868965 0
-194.785308416596 -21.9962085074365 0
-237.586206896551 47 0
-122.379350424171 -31.6231811006774 0
-112.765573601468 -11.0510155030678 0
-98.8614507849267 -25.7568987468705 0
-164.137931034482 47 0
-180.020778331349 22.0273662009555 0
-274.888692279352 -9.1322715943565 0
-360 -126.739919951569 57.880118939757
-222.049990315415 -27.3103671381984 0
-189.828414223147 -1.63139489235891 0
-360 -99.1962823912525 114.902108817717
-360 6.74684180591339 95.9944151759814
-360 17.3826591623664 70.5699862357901
-360 25.2807717366325 157.324363337505
-360 3.30334591854594 150.709433610162
-360 47 485.714285714286
-360 24.649067644497 461.959194002383
-360 20.9530232922519 484.008797028795
-360 -61.4711847513509 165.368001859788
-360 -62.4293746094494 185.429402704082
-360 -43.5586294634678 172.858955487217
-360 47 121.428571428572
-360 47 97.1428571428574
-360 25.1734344627643 400.320657518087
-360 47 412.857142857143
-360 47 388.571428571429
-360 28.6605870862088 89.2487487787371
-360 47 145.714285714286
-360 47 72.857142857143
-360 24.6490676444973 48.0408059976164
-334.021993578116 20.9532959349852 0
-338.452013139472 -0.134844713907995 0
-360 -0.272727272726911 0
-360 -0.137244577437684 21.5519781132504
-360 23.3636363636366 0
-360 -20.8055556302486 29.724705978901
-317.167922401023 29.2459029031581 0
-360 20.9530232922521 25.9912029712049
-311.034482758621 47 0
-335.51724137931 47 0
-360 -62.0309583203718 82.4280916601751
-345.974139589754 33.3334365650769 0
-360 47 0
-360 33.2487794092288 14.0242103867677
-360 47 24.2857142857143
-360 47 48.5714285714287
-66.2068965517237 47 0
-83.9168461102722 30.0661891509527 0
-90.6896551724133 47 0
-54.1973270392696 29.819603708378 0
-1.47324899486034 28.1853469359261 0
7.24137931034517 47 0
19.5413773956725 32.3201105093749 0
-17.2413793103445 47 0
-27.1633915206819 25.4911173530435 0
-41.7241379310341 47 0
77.647777678909 13.3259140393898 0
93.3478869760468 3.32845933810844 0
74.2580713455635 -3.16248141403514 0
-84.7307913436827 -74.9209669199964 0
-95.6283508714374 4.14205627481391 0
-76.9708239377911 -14.4084462612115 0
-53.5983770926763 -52.9752316303934 0
-151.896551724137 25.7185007293665 0
-139.655172413793 47 0
-148.185503748021 -1.12844639709141 0
-169.941276508169 2.80891888756025 0
-115.172413793103 47 0
-127.254927063008 32.2690249887289 0
-123.225076109729 9.50234564708526 0
-106.0076891934 28.6218085146427 0
-136.698570279244 -51.755138859317 0
-145.907463142206 -24.3507389093048 0
64.5431687767645 -70.2689232888092 0
-360 -113.067193495036 234.202910225354
-360 -88.0609059618282 230.221261458904
-360 -105.253339342544 210.315553215023
-360 25.2807717366324 352.675636662495
-360 28.5894590101874 333.399588213234
-360 4.36859845474814 337.111394873113
-360 47 194.285714285715
-360 47 170.000000000001
-360 28.5894590101869 176.600411786766
-360 20.0640172910953 194.202408798095
-360 28.8945928877716 211.512826572208
-360 47 218.571428571429
-360 20.0640172910954 315.797591201905
-360 47 315.714285714286
-360 25.197428907118 233.81454417155
-360 32.4354900071894 255.000000000001
-360 47 242.857142857143
-360 4.36859845474814 172.888605126887
-360 28.8945928877719 298.487173427793
-360 4.1514497213609 294.642361895295
-360 1.78349535846183 272.292042003434
-360 13.4001755370691 255.000000000001
-360 -44.3987581005706 275.159362121434
-360 -68.0690537892135 274.652836340169
-360 -61.329633445535 293.170248117915
-360 -18.7081862634791 178.300111318902
-360 -18.7205830307249 98.7107245755935
-360 -22.2536279467317 119.880359835044
-360 1.66633430522748 237.584608185757
-107.61656841497 -55.0810014561809 0
-10.3402411129139 2.36740578866431 0
-360 -21.3069575075363 157.53240213202
-360 -43.7298134961864 470.30083867035
-360 -39.8998351078934 450.459504348421
-360 -60.1859653692453 450.014418092394
-360 -74.1341141379416 355.545817963591
-360 -59.1941118531468 335.689987595821
-360 -82.4466397358964 329.038354566896
-360 -142.291453376968 344.432457506478
-360 -151.910573099564 374.01711555872
-360 -129.135773774149 371.089577371386
-360 -144.440229401862 208.368194910521
-360 -131.061526696499 194.312880140997
-360 -157.113898305814 192.758932644713
-360 -171.283657599481 294.293995624421
-360 -184.438081094703 315.220126830802
-360 -157.011636971427 315.764838687612
-360 -213 242.857142857143
-360 -198.359138737085 254.926977086587
-360 -127.878095501104 217.796967430923
-360 -213 267.142857142858
-360 -213 218.571428571429
-360 -195.116901120765 212.168974202173
-360 -213 194.285714285715
-360 -184.815700242025 194.878797129733
-360 -194.615788980953 177.273560293573
-360 -213 170.000000000001
-360 -150.856551903112 252.12238874498
-360 -147.923270405187 228.032899711961
-360 -72.1509578045296 148.738223697963
-360 -170.934261033078 173.681404745705
-360 -105.445872949473 374.522231412706
-360 -91.7589377859981 362.73758978895
-360 -112.832668296549 354.431755820445
-360 -169.007350842652 215.211036534421
-182.222578785551 -133.241677547195 0
-360 -46.2981834528949 228.784587887354
-360 -28.7196735510592 264.844955415785
-360 -45.558873325035 251.388972491992
-199.031264075217 -122.8490176316 0
-360 47 291.428571428572
-66.8927204437975 -131.195279042366 0
-304.950111248624 -83.0630628568757 0
-254.986871120678 -71.3364362960554 0
-360 -126.665981651312 256.060869292932
-360 -139.34153812739 269.519547072732
-360 -117.346661999979 275.584311450681
-360 18.7756300185778 376.428571428572
-360 47 364.285714285715
-129.46717571503 -11.1794633571528 0
-360 17.3826591623664 439.43001376421
-360 47 437.142857142857
-360 28.6605870862089 420.751251221263
-360 -168.997221052129 358.990305359978
-360 -192.162394843236 354.84684418823
-360 -183.773357832089 375.178283282622
31.7241379310348 47 0
-360 -159.513368607472 447.394322158481
-360 -143.748652405838 458.321585102369
-360 -137.698933935257 435.340234560661
-360 -179.76435919142 439.301950260385
-360 -159.312822678644 429.374494388855
-300.173631270201 -39.9821593391178 0
106.83432304158 18.2479306100767 0
128.074947280609 24.8216224456861 0
-123.310533288974 -114.398368440067 0
-360 -98.3551020438893 468.470838990365
-360 -82.9999999999997 483.142290637215
-360 -82.9999999999997 453.799387343515
-360 -7.35967594593657 316.889004883436
-360 -57.8756412928822 314.21030572289
-360 -168.570317309719 465.476937758067
-360 -191.303674347307 460.066558163933
-360 -186.953023292252 484.008797028795
-301.716193640739 -127.114319831245 0
-360 -18.4023998829187 301.65454239498
-360 -19.0266428458259 280.632392293422
-360 -171.819386466759 411.645901970232
-360 -143.900882268236 406.865980083074
-360 -10.9012003158142 375.538693458386
-360 3.37872192841513 359.306086412574
-107.039718836686 -122.375054844861 0
-360 -82.0877324591121 203.839199298423
-360 -60.3927926725089 259.264166559152
-360 -65.2417923767168 240.482045627039
35.831980948037 -122.305249078115 0
-360 -200.816135004405 376.428571428572
66.2184134134283 -22.1598380550487 0
79.6383697820468 -35.4159655236129 0
44.269266210832 -106.114012069829 0
125.522622518522 -69.2249286081655 0
114.141000915401 -47.9253608389653 0
90.2977817653125 29.4739120288725 0
105.172413793104 47 0
68.0911202628079 28.8224437660062 0
80.6896551724141 47 0
56.2068965517245 47 0
-81.8112902903744 -47.4231819125661 0
88.0974647735586 -55.6675449665245 0
106.837169318145 -69.4398189353844 0
154.137931034483 47 0
129.655172413793 47 0
-360 -83.6843675748233 431.756048216456
-360 -99.6435104566206 417.411148204983
-360 -108.934952791682 443.141771649246
-360 -82.0680245493732 292.258294411523
-360 -101.811227108554 289.782060202717
-360 -101.487679406895 309.487337465651
-110.973600534556 -103.476321169743 0
-360 -121.770919949291 415.853758760053
-360 -123.21268024426 391.378183762531
-360 -132.483808852636 238.090223247406
-360 -213 340
-360 -213 364.285714285715
-360 -194.615788980953 332.726439706427
-360 -213 388.571428571429
-360 -213 315.714285714286
-360 -165.536822894767 388.475973100204
-360 -195.116901120766 297.831025797828
-360 -213 291.428571428572
-360 -90.1684185679591 272.751870402085
-360 -78.6954857710088 254.637616215126
-360 -102.334107907854 253.909806507514
-360 -191.296564629276 275.953118767143
-360 -131.861915193679 315.496439161973
-360 -113.403157571906 331.519216706934
-360 -120.391293230387 296.972065580705
-360 -106.883465534693 488.833509952782
-360 2.39687829406682 392.399198995789
-360 -143.505772858278 291.281026938405
-360 -163.828787677406 272.498880276988
-360 -10.9012003158141 134.461306541614
-360 -83.6037251222623 379.306339863424
-360 -101.97489790018 397.348856495452
-360 -78.1726786791737 405.621476969016
-360 25.197428907118 276.18545582845
-360 -18.720583030725 411.289275424407
-360 -22.2404432886639 390.111618934704
-360 47 340
-360 -18.4463376270729 331.763039864609
-360 -20.7793254384525 352.576238027136
-360 -65.7741110343656 469.333841624311
-360 47 267.142857142858
-360 -36.8077262744715 297.225002093305
-360 -32.9694040697202 318.883950809441
-360 47 461.428571428572
-360 33.2487794092289 495.975789613232
-360 47 510
-360 23.3636363636366 510
-360 -0.137244577437684 488.44802188675
-360 -0.272727272726911 510
-360 2.42810781651727 464.377478217702
-360 -7.06783301898241 436.653426634781
-360 -20.8055556302485 480.275294021099
-360 -23.9090909090905 510
-360 -38.9889381774752 491.997681213907
-360 -47.5454545454542 510
-360 -58.9547763063968 489.412273378084
-360 6.74684180591348 414.005584824019
-360 -62.0309583203718 427.571908339825
-360 -42.9655889077842 418.708952842927
-360 -56.6390479708424 406.31694904253
-360 -59.713918700382 382.780346077389
-360 -21.1650449420866 456.784997679555
-360 -46.7298242347234 435.744601206525
-360 -71.1818181818179 510
-360 -126.345222332578 491.856491549275
-360 -119.534922898367 470.034757394994
-360 -144.762268684377 480.414190398601
-360 -94.8181818181816 510
-360 -118.454545454545 510
-360 -142.090909090909 510
-360 -165.862755422562 488.448021886749
-360 -165.727272727273 510
-360 -189.363636363636 510
-360 -199.248779409229 495.975789613232
-360 -191.701796487584 396.338290975923
-360 -140.967288442426 387.046355783635
-360 -213 510
-360 -213 437.142857142857
-360 -193.857108429153 419.457228641308
-360 -213 412.857142857143
-360 -40.3120952465001 396.902060983493
-360 -170.934261033078 336.318595254295
152.455165266078 -156.716194108903 0
-360 -80.1246800784791 167.555857008943
-360 -77.9671385113544 310.018405933188
-360 -43.7298134961865 39.6991613296503
-212.292238987096 -107.640376224524 0
-140.780435619532 -75.0139890567597 0
-158.943364271295 -62.9198541644661 0
-360 -70.3997520264039 220.999083754629
-35.444796274825 -96.2786345996722 0
-104.803339382417 -83.6168060345463 0
-73.0128277645981 12.3708910719496 0
-283.280836598613 -80.6922148301616 0
-219.907280414708 -126.472392729347 0
-277.870467465219 -60.6414248915368 0
-86.7504484781199 -127.565497918635 0
-128.433600745377 -95.1060634755198 0
-122.01598297849 -72.0748522452531 0
-91.2808104193273 -101.885313053721 0
-31.6240814840093 -140.852065756913 0
-36.4071666446304 -121.015267674286 0
251.924221469332 6.01309839017395 0
255.837985652163 -121.535527010352 0
235.409599737537 -98.6262819012101 0
249.589310481065 -20.270949792331 0
-360 -48.534552817773 356.973481765743
-360 -33.9183972693223 375.034859459745
-360 -38.16504386854 339.006712828804
-360 -95.2003676797441 346.511964409802
-360 -29.0789789258798 434.033209898793
-360 -126.739919951569 452.119881060243
-298.995619737814 -60.3044225803474 0
-360 -107.137487484894 135.679308462783
-360 -84.6000477934563 130.70028362361
-360 -93.7927137285415 150.744556624918
350 -113.067193495036 234.202910225354
350 -132.483808852636 238.090223247406
350 -127.878095501104 217.796967430923
350 13.4001755370691 255.000000000001
350 1.66633430522748 237.584608185757
350 25.197428907118 233.81454417155
350 -99.1962823912525 114.902108817717
350 -120.116798044338 121.56853150592
350 -121.601302705403 94.2732125855032
350 28.8945928877716 211.512826572208
350 47 218.571428571429
350 47 242.857142857143
350 -179.239895869313 254.657427231546
350 -191.296564629276 275.953118767143
350 -198.359138737085 254.926977086587
350 4.15144972136082 215.357638104705
350 -19.6124481119978 228.750858652526
350 -30.1802343838131 245.217439044146
350 -46.2981834528949 228.784587887354
350 -56.8195493766623 207.924799977975
350 -33.840849521095 213.237466535583
350 3.30334591854594 150.709433610162
350 -21.3069575075363 157.53240213202
350 -10.9012003158141 134.461306541614
350 -14.8049345274127 255.000000000001
350 47 194.285714285715
350 20.0640172910953 194.202408798095
350 28.5894590101869 176.600411786766
350 47 170.000000000001
350 25.2807717366325 157.324363337505
350 -105.253339342544 210.315553215023
350 -88.0609059618282 230.221261458904
350 -131.061526696499 194.312880140997
350 -82.0877324591121 203.839199298423
350 -62.4293746094494 185.429402704082
350 1.78349535846183 272.292042003434
350 2.39687829406731 117.600801004211
350 18.7756300185779 133.571428571429
350 4.36859845474814 172.888605126887
350 -18.7081862634791 178.300111318902
350 -7.35967594593649 193.110995116564
350 -68.0690537892135 274.652836340169
350 -90.1684185679591 272.751870402085
350 -78.6954857710088 254.637616215126
350 25.1734344627643 109.679342481913
350 47 121.428571428572
350 47 145.714285714286
350 -22.2536279467317 119.880359835044
350 -18.7205830307249 98.7107245755935
350 -159.513368607472 447.394322158481
350 -137.698933935257 435.340234560661
350 -143.748652405838 458.321585102369
350 -46.7298242347235 74.2553987934754
350 -62.0309583203718 82.4280916601751
350 -60.1859653692453 59.9855819076066
350 -61.4711847513509 165.368001859788
350 -43.5586294634678 172.858955487217
350 -38.9889381774753 18.0023187860934
350 -20.8055556302486 29.724705978901
350 -43.7298134961865 39.6991613296503
350 6.74684180591339 95.9944151759814
350 -82.9999999999997 26.8577093627852
350 -65.7741110343656 40.6661583756887
350 -82.9999999999997 56.2006126564854
350 -0.137244577437684 21.5519781132504
350 20.9530232922521 25.9912029712049
350 -58.9547763063969 20.5877266219159
350 33.2487794092288 14.0242103867677
350 47 24.2857142857143
350 -39.8998351078934 59.5404956515791
350 24.6490676444973 48.0408059976164
350 47 48.5714285714287
350 47 72.857142857143
350 -42.9655889077842 91.2910471570731
350 47 97.1428571428574
350 28.6605870862088 89.2487487787371
350 47 388.571428571429
350 25.1734344627643 400.320657518087
350 18.7756300185778 376.428571428572
350 -7.35967594593657 316.889004883436
350 -32.9694040697202 318.883950809441
350 -18.4023998829187 301.65454239498
350 -29.0789789258798 75.966790101207
350 -83.6843675748231 78.2439517835438
350 -106.883465534693 21.1664900472183
350 -119.534922898367 39.9652426050062
350 -126.345222332578 18.1435084507248
350 -98.3551020438892 41.5291610096353
350 -143.041599026709 104.119265924033
350 -78.2994489580393 104.372096994342
350 -165.862755422562 21.5519781132505
350 -144.762268684377 29.5858096013995
350 -168.570317309719 44.5230622419329
152.031519657468 16.3130189080418 510
131.140385909576 2.79934671348065 510
153.289075605678 -9.39107541608979 510
350 -192.162394843236 155.153155811771
350 -183.773357832089 134.821716717379
350 -168.997221052129 151.009694640023
350 -151.910573099564 135.98288444128
350 -164.975936043956 122.154135643559
350 -140.456276721643 123.628503472291
350 -159.231427364948 80.695605184952
350 -137.995183531803 74.1552255479345
350 -186.953023292252 25.991202971205
350 -199.248779409229 14.0242103867677
350 -108.969950124716 66.7918959071465
350 -99.6376069460864 92.585186885502
350 -213 24.2857142857143
350 -200.70239791795 36.2245144759942
350 -213 48.5714285714287
350 -143.783920214951 51.6183506248448
350 -159.538805382788 62.5553456244002
350 -191.30363783067 49.933496017598
350 -213 72.857142857143
350 -193.855593380202 90.5450193114057
350 -213 97.1428571428574
350 -179.763517497559 70.6992986022334
350 -171.81349460973 98.3628400680987
350 -191.700954793723 113.662957886696
350 -126.739919951569 57.880118939757
350 -170.934261033078 173.681404745705
350 -142.985812915842 166.212949427862
350 -129.778332600315 140.011395219055
350 -200.816135004405 133.571428571429
350 -121.572647232523 175.440841673102
350 -213 121.428571428572
299.917893918194 -190.468263609139 510
324.021993578116 -186.953295934985 510
305.475426196022 -168.60414344832 510
350 -213 145.714285714286
350 -213 170.000000000001
350 -194.615788980953 177.273560293573
350 -184.815700242025 194.878797129733
350 -213 194.285714285715
350 -143.900882268236 406.865980083074
350 -123.21268024426 391.378183762531
350 -121.770919949291 415.853758760053
350 -84.6000477934563 130.70028362361
350 -107.137487484894 135.679308462783
350 -72.1509578045296 148.738223697963
350 -49.0922818008287 152.257570400732
350 -157.113898305814 192.758932644713
350 -19.0266428458259 280.632392293422
195.138560461931 -89.7260771121051 510
214.348038828507 -105.57105304286 510
220.335415169845 -82.9999999999997 510
350 -167.599689393998 236.780409166065
350 -147.923270405187 228.032899711961
350 -150.856551903112 252.12238874498
350 -213 242.857142857143
350 -213 218.571428571429
350 -190.971377949729 233.878293607419
350 -194.615788980953 332.726439706427
350 -192.162394843236 354.84684418823
350 -213 340
350 -213 364.285714285715
350 -195.116901120765 212.168974202173
350 -169.007350842652 215.211036534421
350 -59.7857036179972 126.234862298046
350 -70.3997520264039 220.999083754629
350 -40.3120952465001 396.902060983493
350 -59.713918700382 382.780346077389
350 -33.9183972693223 375.034859459745
350 -117.346661999979 275.584311450681
350 -102.334107907854 253.909806507514
350 -163.828787677406 272.498880276988
350 -171.283657599481 294.293995624421
350 -32.0777750138053 190.354748648246
350 -21.165044942087 53.2150023204446
350 -61.329633445535 293.170248117915
350 -44.3987581005706 275.159362121434
350 -36.8077262744715 297.225002093305
350 -18.4463376270729 331.763039864609
350 32.4354900071894 255.000000000001
350 2.42810781651724 45.6225217822983
14.8988224231284 30.1659355726067 510
-5.8941908838168 26.7948661115629 510
9.62130449620213 9.12456636556095 510
47.4928157655266 0.0664621566386074 510
27.4961814862296 4.19499922996209 510
21.0691244213132 -13.3212769882607 510
-83.9168461102723 -196.066189150953 510
-106.0076891934 -194.621808514643 510
-90.6896551724133 -213 510
-148.185503748021 -164.871553602909 510
-129.46717571503 -154.820536642847 510
-145.907463142206 -141.649261090695 510
-188.620689655172 -213 510
-164.137931034482 -213 510
-180.020778331349 -188.027366200955 510
-213.103448275862 -213 510
-200.862068965517 -196.632883286896 510
-339.423461512782 -107.048095759417 510
-319.366233351621 -100.191693027875 510
-333.144795803699 -82.9999999999997 510
-284.058157997984 -136.923402981215 510
-267.409805638356 -123.074101133205 510
-285.701536421915 -119.413899460683 510
-243.912278739474 29.8831080627663 510
-262.068965517241 47 510
-260.435065956474 21.2751157497837 510
-60.8516025404911 -49.0373765996061 510
-63.5958138770544 -29.9773295566915 510
-84.0839285386991 -42.8581717032138 510
-289.483015809612 -8.15041258744432 510
-282.016426533292 12.0209944206179 510
-298.538508629686 6.75107199708603 510
-240.135156597305 -143.458196041997 510
-218.321056530685 -159.76793041614 510
-222.049990315415 -138.689632861802 510
-106.549957328963 -43.6603565985421 510
-108.196860618716 -21.7181746887144 510
-123.120229535977 -37.7972511121161 510
108.273224214246 -183.297634566536 510
128.07494728061 -190.821622445686 510
131.658584343123 -169.540690292193 510
-6.43513871680329 -69.2823743342082 510
-6.67231029712821 -89.6046904451163 510
10.5428122076703 -83.5147152898359 510
102.081144969837 -132.073240929352 510
112.062295728941 -154.14905922226 510
121.031154182693 -130.699023673096 510
-306.702705754554 -19.595336996294 510
174.755421864794 4.06867823463611 510
89.5164468671619 2.03627078642143 510
106.83432304158 18.2479306100767 510
90.2977817653123 29.4739120288726 510
-276.152138464488 30.5541840442613 510
-55.7108700991896 -169.5324524004 510
-41.3994699811723 -181.333191420825 510
-31.553286128349 -167.491013336257 510
186.232955289658 -69.934491293873 510
170.34352245338 -56.0587804231562 510
168.872965030207 -82.1191835517465 510
325.51724137931 47 510
301.034482758621 47 510
299.917893918193 24.4682636091392 510
190.557828941296 24.2855914586603 510
214.647406456447 22.5691580627216 510
203.103448275862 47 510
350 17.3826591623664 70.5699862357901
350 -57.8756412928822 314.21030572289
72.234094711222 30.9677842604486 510
80.6896551724141 47 510
-79.8731866539369 2.82883913114014 510
-104.994919727634 -0.797722537474385 510
-82.7745793410297 -18.0994927738481 510
292.121466545839 -126.763430309714 510
298.777444221642 -143.121178921824 510
310.043282945671 -119.523606657287 510
-27.0280699466355 -190.854926679696 510
350 47 315.714285714286
350 20.0640172910954 315.797591201905
350 28.8945928877719 298.487173427793
350 24.649067644497 461.959194002383
350 47 461.428571428572
350 47 485.714285714286
-169.290280848791 -148.761145340085 510
-169.941276508169 -168.80891888756 510
196.838973371916 -27.1552393140963 510
199.457727830757 -0.0397665947569976 510
177.119711243655 -17.9846263143699 510
178.057434635067 -101.023818910842 510
172.981008506912 -118.436717322316 510
193.984417538302 -114.895064700885 510
128.07494728061 24.821622445686 510
73.3375077250462 -163.568219343723 510
94.9797420916394 -168.185751770908 510
91.8656980674861 -148.467044704374 510
350 -7.06783301898244 73.3465733652191
279.0876623599 -179.744748766622 510
251.489297644906 -171.782594819568 510
259.410828780074 -193.803136474927 510
350 25.197428907118 276.18545582845
350 4.1514497213609 294.642361895295
350 -80.1246800784791 167.555857008943
350 47 291.428571428572
350 -191.303674347307 460.066558163933
350 -186.953023292252 484.008797028795
350 -200.702397917951 473.775485524005
237.856494240392 -191.488338788446 510
252.068965517242 -213 510
-254.986871120678 -94.6635637039445 510
-283.280836598613 -85.3077851698382 510
-277.870467465219 -105.358575108463 510
-160.966118676769 -124.736241239077 510
56.0797961847351 22.7478643490668 510
56.2068965517245 47 510
31.8014812618766 20.9102453859095 510
-330.967386396569 -20.6833905978436 510
-318.788675302618 5.85308302004216 510
-225.739446161202 -188.669815821582 510
-27.0886387964622 -99.7806623895589 510
-51.4957520057868 -114.759509977457 510
-21.5640914802687 -125.661891025297 510
-73.0128277645981 -178.37089107195 510
-54.1973270392694 -195.819603708378 510
-1.42111722601362 -142.573568361174 510
8.23833599594201 -166.870093947806 510
22.3230077959962 -154.255170762365 510
350 47 340
350 28.5894590101874 333.399588213234
350 -105.445872949473 374.522231412706
350 -101.97489790018 397.348856495452
350 -18.720583030725 411.289275424407
350 6.74684180591348 414.005584824019
350 -7.06783301898241 436.653426634781
350 -43.7298134961864 470.30083867035
350 -58.9547763063968 489.412273378084
350 -65.7741110343656 469.333841624311
-177.082367859706 28.2148511030609 510
-188.620689655172 47 510
-199.403239917483 29.7066979126577 510
328.452013139473 -165.865155286092 510
350 -142.090909090909 510
320.415178212136 -144.775119473536 510
350 -213 437.142857142857
350 -193.857108429153 419.457228641308
350 -179.76435919142 439.301950260385
41.7155769926958 -28.854047605752 510
68.3302373317359 -17.7688704668432 510
-286.551724137931 47 510
-300.657916705075 24.7459583696399 510
350 -157.011636971427 315.764838687612
350 -131.861915193679 315.496439161973
350 -142.291453376968 344.432457506478
255.928244988268 -121.754968942152 510
257.611088004066 -99.4363812627851 510
237.9833686868 -101.935891653539 510
-241.683012711341 -124.666368584084 510
-258.823593222968 -144.316574647728 510
350 -104.371338573643 188.468656253233
350 -100.129556197028 169.034214109685
350 -85.6937176372228 185.07252530147
80.6896551724141 -213 510
90.2977817653122 -195.473912028872 510
68.1788830494875 -194.928581470835 510
61.5358643614069 -177.892986043075 510
47.2618432748202 -164.377581333479 510
42.6793533642375 -191.931538609099 510
-53.9655172413788 30.4336507160903 510
-77.6110377549255 25.7530338234336 510
-59.6970306599551 10.648680411616 510
279.149794334818 13.7776778481372 510
259.510239939943 27.8558230053515 510
251.924221469332 6.01309839017409 510
-252.023071064621 -187.118387534843 510
-276.493476238039 -175.634736493948 510
-274.310344827586 -195.994967660748 510
350 -115.34075035146 156.148974985476
-298.048194622762 -189.418316114795 510
328.835310391412 -106.881893122279 510
331.858754309844 -126.345214759711 510
350 -98.3551020438893 468.470838990365
350 -106.883465534693 488.833509952782
350 -119.534922898367 470.034757394994
-260.323183811731 -164.512859780492 510
-241.380673794129 -163.516601794128 510
350 17.3826591623664 439.43001376421
350 47 437.142857142857
350 2.39687829406682 392.399198995789
350 -10.9012003158142 375.538693458386
-164.137931034482 47 510
153.859105427409 -156.91768820657 510
152.117886063059 -182.436576171161 510
62.3517454221171 -121.580695328901 510
80.6087525581116 -131.993534430596 510
91.5107088811762 -114.369190450641 510
128.448522678673 -25.2822879385733 510
156.175997553331 -36.744786543259 510
15.2196009125971 -64.3088949497024 510
17.4369831034755 -39.6190554377799 510
-1.54350442802138 -50.5498630124499 510
-206.203307660872 -176.904602922928 510
324.021993578117 20.9532959349851 510
350 23.3636363636366 510
335.974139589754 33.3334365650769 510
237.856494240392 25.4883387884463 510
350 -126.665981651312 256.060869292932
-162.098736174441 -24.5253678809306 510
-146.856817127227 -4.65174259257705 510
-167.036108889232 5.22187218470515 510
170.765150113595 28.3777896190778 510
350 -65.2417923767168 240.482045627039
-126.562429753301 -72.1161496577909 510
-140.780435619532 -90.9860109432404 510
-121.949289112261 -94.0391782228602 510
350 -56.6787590101385 103.484807425229
105.172413793104 47 510
272.176717025318 -83.2494165537096 510
283.17775665461 -108.912908070893 510
269.913899875478 -5.96897984953239 510
-79.2358337623508 -70.4442730949963 510
-72.3142379054623 -96.6856723620499 510
-53.9655172413789 -83 510
129.655172413793 47 510
154.137931034483 47 510
178.620689655173 47 510
109.742761232003 -5.7244317593823 510
77.2806984929309 14.6734907243059 510
31.7241379310348 47 510
-15.0674049304544 9.47233124509668 510
-3.69200212198382 -6.14804281348705 510
18.7015452687432 -182.101425539249 510
19.4827586206902 -199.965728279613 510
-7.25297546142411 -28.2288709402944 510
7.24137931034517 47 510
66.3856877064336 1.9585916573258 510
-2.67558215518477 -111.719778026258 510
19.5511510326797 -125.793547411479 510
17.5601886249662 -100.558183160239 510
-294.745050126038 -162.951068124834 510
-274.888692279352 -156.867728405644 510
297.742249417904 -21.1126218828384 510
286.65601107975 -6.57263059049856 510
275.832364372829 -25.9911029717317 510
293.804185484338 -82.9999999999997 510
290.014419820525 -60.1845286458486 510
215.996154713827 -60.1768018531022 510
195.269830034211 -51.2762524260905 510
202.830398360062 -71.6671778703665 510
350 -82.0680245493732 292.258294411523
350 -77.9671385113544 310.018405933188
350 -101.487679406895 309.487337465651
350 -83.6843675748233 431.756048216456
350 -108.934952791682 443.141771649246
350 -99.6435104566206 417.411148204983
350 -91.7589377859981 362.73758978895
350 -83.6037251222623 379.306339863424
63.5811629050472 -70.0862183796756 510
87.8002021186027 -53.8772213129948 510
60.6087060917041 -45.042376127234 510
155.440336049169 -104.905555736337 510
215.345973043226 -38.0407787852252 510
350 47 267.142857142858
118.022345282262 -52.9853939775344 510
105.190299528186 -31.5994305518699 510
350 -16.7902688816719 208.79376886875
350 -101.811227108554 289.782060202717
350 -59.1941118531468 335.689987595821
350 47 364.285714285715
350 25.2807717366324 352.675636662495
350 -20.7793254384525 352.576238027136
350 -48.534552817773 356.973481765743
350 28.6605870862089 420.751251221263
320.457673774794 -20.7652961719967 510
305.475426196022 2.60414344832051 510
350 -0.272727272726911 510
350 -0.137244577437684 488.44802188675
328.452013139473 -0.134844713908279 510
350 47 510
350 -144.762268684377 480.414190398601
91.865698067486 -17.532955295626 510
350 -38.9889381774752 491.997681213907
350 -20.8055556302485 480.275294021099
247.951866185722 -78.5926847619891 510
276.551724137931 47 510
252.068965517242 47 510
227.586206896552 47 510
228.528468360927 -0.191640222525962 510
350 -29.0789789258798 434.033209898793
350 -39.8998351078934 450.459504348421
350 -46.7298242347234 435.744601206525
350 -82.9999999999997 483.142290637215
350 -82.9999999999997 453.799387343515
258.441391535508 -43.1170120199085 510
276.185532626946 -46.3220865527955 510
350 -159.312822678644 429.374494388855
350 -60.1859653692453 450.014418092394
179.393742706722 -38.8809107391737 510
350 20.9530232922519 484.008797028795
350 -23.9090909090905 510
350 -94.8181818181816 510
350 -165.536822894767 388.475973100204
350 -140.967288442426 387.046355783635
350 2.42810781651727 464.377478217702
290.792989662537 -39.677560086888 510
350 33.2487794092289 495.975789613232
82.759028627543 -33.1641707509136 510
350 47 412.857142857143
213.836515934369 -14.1166666875128 510
228.907176301985 -23.8319874525434 510
-26.7118836225287 -75.0015985507079 510
-33.3638220004333 19.9375529351086 510
-46.1919549505192 -3.27244739249716 510
-26.830059135556 -7.78696374953779 510
-185.989430104953 10.7687411957482 510
-132.118823839593 31.239622813686 510
-142.474263629426 15.6266456797175 510
-116.854153901435 19.5357004348621 510
-102.022176292087 -61.8412722275131 510
-104.803339382417 -82.3831939654536 510
-189.828414223147 -164.368605107641 510
-230.994619929967 -54.7230242821438 510
-219.783266523826 -39.5279427533098 510
-241.873271131362 -40.7904018662447 510
-320.043282945671 -46.4763933427134 510
-338.835310391412 -59.1181068777208 510
-318.474490644018 -67.6507888776629 510
-10.2326115184314 -166.325751908123 510
0.0606262397912474 -190.73012735728 510
-59.7606605271819 -66.2735797550777 510
-49.8449836111106 -150.061111648365 510
-64.3364507933232 -131.428248162958 510
-76.7137814065065 -151.487513699324 510
-212.387674148303 -92.9196997094258 510
-227.025390927278 -78.8146567332371 510
-229.01740685183 -105.811781744508 510
64.1048742903535 -96.5541404578026 510
90.0022840889956 -83 510
-120.510110721503 -53.4982437875289 510
-98.8614507849268 -140.243101253129 510
-95.6283508714375 -170.142056274814 510
-204.0573555806 -20.6873158624467 510
-182.749653106398 -12.1569702752942 510
-198.890246730601 -2.28422879641988 510
-156.325542941514 29.5354203603302 510
-115.172413793103 47 510
-139.655172413793 47 510
-99.9268748439022 30.6429861308459 510
-206.180831612581 12.358140113458 510
-181.72061736503 -32.3116622457825 510
36.3581242158883 -83.7640525414659 510
-44.9896885645068 -62.6126693257082 510
-29.3560923260805 -29.8672654692386 510
-17.2413793103445 47 510
-41.7241379310341 47 510
-66.2068965517237 47 510
38.6794470313642 -55.9651832910575 510
-135.090752568349 -22.4783403011885 510
-90.6896551724133 47 510
-212.292238987096 -58.3596237754762 510
-198.917214069082 -43.158493101557 510
-345.974139589754 33.3334365650769 510
-335.51724137931 47 510
-319.022440535472 30.882607323578 510
-311.034482758621 47 510
-338.452013139472 -0.134844713907995 510
-334.021993578116 20.9532959349852 510
-230.564899444853 -19.4487976319907 510
-219.427758219616 0.222181875367539 510
-243.700159402218 4.17140015378578 510
-341.969195946731 -39.5464872545644 510
-268.380838217622 -69.9316279860647 510
-293.59213397127 -58.3435222794736 510
-283.851030450315 -28.604329361097 510
-194.785308416596 -144.003791492564 510
-194.58443607112 -93.8019145784561 510
-182.799169112831 -112.219127407186 510
-176.221120665225 -90.6116927994827 510
-255.736836382979 -22.5547585345407 510
-268.554889867648 -3.50909218568145 510
-161.976682161433 -46.1122172058591 510
-206.487970048769 -109.624787071323 510
-223.413755550289 24.8753147930237 510
-213.103448275862 47 510
-237.586206896551 47 510
-180.735167882933 -52.308091196268 510
-180.147006591443 -131.771167938502 510
-45.1569638655718 -40.7753079214243 510
-159.150248021833 -71.5918237254425 510
-142.114100200772 -47.4470279231118 510
-304.950111248624 -82.9369371431238 510
-298.995619737814 -105.695577419652 510
-300.173631270201 -126.017840660882 510
-267.498932721893 -47.475429084685 510
-331.796529575273 -145.370295250752 510
-320.317178455186 -122.277854817183 510
-342.307433908648 -127.048340074561 510
-307.946582545168 -144.400271302844 510
-338.452013139472 -165.865155286092 510
-204.536192706413 -128.067403223812 510
-221.510402381028 -121.398097429327 510
-334.021993578116 -186.953295934985 510
-286.551724137931 -213 510
-262.068965517241 -213 510
-311.034482758621 -213 510
-317.167922401023 -195.245902903158 510
-335.51724137931 -213 510
-345.974139589754 -199.333436565077 510
-317.524165115126 -170.173487914706 510
-237.586206896551 -213 510
-151.896551724137 -191.718500729366 510
-127.254927063008 -198.269024988729 510
-123.225076109729 -175.502345647085 510
-139.655172413793 -213 510
-115.172413793103 -213 510
-122.379350424171 -134.376818899323 510
-62.7983331142242 -8.9827531569203 510
-136.850766667124 -114.231771822458 510
-91.6404172988042 -96.2874697200378 510
131.649993104797 -75.0060045731109 510
130.475649024472 -95.8591677057618 510
147.183488727078 -84.8944663619242 510
-42.5658616286635 -133.859901252194 510
-45.9874866949456 -20.3654676001434 510
-25.5880302528282 -147.388745446892 510
101.558447499729 -67.1282029295189 510
135.106993101546 -144.365127759037 510
-108.681943130131 -110.827373316244 510
-66.2068965517237 -213 510
-41.7241379310341 -213 510
-112.765573601468 -154.948984496932 510
40.4320883100502 -110.831026963345 510
-17.2413793103445 -213 510
-246.305037996402 -64.9249609341093 510
7.24137931034517 -213 510
31.7241379310348 -213 510
56.2068965517245 -213 510
66.7181514730943 -144.212900066537 510
105.172413793104 -213 510
116.047421642417 -114.114050149843 510
129.655172413793 -213 510
154.137931034483 -213 510
178.620689655173 -213 510
170.765150113595 -194.377789619078 510
190.557828941296 -190.28559145866 510
174.755421864794 -170.068678234636 510
198.640744986484 -168.40276556633 510
308.474490644019 -98.3492111223363 510
248.623557987356 -58.562997438796 510
267.570324214183 -62.029421604504 510
155.16884962942 -131.67069818775 510
78.0432241050897 -179.224116008629 510
350 -45.558873325035 251.388972491992
350 -28.7196735510592 264.844955415785
106.970205151756 -98.2692375811678 510
113.894634003182 -77.821272662325 510
310.298256321617 -43.7188872159097 510
350 -93.7927137285415 150.744556624918
350 -213 315.714285714286
350 -184.438081094703 315.220126830802
350 -195.116901120766 297.831025797828
350 -213 291.428571428572
350 -213 267.142857142858
137.423427728972 -44.217070921331 510
147.04684540162 -61.8558152259574 510
183.983531054432 -142.853631420271 510
350 -113.403157571906 331.519216706934
350 -21.1650449420866 456.784997679555
350 -42.9655889077842 418.708952842927
350 -168.997221052129 358.990305359978
350 -151.910573099564 374.01711555872
350 -183.773357832089 375.178283282622
350 -200.816135004405 376.428571428572
350 -95.2003676797441 346.511964409802
350 -82.4466397358964 329.038354566896
350 -74.1341141379416 355.545817963591
350 -129.135773774149 371.089577371386
350 -191.701796487584 396.338290975923
350 -213 388.571428571429
350 -213 412.857142857143
350 -126.739919951569 452.119881060243
350 -171.819386466759 411.645901970232
137.73714653193 -117.465042807662 510
350 -170.934261033078 336.318595254295
350 -168.570317309719 465.476937758067
350 -22.2404432886639 390.111618934704
350 -213 461.428571428572
350 -213 485.714285714286
350 -112.832668296549 354.431755820445
275.370139749583 -137.719539005008 510
286.521603053413 -158.68550444723 510
350 -165.862755422562 488.448021886749
350 -165.727272727273 510
350 -189.363636363636 510
350 -118.454545454545 510
350 -126.345222332578 491.856491549275
335.974139589753 -199.333436565075 510
350 -213 510
350 -199.248779409229 495.975789613232
325.51724137931 -213 510
301.034482758621 -213 510
276.551724137931 -213 510
268.462205485545 -158.92645171468 510
214.647406456447 -188.569158062722 510
210.982820674211 -129.668788186617 510
227.153280269497 -141.260911658092 510
231.725558944391 -123.260261911451 510
227.586206896552 -213 510
203.103448275862 -213 510
227.941958718076 -165.663362781228 510
247.124755992738 -144.044141345127 510
332.03423616062 -38.9785448386847 510
350 4.36859845474814 337.111394873113
309.335381627373 -65.771482242546 510
329.415250706686 -58.9539953509723 510
235.651849477355 -44.5536800867148 510
250.291583840486 -19.6258031530355 510
350 -71.1818181818179 510
350 -47.5454545454542 510
323.144795803699 -82.9999999999997 510
350 -139.34153812739 269.519547072732
350 -144.440229401862 208.368194910521
350 -34.0992907780121 134.855089261194
350 -40.3120952465001 113.097939016507
-126.046465493079 -1.13772894154764 510
-94.8967155000907 14.2397639467031 510
-184.549290617229 -72.8834879041211 510
-204.823166842519 -76.5453584196053 510
-196.263415679772 -60.6510108794055 510
-301.716193640739 -38.8856801687545 510
-83.1460210361834 -118.368759848366 510
-158.943364271295 -103.080145835534 510
42.6664462742964 -136.735542880182 510
213.836515934369 -151.883333312487 510
-23.3637914832912 -50.8534287029736 510
350 -143.505772858278 291.281026938405
350 -120.391293230387 296.972065580705
350 -38.16504386854 339.006712828804
350 -78.1726786791737 405.621476969016
350 -62.0309583203718 427.571908339825
350 3.37872192841513 359.306086412574
350 -60.3927926725089 259.264166559152
233.502358524015 -64.5221887208637 510
350 -56.6390479708424 406.31694904253
-28.9240664453623 -213 219.161179395765
-54.6878673654272 -213 222.178496066446
-45.6744946386081 -213 205.225317541803
-1.05706121109887 -213 46.928193246071
2.41019580968202 -213 20.1498974504612
22.780503631012 -213 26.8041812479683
-105.159821230174 -213 112.607758473659
-127.540198394129 -213 111.629231527033
-117.419109307988 -213 95.4027749453023
10.8975653130085 -213 83.9165757575714
-4.20949922276998 -213 98.2654532237354
-11.350290713691 -213 74.4985679958527
258.036412899823 -213 286.031833760812
246.154227611965 -213 312.056089707498
238.260605332758 -213 288.213227879833
-140.37150908187 -213 181.341595567155
-151.189926678617 -213 197.53369551044
-159.855750871638 -213 179.768401539464
20.5312645736705 -213 248.960904499725
18.0726408178794 -213 228.870980027479
37.3161380743321 -213 234.630829529113
127.623133643251 -213 206.592626722218
147.575374293698 -213 223.975081325538
125.120275690979 -213 232.2309225316
271.479100465044 -213 272.840190948473
264.612189622054 -213 254.590941586061
289.361723159096 -213 264.730378274689
90.0392273124413 -213 254.290889562906
89.5311870890982 -213 236.408988804871
106.801535278241 -213 242.458277798672
96.1948867050557 -213 151.025068069094
108.184901714698 -213 133.610888804007
118.783728051151 -213 151.983292007096
133.672639395952 -213 106.695486718553
116.925418762679 -213 96.9249212142061
129.233686495678 -213 84.1692128910096
218.401005485081 -213 411.977052736892
206.275956186889 -213 437.015820754734
192.177553514295 -213 412.94425264177
-263.417031822408 -213 65.1209772014267
-248.572337528792 -213 51.2313267071928
-246.311694057485 -213 79.7223191867206
169.997500072904 -213 74.6285006493621
180.169497767047 -213 91.4270493225422
156.085562577601 -213 99.3682476000209
287.295208361343 -213 24.7649010609999
282.185175846166 -213 52.8082107950081
263.798594583559 -213 38.1519703473896
74.2587075019671 -213 263.12842260547
63.4629040471488 -213 280.664144399553
53.247948418142 -213 252.412339458162
272.210215173235 -213 132.873320105314
258.175753362189 -213 150.230882327705
253.258820321067 -213 132.071858858196
248.427844824722 -213 172.898587335636
274.751198208386 -213 184.289584979862
254.32261143843 -213 201.894222177607
121.724074872486 -213 119.63878332792
143.694516252065 -213 123.789589089153
130.442757961683 -213 135.318587972559
307.227633125979 -213 324.570567283452
288.573639925313 -213 313.651846982482
309.317717100859 -213 304.548303926617
195.754237996219 -213 102.203421145453
215.163621629235 -213 109.964550108078
198.862926035063 -213 118.252831015364
121.615343054816 -213 186.489846100821
103.096868491654 -213 195.648854628945
105.852183946254 -213 171.486264925283
161.193237064507 -213 174.04690411806
192.811686075645 -213 178.805840467093
166.248527003207 -213 194.887986133439
279.713967550567 -213 210.874433571245
264.374213666165 -213 224.93047220583
68.0413764077605 -213 424.48778746457
86.1644366704668 -213 432.721912111551
72.4257568231313 -213 445.033593522672
284.351738289159 -213 291.499973121613
182.441667855317 -213 37.0898343838316
181.528252434466 -213 58.3212793594909
157.203002408728 -213 54.4152180578407
148.648260745635 -213 203.816652768377
212.158451061748 -213 92.0778244196939
169.586771802434 -213 148.825238038903
188.375145529163 -213 135.211477251564
185.744720586452 -213 159.514042870387
271.508796233734 -213 78.5345181225064
249.413304170121 -213 64.385647059738
265.591517297847 -213 60.0215971856249
149.129516922503 -213 74.469631294726
134.986744824355 -213 64.2500832246112
198.539815553262 -213 74.9111303977942
220.92299693913 -213 77.6488286449874
303.339386873865 -213 283.260258524387
312.309769015432 -213 264.161958034317
287.314171489627 -213 89.0122429017312
286.623400437492 -213 109.71373051681
272.338543452042 -213 96.8014150240336
308.163428826095 -213 115.087924209918
323.197484106225 -213 133.571428571429
293.90147748759 -213 130.820458918965
237.349986367716 -213 27.9439801868674
247.478938080524 -213 46.6886731892012
214.031086304959 -213 131.481823910124
234.309053831044 -213 146.385853607031
206.029155585809 -213 153.610945368915
308.723730193438 -213 92.0482887566698
328.371051905728 -213 109.285714285715
155.513647616534 -213 29.4213878154916
171.698152955389 -213 16.8261500696812
238.087526828537 -213 117.68181204508
189.250435068202 -213 16.7381908006556
133.313156671251 -213 45.6318304042479
209.492039259605 -213 27.2656330983075
111.34807177457 -213 32.8027074484883
134.304476445075 -213 21.6671505871009
263.412895793558 -213 18.1721703190514
199.459276282121 -213 50.5617133086258
306.475566181044 -213 44.1926440218441
305.634517021629 -213 18.7456886904275
323.137354674389 -213 26.8827541197087
335.490265807523 -213 14.4296165270761
328.677480878795 -213 47.5007827774059
320.114361626099 -213 69.1975457155586
331.441828745053 -213 88.1063097515887
282.762673294726 -213 156.882740959664
266.029367422506 -213 166.075448900717
296.155383867049 -213 70.7346279011748
263.511552410331 -213 113.187426205849
328.60118557294 -213 157.002001381023
331.476823492353 -213 176.652357313719
164.994270682644 -213 127.278718353111
180.990538715738 -213 112.4028826616
331.809754941942 -213 262.906097032756
326.307389069724 -213 282.557372556122
318.599376891204 -213 194.715210649913
306.517484119286 -213 242.284281022689
285.118179539835 -213 236.391112540941
304.976620150133 -213 219.769705993282
333.600649874679 -213 209.026744219772
327.626243219496 -213 228.703794980378
294.740982300452 -213 197.971503529948
295.330653390702 -213 179.56743151438
310.183554997621 -213 167.258860251943
186.957420382142 -213 199.766031417958
307.18352596233 -213 146.742458948922
324.586078528303 -213 247.562127634644
332.987945049026 -213 346.95484876356
324.363752094577 -213 362.995433330598
186.105080382949 -213 457.470196079606
177.980857822733 -213 432.963689241717
101.067389442252 -213 219.557668026122
200.657347661804 -213 389.932027713411
186.52635542427 -213 374.731820569673
210.947411910636 -213 374.056246914466
274.934143777968 -213 371.929101068225
297.909260953039 -213 356.98314143379
292.516949325969 -213 375.571558301753
69.3785884024679 -213 90.4539335727238
61.0877136097861 -213 67.4799488960855
83.0544505723219 -213 78.1340878569877
87.3228554333818 -213 181.864653543827
-1.35662302417882 -213 230.314824075634
-5.180210328035 -213 201.706563274766
10.8351933300571 -213 214.556218435233
9.8903811622576 -213 66.5946873980465
120.433587681956 -213 371.494352947338
124.208173124448 -213 355.895631714036
141.808627421068 -213 360.049428663002
109.19540091153 -213 433.846675697986
124.568852841849 -213 415.439145939503
137.109776259651 -213 433.866954816015
-109.539216141783 -213 281.11701085251
-130.2258888894 -213 267.09623176432
-106.609088735692 -213 255.984745753793
-95.3747359475501 -213 95.6572165260985
-78.8746882020653 -213 112.59767620367
107.292363989476 -213 266.177256012305
125.757704047247 -213 255.497428973041
126.676484955293 -213 277.469679174782
-53.4029478658342 -213 127.307520012281
-24.2083378080857 -213 130.165352386661
-37.0200602883744 -213 148.100392465946
-19.2234617412901 -213 158.672728594351
-33.5705856543856 -213 173.30810805032
50.2164697610475 -213 40.3662249026493
76.9543761488329 -213 28.6782398166603
69.9298056919843 -213 48.0331811936137
47.371439662889 -213 176.683362800854
48.1994106630054 -213 156.022117142991
66.6046059245298 -213 176.249819029823
96.9469137297848 -213 19.4764153869031
115.485409631265 -213 14.7892546844985
105.220342211125 -213 112.677052883235
68.2931813491011 -213 402.855885987697
91.5279875580796 -213 416.021104588666
61.6065829750799 -213 17.6261353826773
63.6881834556707 -213 107.285092047625
84.3913049450885 -213 102.04164771988
92.6428882167797 -213 41.2699906450968
112.787844833798 -213 59.9181846816896
43.9655172413799 -213 19.086212194077
-40.371676000252 -213 103.657366817587
-18.6164539359646 -213 108.716691091297
-61.5592828715742 -213 98.9693436418193
25.5480236441973 -213 52.6546840355141
-16.2394334157776 -213 26.6636379082489
-33.7501712591477 -213 18.1153734410492
-57.2683771066143 -213 25.121677874104
-26.2150317733236 -213 57.0808116108404
-102.171490954545 -213 13.8188611681828
-119.959687613872 -213 18.0517333695081
-83.3690125925277 -213 18.857281046876
-121.562949593614 -213 39.9704960320797
-101.66668560081 -213 32.1852914245298
-217.458795532963 -213 40.3632614599967
-204.379286556981 -213 54.9719036452043
-227.280184043043 -213 59.1610764794128
32.5208109312051 -213 78.3517538134664
52.1316803933286 -213 88.5595192577524
-0.641706558730334 -213 147.805959968841
0.243165235547735 -213 175.23209339007
-58.0036743708296 -213 411.205802690336
-81.5629425893488 -213 408.570598193382
-69.6017600642 -213 389.707210843
77.2209165164947 -213 335.277943827694
80.9644900481318 -213 316.371533727777
99.2684589978476 -213 334.35234073406
-172.07035797239 -213 488.078319701421
-188.10556627648 -213 245.280661414324
-168.767547510085 -213 248.859111532998
-182.760751475094 -213 267.965589923686
-102.603503941462 -213 52.6282492159515
-125.068682950932 -213 59.5958979793935
-130.47848889845 -213 195.438609249824
-225.363363852336 -213 82.7517065833008
-209.236934773275 -213 74.506661465004
-137.011063419617 -213 28.4599522641698
-155.934863804483 -213 18.0994902789045
-161.135385063784 -213 39.8685092587759
-177.734767090742 -213 22.1689898715767
-81.5310668077038 -213 42.8005484168389
-164.849972151952 -213 58.264558751008
-173.994354290554 -213 75.4475292218147
-182.155241424724 -213 52.1568746995751
-80.5303278723713 -213 64.4510523720719
-200.485321612182 -213 15.5972511384165
-143.068074034993 -213 48.9018519389257
21.3575037488191 -213 124.16141366083
-1.49803358920428 -213 118.878836746021
-149.111320800628 -213 67.8693186179166
-129.97348500106 -213 78.5225918824843
-155.351617322286 -213 84.9557501332232
-217.901325026797 -213 21.2787562248545
-239.404996082624 -213 31.4174129139373
-198.328185955368 -213 34.9871580365744
-254.494401780099 -213 16.2352689789755
-285.426431753559 -213 55.0377943947046
-296.866850711922 -213 75.9845310984453
-310.027038904852 -213 50.7632295511634
-272.952469397125 -213 87.8506688322034
-256.313391881975 -213 103.124768631831
-279.43475524836 -213 117.621618853482
-265.653159816485 -213 37.5527597054751
-271.995670635168 -213 18.6372487280931
-232.984363218709 -213 105.692962291601
-220.903822097797 -213 162.949912946906
-211.287733930558 -213 146.653760713596
-199.891779608829 -213 164.001069106367
-142.259599915792 -213 97.556943333538
-227.888013772424 -213 253.766507005737
-246.471488604275 -213 257.506295975983
-241.916803656262 -213 240.181292309643
-295.728205630617 -213 97.718236504786
-318.458718221423 -213 94.4713880369673
-341.608215661429 -213 103.593430541204
-333.015092005438 -213 142.308492182275
-201.802632721892 -213 484.510183939036
-263.457345193585 -213 340.104808503178
-245.303658274128 -213 341.316215497002
-257.625195518616 -213 356.980415245293
-340.027730724077 -213 461.442602137893
-213.573662426667 -213 179.92461633081
-235.959993694973 -213 169.284395850278
-330.880835698009 -213 118.64274471597
-338.701524387715 -213 86.2815913816522
-288.486917927714 -213 141.041081920442
-305.846528011539 -213 153.638444392936
-305.225919871131 -213 132.696635779828
-340.045412740185 -213 48.4982259692329
-308.386118431221 -213 112.44213339435
-330.299682127093 -213 29.7434503793545
-343.251887488906 -213 16.6861561302248
-290.73566915443 -213 29.1992749061836
-311.978204008872 -213 20.4996188329559
-315.171497222243 -213 74.4299521927262
-332.040144775411 -213 67.6630719415196
-251.067728154699 -213 124.619678025402
-96.0430709035055 -213 175.90652564644
-121.76528809343 -213 175.680939049801
-104.576780662506 -213 153.658183067338
-0.980839850635448 -213 301.283258446188
-29.0952428780557 -213 305.46670146575
-12.9130660933162 -213 277.607546391341
-207.512998890805 -213 254.646806409007
-202.433851446861 -213 229.614974120371
-278.468646870896 -213 251.574850402067
-282.558203258673 -213 232.016329379454
-261.311448684332 -213 239.469993477596
-275.574015707138 -213 275.988837849952
-300.679692515959 -213 262.374340419725
-195.320924448471 -213 129.576941486503
-182.215829780613 -213 150.441065389819
22.3531668087553 -213 349.150650333092
-2.5261912115044 -213 354.840854030904
6.14556913373258 -213 338.794819443264
-61.9166019403748 -213 75.5970352502574
-39.6964166640385 -213 79.4651146997191
-156.860814329645 -213 217.717719277715
-179.052682059555 -213 225.316825085559
-172.169110567896 -213 200.003717194611
-49.2536858356468 -213 185.407380744086
-29.9307308827381 -213 194.110164543515
42.343254486559 -213 59.7131529119288
-55.0263953976016 -213 54.5494121315428
-158.616118379091 -213 235.16219473865
-146.069184586835 -213 250.212335707994
-193.171032139607 -213 86.2588672946946
-167.388681427014 -213 99.9646790316609
-134.555149191473 -213 216.065209415479
-243.527802111693 -213 220.527052178342
-226.295552700789 -213 233.611539800464
-173.283579048354 -213 123.765872728158
25.976742399621 -213 215.696703385324
-238.486481149134 -213 364.385761420548
-223.875494939874 -213 342.983001989563
-209.717515421925 -213 365.646471941078
-88.6390914508777 -213 272.526152742178
-86.4321147689334 -213 245.289377959086
-68.5767022882574 -213 264.690236881445
-80.1509855217026 -213 222.761113601801
-67.1928048034499 -213 203.029608012312
-167.028360487916 -213 282.837578256017
-182.463805520173 -213 289.480385104779
-184.234000855632 -213 177.587680586846
-165.42440642282 -213 161.492512095215
-187.066444004239 -213 384.723120696064
-209.173537234539 -213 386.940974867889
-192.481971630361 -213 68.5384658074127
-229.406401657141 -213 202.56835719541
-215.886488977533 -213 216.938011677907
-137.982758029574 -213 306.454712124456
-161.031736239309 -213 321.601512580454
-164.022969565535 -213 301.024548204512
-337.57156893454 -213 206.796745656546
-337.629992386712 -213 183.237645401645
-319.449545777389 -213 199.480947919428
-328.498096855777 -213 262.401550345449
-320.273159913312 -213 241.908171889711
-293.4862625765 -213 210.349828736563
-301.651161502577 -213 236.70693376649
-341.24811066851 -213 244.458135766389
-335.109463185929 -213 226.119119597383
-314.452434751123 -213 219.388951442829
-327.709203587077 -213 308.204101814822
-346.07073058768 -213 304.026223231333
-338.397628152092 -213 285.361007799935
-343.330542951636 -213 160.413761797641
-266.9533907417 -213 141.328379259001
-306.114911960817 -213 179.283457379435
-284.973995765842 -213 159.920331316962
-155.758330937672 -213 141.202541212494
-146.432983577442 -213 162.839544817583
-111.089472015746 -213 190.808524651002
-267.104585676342 -213 220.159607975787
-37.0754790418887 -213 281.270804150097
-49.057688841393 -213 261.415222575067
-29.6585642985423 -213 261.563760951791
-55.4425898684423 -213 166.234922795863
-56.924816092771 -213 146.838383611151
-105.906815965723 -213 226.406162852193
51.4309333577062 -213 311.256133078348
60.6272911383916 -213 331.055821560282
40.4829852000035 -213 329.203861891121
199.870994168972 -213 478.617035259826
206.602600092693 -213 459.981759687672
-126.999508325129 -213 151.435127655109
-115.198868654395 -213 132.715087697286
-203.873572187749 -213 278.063996001991
-71.7906651515048 -213 427.327391678259
-50.3158530458401 -213 438.292957294946
127.04377270599 -213 338.433064577872
89.3227769684316 -213 397.741241120482
97.4346683510158 -213 379.925496640757
107.722005532481 -213 406.742231712716
216.923624300218 -213 491.522642515318
-37.9982749937376 -213 37.4468119300284
155.01825725778 -213 398.663819952845
135.638952201703 -213 390.84800741196
154.740318995901 -213 380.478392711078
47.2333194233811 -213 345.980792279974
313.004864622889 -213 342.484188253117
291.794023006967 -213 335.779488824663
142.933826949691 -213 186.853349180344
-311.521573941134 -213 439.186663887486
-322.618056100901 -213 418.082483106318
-296.230563874631 -213 427.801245616246
242.961997939694 -213 225.994879512233
237.779654958574 -213 249.402040600976
223.636122014967 -213 229.769736476149
-300.84961410893 -213 335.308901554389
-280.848984250496 -213 324.396572192647
-280.612139946947 -213 356.294414420274
39.5698381464202 -213 107.997287357403
205.95669442014 -213 229.191879667314
210.876951932505 -213 212.365433821449
173.645772517005 -213 390.661133049958
13.8849434138564 -213 276.523406023596
29.4983224788081 -213 296.789620443021
-272.744799294828 -213 492.644731761544
-264.734745735623 -213 465.782376962005
-255.535448701778 -213 487.85798433139
-330.299682127093 -213 480.256549620646
-342.37441311246 -213 495.605264240275
-1.0291730962665 -213 323.470661317873
-18.0568649653993 -213 338.693354057618
-178.253643261609 -213 408.532922960222
-204.429434371933 -213 406.366472311357
-313.574694267935 -213 286.298114432849
-71.44821743907 -213 339.99057495848
-95.4607258044157 -213 342.32128786267
-81.4323828173387 -213 319.775830286053
58.7972837587134 -213 223.376050325548
332.63924293965 -213 303.851488314794
-93.5394664039927 -213 297.917875650149
197.169648429676 -213 301.39164937517
171.941321199914 -213 290.091916946817
189.429649190329 -213 280.400157501689
-128.101773281258 -213 287.807804164618
-148.802101555697 -213 287.65034003449
-325.807749300099 -213 163.838252185391
-342.967035487806 -213 347.349816365402
-339.551015874292 -213 325.884871926959
-180.722249414478 -213 309.949658854433
-180.042817964115 -213 333.033480843281
-332.60747449831 -213 364.017889860954
-344.478101500765 -213 379.47243960076
-322.676687066427 -213 342.560605753385
230.411583190894 -213 95.6611918021571
237.446553316283 -213 77.5709054422087
252.093203023326 -213 92.0600756969967
327.571108527667 -213 325.008907948371
250.558802944707 -213 449.644656362881
261.699605031804 -213 471.969464738249
240.849645763043 -213 466.332953305968
167.025605932308 -213 240.257225004387
143.324197533258 -213 243.942348031548
-28.0688452818971 -213 493.726051020946
-36.7692685593482 -213 466.566166131853
-13.4843546158668 -213 481.398662653722
-19.6539324233592 -213 398.672360018202
-18.4323802949304 -213 425.858350458314
-36.8264859960526 -213 417.376706950515
84.4150267961895 -213 164.958841414953
333.915068249052 -213 379.648339784257
335.12473396731 -213 400.714285714286
316.855019939112 -213 393.551333351352
170.382861697514 -213 332.869556425242
150.316150606564 -213 339.750889412795
160.539847438799 -213 312.239522354589
167.702451886928 -213 213.640226695962
88.839537706702 -213 275.820584576231
101.884010472625 -213 292.477093704142
224.828957784887 -213 386.301040988599
301.422244906975 -213 462.351779835592
322.005017027495 -213 479.406197333979
305.905582254527 -213 492.060008302531
-12.6165900415363 -213 254.813473383488
-23.1221438667268 -213 239.54136680351
-77.8975837878619 -213 84.6881612888393
-142.330363409335 -213 233.704982088984
24.591569780624 -213 150.788487541343
42.2333284205779 -213 277.007288988201
35.9075202927755 -213 259.482515434076
-257.307864616276 -213 197.366878976299
123.538334308639 -213 300.261821559162
145.742041176704 -213 292.937057939443
-90.6722873925776 -213 427.227009976277
-109.582465297937 -213 429.078638339297
-104.025572852819 -213 409.209166097753
-211.099647217679 -213 96.2657281384304
-192.694698749361 -213 108.879575909324
76.4804971512494 -213 296.153162698293
-275.447624193278 -213 202.217412582625
-239.298750723216 -213 186.58586235912
-18.3156737083358 -213 321.093385331896
-263.799653628783 -213 262.772430640803
-254.280986910416 -213 279.538806295897
-311.196384004853 -213 377.303478945561
-289.897638888771 -213 377.363902919201
-302.957341117441 -213 400.196478912488
-304.127112663995 -213 356.273552437732
-267.724879978663 -213 302.815872887743
-254.487857853253 -213 320.993082893561
-287.465179372412 -213 411.641684682531
-278.531644793569 -213 397.486878891872
-327.611891491852 -213 390.62587444977
-344.104608623191 -213 403.916401476428
-225.293091754256 -213 380.947043045278
-243.989769187969 -213 300.626549081071
-232.733473785806 -213 320.975542714971
-227.523680737573 -213 275.484649422642
-318.335696550856 -213 324.063214455709
-304.128155548195 -213 311.482483898592
-290.421737044731 -213 293.892703613584
-66.3359668724031 -213 292.399859382279
-47.0026513040052 -213 297.480017980416
-54.2458446673387 -213 318.687217108547
-310.289882299418 -213 459.305697006243
-243.158849174265 -213 389.069755520656
-224.613821166805 -213 400.067699367759
-112.147501511621 -213 319.562290111966
-139.694901143857 -213 326.918525488853
-75.8347143999263 -213 447.532166103224
-101.764801126357 -213 452.248597705158
21.9045197731641 -213 320.988413881065
130.297724797316 -213 457.446359387295
112.577122684255 -213 479.430011564685
106.9669290441 -213 456.258931739777
-127.42163123982 -213 487.878776343141
-113.0041979331 -213 473.426947069141
-104.398679252672 -213 491.09813320656
-125.136270917004 -213 417.14862099839
-239.375285497523 -213 459.466917034225
-218.692762308646 -213 469.33193221638
-236.189168526882 -213 479.727218898682
-266.644766993938 -213 440.388915679591
-247.245298839116 -213 440.643755357449
-79.9185838106845 -213 467.099543116899
-307.615359869703 -213 486.776897516088
-292.103591759074 -213 463.331111606893
-226.728429841217 -213 422.957640671201
-221.574770530283 -213 493.134486296285
-284.659677650823 -213 447.500567659044
-331.369737982362 -213 440.904113039085
-220.692875887492 -213 449.236503408292
-287.508630150348 -213 481.327720075147
-324.300193303005 -213 496.638326607443
-343.618480541291 -213 422.580599524366
-272.731117053394 -213 422.814427908292
-199.488925286814 -213 455.981019465417
-195.209963517214 -213 434.773893786607
-215.364708414915 -213 325.377870948534
-200.056652931797 -213 315.652795963317
-201.647132593335 -213 340.196149415243
-151.44439734442 -213 479.891594495863
-125.795215815535 -213 460.203491657733
-151.896551724137 -213 497.430932566972
-152.134549376394 -213 452.44086486349
-126.313394200926 -213 439.559796918905
-143.179766463414 -213 428.177088746237
-83.3882172696948 -213 489.44969667831
-166.041244990454 -213 467.523667762422
-176.517694377044 -213 451.077928932984
-165.682424755216 -213 428.556268574317
-159.790600803755 -213 375.577148595255
-143.900960332082 -213 362.359220840962
-139.241920850066 -213 380.976343192808
102.430636387488 -213 317.723438177555
-115.066765883959 -213 299.156517353756
-96.0402558284292 -213 475.84304319447
61.3531162381481 -213 381.370291286282
78.2365119877963 -213 385.838600669227
156.401371331504 -213 447.948392004858
158.050421026735 -213 429.443813521507
91.3640381391129 -213 448.686590820401
86.5459509185803 -213 466.335736470313
-47.2849308232544 -213 491.926954186961
-64.7928822583704 -213 478.727514921353
-2.05689125887562 -213 436.81124240113
-15.4594066118847 -213 452.431752647651
66.5236621170389 -213 487.129596948969
43.9655172413799 -213 476.770146680334
57.3607471286763 -213 461.404485260746
2.54339191382172 -213 492.256755674884
21.9770632718543 -213 486.634281475892
43.9655172413799 -213 495.639843561062
31.041241170414 -213 457.953170058668
6.44855573549012 -213 463.147453881292
17.3536265591395 -213 435.427471683787
25.94562175499 -213 417.612726607519
5.00217629642367 -213 414.897911863665
74.7788170322848 -213 367.300088310915
141.201704125321 -213 483.760996772688
90.3017609370784 -213 490.579068996793
125.805483475771 -213 492.645895733092
160.885766090258 -213 489.335524878787
166.805805303145 -213 470.864708048905
147.88717099905 -213 465.064800002355
221.35861157333 -213 472.559042759838
237.673329880837 -213 485.232599392618
176.554816238271 -213 264.198091432365
180.384705650061 -213 488.558119536429
226.231475234217 -213 453.667266397626
221.576478445238 -213 320.912915229635
200.583978505226 -213 324.502909934309
-57.6906319813289 -213 458.796240098877
45.0779916741915 -213 436.565049008452
-29.5913201471046 -213 440.552279695259
27.1846288507438 -213 176.765049056412
209.870992872602 -213 192.523429836847
231.054045798367 -213 205.510795502774
270.292243709353 -213 322.166993760201
254.930646563135 -213 337.087085632343
267.819192149477 -213 303.584867067796
330.095998982008 -213 460.80473818561
144.323287920395 -213 417.167677471393
310.558071871971 -213 416.038972754995
268.937211583566 -213 351.420357356733
299.843147178761 -213 438.06742137247
276.480850041033 -213 448.18314160196
213.478804404062 -213 343.017833792676
199.617793569066 -213 359.584716183981
188.346107437036 -213 341.905638552887
333.341273764523 -213 421.415357976642
321.023562983333 -213 440.32353141393
286.612488331943 -213 485.7096163202
264.310344827587 -213 492.865266052834
310.061942886561 -213 376.726748536145
270.195896034861 -213 393.209734051697
292.8398174219 -213 397.439947656579
286.621007512087 -213 422.178282353187
332.220046182039 -213 493.989882746599
281.553797077938 -213 467.053500624
235.265612629612 -213 430.92474651716
243.414357051785 -213 403.796473499266
262.078741430704 -213 422.156759177102
79.3143798422402 -213 223.869282349908
77.8314943116791 -213 202.119653386787
276.370417838952 -213 410.552752104673
-239.279831647006 -213 149.414644965048
-231.440636190442 -213 130.53569415145
-213.147490572787 -213 119.504595286658
-258.010518167375 -213 169.786680663681
-281.826255170253 -213 183.486642868568
-219.078364183023 -213 302.899856549383
-22.7947230595108 -213 92.616446282482
-104.206815359224 -213 76.4429079290012
-279.665695921253 -213 70.998492881695
87.8903171217086 -213 58.7112153432261
-73.129633534271 -213 132.405442097385
103.02844640132 -213 83.682073459072
225.10578376352 -213 55.2302359556196
147.626485149401 -213 148.075047601396
131.144915008702 -213 169.205404627069
5.33643630186839 -213 259.879464583364
234.360031974975 -213 338.602546441509
71.7929330280296 -213 149.641196706678
115.290485129501 -213 390.18059529011
220.229143838179 -213 169.894772636513
252.432014046622 -213 238.729583476275
213.785491432155 -213 248.776869928773
181.493960784694 -213 317.166865598169
188.799781172008 -213 220.840907320655
191.420210169812 -213 244.127317659465
42.4086018028988 -213 376.207263646107
17.8696982356979 -213 372.32927173801
36.4836660278031 -213 359.509938769312
232.530499339568 -213 186.703573276389
25.1252154084633 -213 398.115348221993
-76.8653504143241 -213 364.80336434818
-94.0290902384301 -213 389.810088091361
-119.872031354941 -213 392.709954304743
-34.7513355505474 -213 326.613486311645
6.73397432953874 -213 391.787883654712
-22.8389274245069 -213 361.252161387075
-39.7884360460345 -213 371.332572210603
-47.2002024326704 -213 349.771801907826
-157.506396424038 -213 346.118382901027
-198.134866888864 -213 297.694168170554
-167.831895896763 -213 393.186546619055
-120.807612107723 -213 342.705198910309
-115.540055451279 -213 206.207474697981
-92.9703008769191 -213 199.778757153743
-138.430628411195 -213 346.165932670938
-241.235302572793 -213 407.16318795134
-261.96121080582 -213 376.628613907278
-150.387894737965 -213 403.477940544792
-200.409003171242 -213 204.177193364363
-258.855311647137 -213 402.57562383373
-157.092174323082 -213 268.067028012617
-254.03668368617 -213 421.830704587175
-183.058890790321 -213 468.254087472952
-44.0088740053562 -213 392.634797475727
-125.858498955526 -213 365.452003239412
-100.766529774342 -213 366.22403564462
170.575756279666 -213 361.104461733001
166.742954653894 -213 414.163889119837
87.9193872748218 -213 353.538901792931
44.6281825624201 -213 414.505338126477
107.546704688776 -213 353.60568066793
52.621197091098 -213 292.374069921483
47.4971132132769 -213 197.69646597419
66.4311022846324 -213 348.244664556779
54.7426160227229 -213 362.966695535976
139.031044908787 -213 315.782328368995
250.136226736111 -213 375.814019213965
246.517575112977 -213 353.839898086228
225.417397863909 -213 362.230425853598
222.563057816325 -213 299.481645465778
199.641821567509 -213 264.746726830414
205.873476915449 -213 283.391443966275
247.900001567658 -213 270.354602766254
120.499867667131 -213 319.872884127842
151.150207562241 -213 266.319034840271
46.9577837294789 -213 395.380937724442
-5.33647230700115 -213 377.332390571228
-24.476602210087 -213 380.104742031032
223.834201564486 -213 273.65649814325
82.0650393084609 -213 127.463408815028
73.5120323091642 -213 241.751807579889
43.4995187762332 -213 214.781670559836
54.5926495382583 -213 127.194755562962
16.663416784999 -213 196.19202141296
37.0824609047903 -213 135.458127603556
13.812198790834 -213 163.836639620726
17.664758503927 -213 102.604097450924
-93.8112960493302 -213 131.764977053507
-150.829736444073 -213 116.970922454147
-134.861835515226 -213 130.318676666512
-124.331267886852 -213 242.12176529507
-72.8190670153546 -213 180.680725473894
-75.7659907006797 -213 153.307918662246
-64.090522124736 -213 242.28287047398
-42.0943306587039 -213 240.610887373017
-17.5323646741802 -213 180.605931570604
-54.9519212712693 -213 277.681869968881
-57.4506697005119 -213 376.390728063691
-180.498481186616 -213 358.399822704414
-28.9240664453623 47 219.161179395765
-1.35662302417882 47 230.314824075634
-5.180210328035 47 201.706563274766
107.722005532481 47 406.742231712716
89.3227769684316 47 397.741241120482
91.5279875580796 47 416.021104588666
-158.616118379091 47 235.16219473865
-179.052682059555 47 225.316825085559
-168.767547510085 47 248.859111532998
53.247948418142 47 252.412339458162
74.2587075019671 47 263.12842260547
73.5120323091642 47 241.751807579889
-177.734767090742 47 22.1689898715767
-161.135385063784 47 39.8685092587759
-155.934863804483 47 18.0994902789045
-64.090522124736 47 242.28287047398
-42.0943306587039 47 240.610887373017
-54.6878673654272 47 222.178496066446
-80.5303278723713 47 64.4510523720719
-81.5310668077038 47 42.8005484168389
-102.603503941462 47 52.6282492159515
111.34807177457 47 32.8027074484883
92.6428882167797 47 41.2699906450968
112.787844833798 47 59.9181846816896
-18.3156737083358 47 321.093385331896
-29.0952428780557 47 305.46670146575
-34.7513355505474 47 326.613486311645
220.229143838179 47 169.894772636513
192.811686075645 47 178.805840467093
209.870992872602 47 192.523429836847
130.442757961683 47 135.318587972559
118.783728051151 47 151.983292007096
147.626485149401 47 148.075047601396
143.694516252065 47 123.789589089153
121.724074872486 47 119.63878332792
25.1252154084633 47 398.115348221993
46.9577837294789 47 395.380937724442
42.4086018028988 47 376.207263646107
-53.4029478658342 47 127.307520012281
-24.2083378080857 47 130.165352386661
-40.371676000252 47 103.657366817587
157.203002408728 47 54.4152180578407
134.986744824355 47 64.2500832246112
149.129516922503 47 74.469631294726
58.7972837587134 47 223.376050325548
79.3143798422402 47 223.869282349908
164.994270682644 47 127.278718353111
107.546704688776 47 353.60568066793
120.433587681956 47 371.494352947338
124.208173124448 47 355.895631714036
327.626243219496 47 228.703794980378
331.809754941942 47 262.906097032756
326.307389069724 47 282.557372556122
333.600649874679 47 209.026744219772
224.828957784887 47 386.301040988599
250.136226736111 47 375.814019213965
225.417397863909 47 362.230425853598
332.63924293965 47 303.851488314794
318.599376891204 47 194.715210649913
331.476823492353 47 176.652357313719
304.976620150133 47 219.769705993282
272.338543452042 47 96.8014150240336
263.511552410331 47 113.187426205849
286.623400437492 47 109.71373051681
323.197484106225 47 133.571428571429
328.371051905728 47 109.285714285715
328.60118557294 47 157.002001381023
237.446553316283 47 77.5709054422087
249.413304170121 47 64.385647059738
225.10578376352 47 55.2302359556196
155.513647616534 47 29.4213878154916
182.441667855317 47 37.0898343838316
247.478938080524 47 46.6886731892012
189.250435068202 47 16.7381908006556
134.304476445075 47 21.6671505871009
133.672639395952 47 106.695486718553
263.412895793558 47 18.1721703190514
237.349986367716 47 27.9439801868674
215.163621629235 47 109.964550108078
212.158451061748 47 92.0778244196939
195.754237996219 47 102.203421145453
116.925418762679 47 96.9249212142061
296.155383867049 47 70.7346279011748
282.185175846166 47 52.8082107950081
271.508796233734 47 78.5345181225064
287.314171489627 47 89.0122429017312
252.093203023326 47 92.0600756969967
305.634517021629 47 18.7456886904275
263.798594583559 47 38.1519703473896
287.295208361343 47 24.7649010609999
306.475566181044 47 44.1926440218441
171.698152955389 47 16.8261500696812
335.490265807523 47 14.4296165270761
323.137354674389 47 26.8827541197087
328.677480878795 47 47.5007827774059
320.114361626099 47 69.1975457155586
206.029155585809 47 153.610945368915
156.085562577601 47 99.3682476000209
331.441828745053 47 88.1063097515887
177.980857822733 47 432.963689241717
158.050421026735 47 429.443813521507
156.401371331504 47 447.948392004858
282.762673294726 47 156.882740959664
266.029367422506 47 166.075448900717
274.751198208386 47 184.289584979862
-1.49803358920428 47 118.878836746021
-4.20949922276998 47 98.2654532237354
-18.6164539359646 47 108.716691091297
180.990538715738 47 112.4028826616
198.862926035063 47 118.252831015364
309.317717100859 47 304.548303926617
303.339386873865 47 283.260258524387
258.175753362189 47 150.230882327705
248.427844824722 47 172.898587335636
307.18352596233 47 146.742458948922
310.183554997621 47 167.258860251943
265.591517297847 47 60.0215971856249
209.492039259605 47 27.2656330983075
214.031086304959 47 131.481823910124
238.087526828537 47 117.68181204508
308.163428826095 47 115.087924209918
63.6881834556707 47 107.285092047625
69.3785884024679 47 90.4539335727238
52.1316803933286 47 88.5595192577524
129.233686495678 47 84.1692128910096
103.02844640132 47 83.682073459072
279.713967550567 47 210.874433571245
294.740982300452 47 197.971503529948
135.638952201703 47 390.84800741196
124.568852841849 47 415.439145939503
144.323287920395 47 417.167677471393
306.517484119286 47 242.284281022689
289.361723159096 47 264.730378274689
312.309769015432 47 264.161958034317
-26.2150317733236 47 57.0808116108404
-11.350290713691 47 74.4985679958527
-1.05706121109887 47 46.928193246071
39.5698381464202 47 107.997287357403
54.5926495382583 47 127.194755562962
-341.24811066851 47 244.458135766389
-335.109463185929 47 226.119119597383
21.9770632718543 47 486.634281475892
2.54339191382172 47 492.256755674884
108.184901714698 47 133.610888804007
105.220342211125 47 112.677052883235
82.0650393084609 47 127.463408815028
188.375145529163 47 135.211477251564
169.586771802434 47 148.825238038903
-83.3690125925277 47 18.857281046876
-101.66668560081 47 32.1852914245298
40.4829852000035 47 329.203861891121
22.3531668087553 47 349.150650333092
47.2333194233811 47 345.980792279974
0.243165235547735 47 175.23209339007
-0.641706558730334 47 147.805959968841
-19.2234617412901 47 158.672728594351
-127.540198394129 47 111.629231527033
-117.419109307988 47 95.4027749453023
-142.259599915792 47 97.556943333538
-22.7947230595108 47 92.616446282482
-37.0754790418887 47 281.270804150097
-29.6585642985423 47 261.563760951791
-49.057688841393 47 261.415222575067
-246.311694057485 47 79.7223191867206
-227.280184043043 47 59.1610764794128
-248.572337528792 47 51.2313267071928
-239.404996082624 47 31.4174129139373
-254.494401780099 47 16.2352689789755
-265.653159816485 47 37.5527597054751
-93.8112960493302 47 131.764977053507
-105.159821230174 47 112.607758473659
-115.198868654395 47 132.715087697286
109.19540091153 47 433.846675697986
-271.995670635168 47 18.6372487280931
-290.73566915443 47 29.1992749061836
-258.010518167375 47 169.786680663681
-239.298750723216 47 186.58586235912
-235.959993694973 47 169.284395850278
-279.43475524836 47 117.621618853482
-272.952469397125 47 87.8506688322034
-295.728205630617 47 97.718236504786
-66.3359668724031 47 292.399859382279
-93.5394664039927 47 297.917875650149
-81.4323828173387 47 319.775830286053
-343.330542951636 47 160.413761797641
-337.629992386712 47 183.237645401645
-325.807749300099 47 163.838252185391
-241.916803656262 47 240.181292309643
-246.471488604275 47 257.506295975983
-227.888013772424 47 253.766507005737
-200.485321612182 47 15.5972511384165
-217.901325026797 47 21.2787562248545
-192.481971630361 47 68.5384658074127
-209.236934773275 47 74.506661465004
-193.171032139607 47 86.2588672946946
-279.665695921253 47 70.998492881695
-285.426431753559 47 55.0377943947046
-296.866850711922 47 75.9845310984453
-266.9533907417 47 141.328379259001
-284.973995765842 47 159.920331316962
-256.313391881975 47 103.124768631831
-232.984363218709 47 105.692962291601
-125.068682950932 47 59.5958979793935
-121.562949593614 47 39.9704960320797
-143.068074034993 47 48.9018519389257
-172.07035797239 47 488.078319701421
-201.802632721892 47 484.510183939036
-236.189168526882 47 479.727218898682
-255.535448701778 47 487.85798433139
-288.486917927714 47 141.041081920442
-305.225919871131 47 132.696635779828
-305.846528011539 47 153.638444392936
-307.615359869703 47 486.776897516088
-330.299682127093 47 480.256549620646
-324.300193303005 47 496.638326607443
-281.826255170253 47 183.486642868568
-306.114911960817 47 179.283457379435
-330.880835698009 47 118.64274471597
-341.608215661429 47 103.593430541204
-344.104608623191 47 403.916401476428
-331.369737982362 47 440.904113039085
-343.618480541291 47 422.580599524366
-333.015092005438 47 142.308492182275
-332.040144775411 47 67.6630719415196
-340.045412740185 47 48.4982259692329
-338.701524387715 47 86.2815913816522
-225.363363852336 47 82.7517065833008
-308.386118431221 47 112.44213339435
-318.458718221423 47 94.4713880369673
-311.978204008872 47 20.4996188329559
-330.299682127093 47 29.7434503793545
-251.067728154699 47 124.619678025402
-343.251887488906 47 16.6861561302248
-57.2683771066143 47 25.121677874104
-73.129633534271 47 132.405442097385
-78.8746882020653 47 112.59767620367
-33.7501712591477 47 18.1153734410492
-164.849972151952 47 58.264558751008
10.8975653130085 47 83.9165757575714
-16.2394334157776 47 26.6636379082489
-37.9982749937376 47 37.4468119300284
-104.206815359224 47 76.4429079290012
-55.0263953976016 47 54.5494121315428
-149.111320800628 47 67.8693186179166
-129.97348500106 47 78.5225918824843
-137.011063419617 47 28.4599522641698
-119.959687613872 47 18.0517333695081
-102.171490954545 47 13.8188611681828
-198.328185955368 47 34.9871580365744
-217.458795532963 47 40.3632614599967
-173.994354290554 47 75.4475292218147
-182.155241424724 47 52.1568746995751
-95.3747359475501 47 95.6572165260985
-77.8975837878619 47 84.6881612888393
-61.9166019403748 47 75.5970352502574
-61.5592828715742 47 98.9693436418193
-39.6964166640385 47 79.4651146997191
-146.069184586835 47 250.212335707994
166.248527003207 47 194.887986133439
186.957420382142 47 199.766031417958
-109.539216141783 47 281.11701085251
-88.6390914508777 47 272.526152742178
-106.609088735692 47 255.984745753793
21.3575037488191 47 124.16141366083
17.664758503927 47 102.604097450924
68.0413764077605 47 424.48778746457
44.6281825624201 47 414.505338126477
45.0779916741915 47 436.565049008452
-231.440636190442 47 130.53569415145
-239.279831647006 47 149.414644965048
-104.576780662506 47 153.658183067338
-75.7659907006797 47 153.307918662246
-165.42440642282 47 161.492512095215
-159.855750871638 47 179.768401539464
-146.432983577442 47 162.839544817583
-173.283579048354 47 123.765872728158
-150.829736444073 47 116.970922454147
-167.388681427014 47 99.9646790316609
-156.860814329645 47 217.717719277715
-29.9307308827381 47 194.110164543515
37.3161380743321 47 234.630829529113
-126.999508325129 47 151.435127655109
-155.758330937672 47 141.202541212494
36.4836660278031 47 359.509938769312
17.8696982356979 47 372.32927173801
-337.57156893454 47 206.796745656546
-282.558203258673 47 232.016329379454
-267.104585676342 47 220.159607975787
-293.4862625765 47 210.349828736563
-314.452434751123 47 219.388951442829
-275.447624193278 47 202.217412582625
-211.287733930558 47 146.653760713596
-220.903822097797 47 162.949912946906
-155.351617322286 47 84.9557501332232
-313.574694267935 47 286.298114432849
-290.421737044731 47 293.892703613584
-300.679692515959 47 262.374340419725
-328.498096855777 47 262.401550345449
-320.273159913312 47 241.908171889711
-310.027038904852 47 50.7632295511634
-315.171497222243 47 74.4299521927262
-18.4323802949304 47 425.858350458314
-29.5913201471046 47 440.552279695259
-15.4594066118847 47 452.431752647651
-202.433851446861 47 229.614974120371
-200.409003171242 47 204.177193364363
-215.886488977533 47 216.938011677907
-319.449545777389 47 199.480947919428
-33.5705856543856 47 173.30810805032
-37.0200602883744 47 148.100392465946
-55.4425898684423 47 166.234922795863
51.4309333577062 47 311.256133078348
52.621197091098 47 292.374069921483
29.4983224788081 47 296.789620443021
-72.8190670153546 47 180.680725473894
-96.0430709035055 47 175.90652564644
-182.215829780613 47 150.441065389819
-199.891779608829 47 164.001069106367
-184.234000855632 47 177.587680586846
-195.320924448471 47 129.576941486503
-229.406401657141 47 202.56835719541
-257.307864616276 47 197.366878976299
-243.527802111693 47 220.527052178342
86.1644366704668 47 432.721912111551
61.3531162381481 47 381.370291286282
74.7788170322848 47 367.300088310915
54.7426160227229 47 362.966695535976
21.9045197731641 47 320.988413881065
-159.790600803755 47 375.577148595255
-139.241920850066 47 380.976343192808
-143.900960332082 47 362.359220840962
254.32261143843 47 201.894222177607
313.004864622889 47 342.484188253117
297.909260953039 47 356.98314143379
324.363752094577 47 362.995433330598
-346.07073058768 47 304.026223231333
-218.692762308646 47 469.33193221638
-221.574770530283 47 493.134486296285
310.558071871971 47 416.038972754995
299.843147178761 47 438.06742137247
321.023562983333 47 440.32353141393
89.5311870890982 47 236.408988804871
-57.6906319813289 47 458.796240098877
-50.3158530458401 47 438.292957294946
-75.8347143999263 47 447.532166103224
57.3607471286763 47 461.404485260746
43.9655172413799 47 476.770146680334
66.5236621170389 47 487.129596948969
161.193237064507 47 174.04690411806
237.673329880837 47 485.232599392618
261.699605031804 47 471.969464738249
240.849645763043 47 466.332953305968
305.905582254527 47 492.060008302531
-109.582465297937 47 429.078638339297
-125.136270917004 47 417.14862099839
-126.313394200926 47 439.559796918905
-344.478101500765 47 379.47243960076
87.8903171217086 47 58.7112153432261
147.88717099905 47 465.064800002355
130.297724797316 47 457.446359387295
330.095998982008 47 460.80473818561
43.9655172413799 47 19.086212194077
61.6065829750799 47 17.6261353826773
32.5208109312051 47 78.3517538134664
25.5480236441973 47 52.6546840355141
9.8903811622576 47 66.5946873980465
-296.230563874631 47 427.801245616246
-322.618056100901 47 418.082483106318
-311.521573941134 47 439.186663887486
186.105080382949 47 457.470196079606
210.947411910636 47 374.056246914466
322.005017027495 47 479.406197333979
332.220046182039 47 493.989882746599
22.780503631012 47 26.8041812479683
206.275956186889 47 437.015820754734
218.401005485081 47 411.977052736892
192.177553514295 47 412.94425264177
-264.734745735623 47 465.782376962005
68.2931813491011 47 402.855885987697
-311.196384004853 47 377.303478945561
-332.60747449831 47 364.017889860954
-327.611891491852 47 390.62587444977
246.154227611965 47 312.056089707498
254.930646563135 47 337.087085632343
270.292243709353 47 322.166993760201
185.744720586452 47 159.514042870387
-150.387894737965 47 403.477940544792
-167.831895896763 47 393.186546619055
-178.253643261609 47 408.532922960222
288.573639925313 47 313.651846982482
307.227633125979 47 324.570567283452
274.934143777968 47 371.929101068225
268.937211583566 47 351.420357356733
-301.651161502577 47 236.70693376649
231.054045798367 47 205.510795502774
242.961997939694 47 225.994879512233
327.571108527667 47 325.008907948371
-300.84961410893 47 335.308901554389
-280.848984250496 47 324.396572192647
-304.128155548195 47 311.482483898592
125.757704047247 47 255.497428973041
143.324197533258 47 243.942348031548
125.120275690979 47 232.2309225316
-211.099647217679 47 96.2657281384304
72.4257568231313 47 445.033593522672
50.2164697610475 47 40.3662249026493
76.9543761488329 47 28.6782398166603
310.061942886561 47 376.726748536145
292.8398174219 47 397.439947656579
316.855019939112 47 393.551333351352
90.3017609370784 47 490.579068996793
199.459276282121 47 50.5617133086258
198.539815553262 47 74.9111303977942
166.805805303145 47 470.864708048905
180.384705650061 47 488.558119536429
234.309053831044 47 146.385853607031
160.885766090258 47 489.335524878787
295.330653390702 47 179.56743151438
-142.330363409335 47 233.704982088984
-39.7884360460345 47 371.332572210603
-22.8389274245069 47 361.252161387075
-47.2002024326704 47 349.771801907826
-83.3882172696948 47 489.44969667831
-64.7928822583704 47 478.727514921353
-187.066444004239 47 384.723120696064
-139.694901143857 47 326.918525488853
-138.430628411195 47 346.165932670938
-120.807612107723 47 342.705198910309
155.01825725778 47 398.663819952845
166.742954653894 47 414.163889119837
106.9669290441 47 456.258931739777
91.3640381391129 47 448.686590820401
66.6046059245298 47 176.249819029823
48.1994106630054 47 156.022117142991
47.371439662889 47 176.683362800854
96.9469137297848 47 19.4764153869031
2.41019580968202 47 20.1498974504612
13.812198790834 47 163.836639620726
115.485409631265 47 14.7892546844985
133.313156671251 47 45.6318304042479
-80.1509855217026 47 222.761113601801
-86.4321147689334 47 245.289377959086
112.577122684255 47 479.430011564685
125.805483475771 47 492.645895733092
6.14556913373258 47 338.794819443264
216.923624300218 47 491.522642515318
221.35861157333 47 472.559042759838
199.870994168972 47 478.617035259826
137.109776259651 47 433.866954816015
141.201704125321 47 483.760996772688
226.231475234217 47 453.667266397626
206.602600092693 47 459.981759687672
139.031044908787 47 315.782328368995
145.742041176704 47 292.937057939443
123.538334308639 47 300.261821559162
-36.7692685593482 47 466.566166131853
43.9655172413799 47 495.639843561062
86.5459509185803 47 466.335736470313
-28.0688452818971 47 493.726051020946
-47.2849308232544 47 491.926954186961
97.4346683510158 47 379.925496640757
87.9193872748218 47 353.538901792931
31.041241170414 47 457.953170058668
6.44855573549012 47 463.147453881292
-79.9185838106845 47 467.099543116899
60.6272911383916 47 331.055821560282
71.7929330280296 47 149.641196706678
-57.4506697005119 47 376.390728063691
-76.8653504143241 47 364.80336434818
199.617793569066 47 359.584716183981
243.414357051785 47 403.796473499266
200.657347661804 47 389.932027713411
292.516949325969 47 375.571558301753
270.195896034861 47 393.209734051697
324.586078528303 47 247.562127634644
286.621007512087 47 422.178282353187
276.370417838952 47 410.552752104673
262.078741430704 47 422.156759177102
-23.1221438667268 47 239.54136680351
80.9644900481318 47 316.371533727777
99.2684589978476 47 334.35234073406
102.430636387488 47 317.723438177555
285.118179539835 47 236.391112540941
332.987945049026 47 346.95484876356
276.480850041033 47 448.18314160196
291.794023006967 47 335.779488824663
333.915068249052 47 379.648339784257
173.645772517005 47 390.661133049958
186.52635542427 47 374.731820569673
101.884010472625 47 292.477093704142
286.612488331943 47 485.7096163202
264.310344827587 47 492.865266052834
333.341273764523 47 421.415357976642
235.265612629612 47 430.92474651716
250.558802944707 47 449.644656362881
301.422244906975 47 462.351779835592
335.12473396731 47 400.714285714286
293.90147748759 47 130.820458918965
258.036412899823 47 286.031833760812
271.479100465044 47 272.840190948473
247.900001567658 47 270.354602766254
-44.0088740053562 47 392.634797475727
-69.6017600642 47 389.707210843
-180.498481186616 47 358.399822704414
-112.147501511621 47 319.562290111966
90.0392273124413 47 254.290889562906
-287.508630150348 47 481.327720075147
-292.103591759074 47 463.331111606893
-157.506396424038 47 346.118382901027
-278.531644793569 47 397.486878891872
-261.96121080582 47 376.628613907278
-289.897638888771 47 377.363902919201
-258.855311647137 47 402.57562383373
-199.488925286814 47 455.981019465417
-275.574015707138 47 275.988837849952
-263.799653628783 47 262.772430640803
-278.468646870896 47 251.574850402067
-151.189926678617 47 197.53369551044
-134.555149191473 47 216.065209415479
-213.573662426667 47 179.92461633081
-318.335696550856 47 324.063214455709
-213.147490572787 47 119.504595286658
-203.873572187749 47 278.063996001991
-182.760751475094 47 267.965589923686
-207.512998890805 47 254.646806409007
-224.613821166805 47 400.067699367759
-243.158849174265 47 389.069755520656
-241.235302572793 47 407.16318795134
-254.03668368617 47 421.830704587175
-247.245298839116 47 440.643755357449
-226.728429841217 47 422.957640671201
-225.293091754256 47 380.947043045278
-238.486481149134 47 364.385761420548
-272.744799294828 47 492.644731761544
-304.127112663995 47 356.273552437732
-322.676687066427 47 342.560605753385
-280.612139946947 47 356.294414420274
-342.967035487806 47 347.349816365402
-339.551015874292 47 325.884871926959
-327.709203587077 47 308.204101814822
-338.397628152092 47 285.361007799935
-204.429434371933 47 406.366472311357
-209.173537234539 47 386.940974867889
-254.487857853253 47 320.993082893561
-243.989769187969 47 300.626549081071
-267.724879978663 47 302.815872887743
-13.4843546158668 47 481.398662653722
-261.311448684332 47 239.469993477596
-200.056652931797 47 315.652795963317
-198.134866888864 47 297.694168170554
-219.078364183023 47 302.899856549383
25.976742399621 47 215.696703385324
10.8351933300571 47 214.556218435233
18.0726408178794 47 228.870980027479
17.3536265591395 47 435.427471683787
25.94562175499 47 417.612726607519
63.4629040471488 47 280.664144399553
42.2333284205779 47 277.007288988201
-71.44821743907 47 339.99057495848
-95.4607258044157 47 342.32128786267
-2.05689125887562 47 436.81124240113
-24.476602210087 47 380.104742031032
-101.764801126357 47 452.248597705158
-183.058890790321 47 468.254087472952
-100.766529774342 47 366.22403564462
-151.44439734442 47 479.891594495863
-125.795215815535 47 460.203491657733
-152.134549376394 47 452.44086486349
-127.42163123982 47 487.878776343141
-151.896551724137 47 497.430932566972
-104.398679252672 47 491.09813320656
-195.209963517214 47 434.773893786607
76.4804971512494 47 296.153162698293
88.839537706702 47 275.820584576231
-340.027730724077 47 461.442602137893
-342.37441311246 47 495.605264240275
-310.289882299418 47 459.305697006243
-284.659677650823 47 447.500567659044
-272.731117053394 47 422.814427908292
-239.375285497523 47 459.466917034225
-176.517694377044 47 451.077928932984
-165.682424755216 47 428.556268574317
-266.644766993938 47 440.388915679591
-220.692875887492 47 449.236503408292
-96.0402558284292 47 475.84304319447
-143.179766463414 47 428.177088746237
-302.957341117441 47 400.196478912488
-166.041244990454 47 467.523667762422
-161.031736239309 47 321.601512580454
-137.982758029574 47 306.454712124456
-164.022969565535 47 301.024548204512
-209.717515421925 47 365.646471941078
-223.875494939874 47 342.983001989563
-81.5629425893488 47 408.570598193382
-90.6722873925776 47 427.227009976277
-71.7906651515048 47 427.327391678259
-36.8264859960526 47 417.376706950515
-58.0036743708296 47 411.205802690336
127.623133643251 47 206.592626722218
103.096868491654 47 195.648854628945
101.067389442252 47 219.557668026122
267.819192149477 47 303.584867067796
115.290485129501 47 390.18059529011
281.553797077938 47 467.053500624
78.2365119877963 47 385.838600669227
141.808627421068 47 360.049428663002
-54.2458446673387 47 318.687217108547
-68.5767022882574 47 264.690236881445
-54.9519212712693 47 277.681869968881
-12.9130660933162 47 277.607546391341
13.8849434138564 47 276.523406023596
5.33643630186839 47 259.879464583364
84.4150267961895 47 164.958841414953
105.852183946254 47 171.486264925283
96.1948867050557 47 151.025068069094
120.499867667131 47 319.872884127842
127.04377270599 47 338.433064577872
5.00217629642367 47 414.897911863665
188.799781172008 47 220.840907320655
167.702451886928 47 213.640226695962
167.025605932308 47 240.257225004387
253.258820321067 47 132.071858858196
272.210215173235 47 132.873320105314
150.316150606564 47 339.750889412795
160.539847438799 47 312.239522354589
197.169648429676 47 301.39164937517
205.873476915449 47 283.391443966275
189.429649190329 47 280.400157501689
237.779654958574 47 249.402040600976
252.432014046622 47 238.729583476275
170.575756279666 47 361.104461733001
222.563057816325 47 299.481645465778
221.576478445238 47 320.912915229635
234.360031974975 47 338.602546441509
308.723730193438 47 92.0482887566698
-124.331267886852 47 242.12176529507
-226.295552700789 47 233.611539800464
-227.523680737573 47 275.484649422642
-157.092174323082 47 268.067028012617
-121.76528809343 47 175.680939049801
-130.2258888894 47 267.09623176432
-172.169110567896 47 200.003717194611
-105.906815965723 47 226.406162852193
-49.2536858356468 47 185.407380744086
-140.37150908187 47 181.341595567155
-56.924816092771 47 146.838383611151
-134.861835515226 47 130.318676666512
107.292363989476 47 266.177256012305
61.0877136097861 47 67.4799488960855
69.9298056919843 47 48.0331811936137
-263.417031822408 47 65.1209772014267
131.144915008702 47 169.205404627069
37.0824609047903 47 135.458127603556
16.663416784999 47 196.19202141296
27.1846288507438 47 176.765049056412
142.933826949691 47 186.853349180344
213.785491432155 47 248.776869928773
223.636122014967 47 229.769736476149
205.95669442014 47 229.191879667314
232.530499339568 47 186.703573276389
121.615343054816 47 186.489846100821
230.411583190894 47 95.6611918021571
220.92299693913 47 77.6488286449874
181.528252434466 47 58.3212793594909
171.941321199914 47 290.091916946817
176.554816238271 47 264.198091432365
151.150207562241 47 266.319034840271
87.3228554333818 47 181.864653543827
77.8314943116791 47 202.119653386787
210.876951932505 47 212.365433821449
284.351738289159 47 291.499973121613
264.612189622054 47 254.590941586061
264.374213666165 47 224.93047220583
-180.722249414478 47 309.949658854433
-254.280986910416 47 279.538806295897
-182.463805520173 47 289.480385104779
-232.733473785806 47 320.975542714971
-215.364708414915 47 325.377870948534
-263.457345193585 47 340.104808503178
-257.625195518616 47 356.980415245293
-245.303658274128 47 341.316215497002
-45.6744946386081 47 205.225317541803
-115.540055451279 47 206.207474697981
-111.089472015746 47 190.808524651002
-130.47848889845 47 195.438609249824
-92.9703008769191 47 199.778757153743
-167.028360487916 47 282.837578256017
-188.10556627648 47 245.280661414324
-201.647132593335 47 340.196149415243
-128.101773281258 47 287.807804164618
-19.6539324233592 47 398.672360018202
6.73397432953874 47 391.787883654712
-5.33647230700115 47 377.332390571228
-94.0290902384301 47 389.810088091361
-113.0041979331 47 473.426947069141
-287.465179372412 47 411.641684682531
-115.066765883959 47 299.156517353756
-47.0026513040052 47 297.480017980416
-18.0568649653993 47 338.693354057618
-2.5261912115044 47 354.840854030904
213.478804404062 47 343.017833792676
200.583978505226 47 324.502909934309
181.493960784694 47 317.166865598169
-1.0291730962665 47 323.470661317873
-0.980839850635448 47 301.283258446188
246.517575112977 47 353.839898086228
126.676484955293 47 277.469679174782
238.260605332758 47 288.213227879833
47.4971132132769 47 197.69646597419
43.4995187762332 47 214.781670559836
20.5312645736705 47 248.960904499725
77.2209165164947 47 335.277943827694
106.801535278241 47 242.458277798672
-12.6165900415363 47 254.813473383488
66.4311022846324 47 348.244664556779
42.343254486559 47 59.7131529119288
169.997500072904 47 74.6285006493621
-17.5323646741802 47 180.605931570604
147.575374293698 47 223.975081325538
180.169497767047 47 91.4270493225422
223.834201564486 47 273.65649814325
170.382861697514 47 332.869556425242
188.346107437036 47 341.905638552887
154.740318995901 47 380.478392711078
83.0544505723219 47 78.1340878569877
84.3913049450885 47 102.04164771988
24.591569780624 47 150.788487541343
35.9075202927755 47 259.482515434076
199.641821567509 47 264.746726830414
148.648260745635 47 203.816652768377
191.420210169812 47 244.127317659465
-204.379286556981 47 54.9719036452043
-192.694698749361 47 108.879575909324
-67.1928048034499 47 203.029608012312
-180.042817964115 47 333.033480843281
-119.872031354941 47 392.709954304743
-104.025572852819 47 409.209166097753
-125.858498955526 47 365.452003239412
-148.802101555697 47 287.65034003449

POLYGONS 5872 23488
3 0 1 2 
3 3 4 5 
3 6 7 8 
3 9 10 11 
3 12 13 14 
3 15 9 16 
3 17 18 19 
3 20 21 22 
3 23 24 25 
3 26 27 28 
3 29 25 28 
3 30 31 32 
3 33 34 35 
3 36 37 29 
3 38 39 40 
3 41 42 43 
3 44 45 46 
3 47 20 22 
3 21 48 49 
3 49 48 50 
3 22 49 51 
3 29 28 52 
3 53 54 55 
3 56 34 57 
3 57 58 56 
3 59 58 55 
3 31 60 61 
3 34 62 63 
3 55 54 59 
3 62 64 65 
3 66 64 62 
3 58 57 55 
3 34 56 62 
3 67 68 69 
3 67 70 68 
3 70 71 72 
3 69 68 65 
3 69 73 74 
3 69 65 73 
3 64 74 73 
3 75 68 70 
3 63 76 35 
3 77 78 79 
3 80 61 81 
3 75 70 72 
3 82 83 84 
3 85 86 87 
3 88 89 90 
3 28 25 26 
3 91 92 93 
3 94 95 96 
3 94 97 98 
3 95 77 96 
3 88 90 99 
3 100 29 52 
3 77 95 78 
3 61 101 79 
3 102 16 103 
3 77 104 96 
3 50 59 54 
3 103 16 105 
3 106 18 107 
3 108 87 109 
3 110 111 112 
3 113 114 115 
3 116 117 118 
3 118 111 119 
3 120 121 116 
3 118 119 120 
3 112 122 110 
3 42 123 124 
3 25 24 26 
3 77 125 104 
3 99 126 93 
3 93 127 128 
3 128 122 129 
3 126 130 131 
3 132 127 133 
3 127 131 133 
3 128 127 132 
3 133 131 134 
3 129 91 93 
3 135 136 134 
3 133 134 136 
3 137 130 97 
3 130 138 97 
3 135 134 131 
3 138 98 97 
3 135 130 137 
3 127 126 131 
3 93 126 127 
3 78 139 140 
3 75 76 63 
3 103 105 141 
3 142 143 113 
3 144 145 146 
3 147 148 149 
3 150 151 152 
3 153 154 155 
3 156 157 158 
3 159 160 161 
3 162 163 164 
3 40 165 38 
3 146 145 147 
3 110 119 111 
3 166 81 167 
3 168 169 170 
3 171 172 173 
3 43 174 175 
3 21 49 22 
3 43 47 174 
3 53 36 51 
3 176 86 85 
3 147 145 38 
3 177 178 179 
3 180 181 177 
3 182 116 121 
3 121 183 156 
3 183 184 156 
3 182 117 116 
3 182 121 156 
3 118 120 116 
3 43 175 185 
3 93 128 129 
3 182 156 158 
3 181 184 186 
3 157 184 181 
3 187 41 185 
3 114 113 83 
3 178 188 179 
3 157 156 184 
3 180 157 181 
3 181 186 189 
3 177 189 178 
3 180 177 179 
3 189 190 178 
3 191 148 192 
3 193 194 195 
3 178 195 194 
3 155 154 188 
3 196 197 198 
3 149 180 146 
3 38 165 199 
3 190 195 178 
3 160 173 200 
3 154 144 188 
3 178 194 188 
3 146 180 179 
3 144 146 188 
3 145 39 38 
3 201 202 203 
3 204 193 205 
3 203 206 162 
3 207 208 209 
3 210 208 211 
3 201 203 210 
3 212 213 214 
3 163 162 215 
3 195 205 193 
3 204 216 203 
3 161 160 200 
3 217 12 218 
3 200 219 161 
3 163 212 214 
3 220 221 222 
3 223 165 40 
3 224 225 226 
3 227 228 229 
3 230 231 232 
3 233 234 235 
3 220 236 224 
3 202 237 153 
3 164 163 209 
3 213 238 239 
3 240 238 213 
3 229 163 214 
3 215 162 206 
3 238 240 241 
3 227 229 239 
3 215 212 163 
3 240 242 241 
3 242 243 241 
3 244 245 246 
3 247 224 226 
3 243 248 249 
3 243 242 248 
3 249 250 251 
3 252 253 244 
3 254 251 250 
3 248 250 249 
3 254 255 256 
3 257 258 259 
3 256 251 254 
3 260 261 262 
3 263 264 255 
3 225 224 243 
3 265 266 267 
3 221 268 222 
3 269 114 270 
3 271 272 273 
3 274 275 276 
3 277 278 279 
3 280 281 282 
3 283 284 285 
3 286 287 288 
3 283 289 279 
3 290 291 292 
3 293 294 295 
3 257 259 296 
3 297 298 285 
3 299 300 301 
3 298 302 303 
3 304 302 305 
3 304 306 303 
3 306 307 308 
3 304 307 306 
3 308 309 310 
3 311 309 308 
3 311 308 307 
3 311 259 309 
3 305 302 287 
3 310 309 259 
3 288 287 312 
3 258 313 314 
3 310 258 314 
3 311 315 296 
3 311 316 315 
3 258 310 259 
3 305 316 311 
3 311 296 259 
3 313 258 257 
3 302 304 303 
3 305 311 307 
3 317 294 318 
3 257 319 313 
3 320 313 263 
3 321 220 222 
3 263 313 322 
3 243 224 241 
3 320 263 255 
3 323 324 325 
3 326 327 328 
3 320 314 313 
3 329 330 331 
3 332 333 334 
3 335 336 337 
3 337 338 339 
3 340 341 301 
3 342 343 344 
3 345 343 342 
3 342 344 335 
3 346 268 347 
3 348 336 335 
3 322 264 263 
3 343 315 316 
3 343 296 315 
3 251 256 349 
3 312 297 293 
3 350 150 351 
3 352 337 339 
3 353 354 322 
3 342 355 272 
3 335 355 342 
3 335 337 355 
3 272 355 356 
3 345 357 343 
3 325 317 318 
3 337 352 358 
3 295 288 312 
3 271 345 272 
3 359 360 361 
3 356 355 358 
3 337 358 355 
3 362 316 287 
3 363 364 365 
3 235 366 367 
3 368 369 370 
3 371 372 373 
3 372 374 375 
3 371 374 372 
3 374 358 352 
3 374 265 358 
3 371 265 374 
3 356 358 265 
3 376 353 377 
3 375 374 352 
3 276 378 379 
3 340 380 381 
3 382 383 384 
3 367 385 386 
3 387 388 389 
3 390 387 389 
3 391 392 393 
3 394 324 323 
3 395 396 397 
3 398 399 400 
3 401 402 403 
3 404 1 405 
3 406 407 408 
3 404 405 409 
3 410 411 412 
3 338 413 339 
3 373 266 371 
3 414 6 415 
3 415 6 416 
3 417 418 419 
3 400 420 398 
3 417 363 421 
3 417 419 363 
3 363 419 364 
3 422 423 424 
3 418 425 426 
3 351 150 427 
3 414 421 363 
3 286 317 428 
3 429 365 420 
3 414 415 421 
3 364 426 430 
3 431 318 378 
3 432 433 370 
3 295 294 317 
3 359 361 384 
3 434 392 435 
3 436 437 438 
3 439 440 441 
3 442 443 393 
3 444 445 446 
3 443 447 393 
3 442 392 448 
3 6 8 416 
3 433 449 450 
3 370 433 368 
3 451 360 452 
3 372 453 452 
3 454 453 372 
3 452 453 455 
3 454 455 453 
3 456 454 372 
3 455 451 452 
3 433 447 449 
3 433 432 447 
3 457 360 451 
3 442 393 392 
3 454 368 458 
3 271 377 357 
3 384 361 427 
3 459 457 460 
3 329 461 394 
3 460 462 463 
3 460 451 462 
3 464 458 465 
3 464 455 458 
3 464 465 463 
3 455 464 463 
3 462 455 463 
3 462 451 455 
3 457 451 460 
3 450 449 466 
3 467 468 469 
3 468 467 470 
3 471 472 473 
3 474 475 476 
3 476 475 470 
3 467 476 470 
3 477 478 479 
3 218 12 480 
3 475 5 470 
3 197 15 409 
3 481 482 424 
3 141 483 404 
3 484 425 485 
3 484 426 425 
3 486 398 487 
3 485 488 489 
3 490 481 423 
3 489 488 491 
3 481 424 423 
3 357 257 296 
3 488 469 491 
3 230 386 231 
3 398 420 430 
3 492 399 493 
3 426 487 430 
3 228 321 222 
3 468 491 469 
3 15 16 102 
3 149 148 191 
3 494 9 11 
3 495 496 497 
3 498 499 500 
3 501 502 503 
3 501 503 504 
3 501 504 505 
3 501 505 506 
3 507 499 508 
3 509 510 511 
3 512 434 435 
3 513 514 507 
3 332 515 516 
3 505 509 506 
3 517 518 519 
3 506 509 511 
3 503 502 434 
3 502 448 434 
3 397 520 441 
3 391 521 522 
3 509 262 523 
3 440 397 441 
3 361 360 8 
3 8 360 457 
3 368 433 450 
3 524 492 422 
3 523 332 516 
3 232 420 400 
3 525 198 197 
3 526 403 441 
3 372 375 456 
3 410 346 347 
3 214 213 239 
3 326 370 369 
3 527 528 529 
3 530 531 532 
3 394 323 431 
3 533 534 535 
3 536 537 538 
3 539 540 541 
3 274 537 390 
3 542 543 406 
3 406 543 407 
3 544 497 537 
3 545 543 542 
3 546 406 547 
3 546 547 548 
3 547 549 548 
3 549 550 548 
3 548 550 551 
3 277 289 551 
3 552 553 408 
3 402 554 403 
3 279 289 277 
3 549 538 555 
3 390 537 387 
3 319 322 313 
3 284 297 285 
3 282 278 277 
3 379 281 280 
3 556 557 558 
3 553 559 408 
3 217 13 12 
3 277 555 282 
3 284 281 293 
3 246 560 226 
3 396 395 561 
3 414 351 7 
3 293 281 294 
3 562 334 563 
3 345 342 272 
3 564 410 560 
3 256 255 264 
3 180 191 157 
3 112 129 122 
3 194 153 155 
3 443 449 447 
3 565 513 508 
3 566 208 207 
3 260 504 512 
3 454 458 455 
3 503 512 504 
3 299 273 567 
3 62 56 66 
3 465 450 466 
3 386 385 568 
3 125 72 71 
3 447 432 393 
3 569 570 571 
3 572 446 573 
3 208 164 209 
3 158 191 192 
3 422 574 423 
3 575 576 577 
3 108 91 87 
3 526 512 435 
3 458 450 465 
3 112 91 129 
3 578 579 580 
3 224 236 241 
3 472 581 473 
3 92 91 108 
3 135 131 130 
3 582 583 584 
3 216 206 203 
3 186 190 189 
3 42 47 43 
3 585 582 586 
3 359 587 266 
3 237 154 153 
3 588 589 124 
3 268 590 222 
3 459 8 457 
3 591 592 593 
3 361 8 7 
3 594 500 507 
3 532 531 595 
3 596 597 598 
3 520 526 441 
3 204 205 216 
3 299 376 599 
3 600 514 601 
3 252 246 226 
3 44 478 123 
3 484 486 487 
3 330 401 522 
3 100 22 51 
3 104 125 71 
3 31 61 32 
3 429 231 152 
3 602 586 603 
3 99 92 88 
3 459 416 8 
3 604 572 605 
3 393 432 391 
3 236 220 321 
3 547 406 559 
3 550 277 551 
3 228 222 606 
3 387 497 607 
3 147 38 148 
3 157 191 158 
3 41 43 185 
3 198 169 196 
3 378 294 379 
3 608 563 609 
3 458 368 450 
3 610 145 144 
3 579 611 580 
3 356 265 267 
3 612 613 11 
3 482 0 2 
3 614 145 610 
3 493 399 398 
3 41 615 616 
3 588 617 618 
3 105 173 160 
3 30 32 23 
3 196 169 10 
3 10 9 15 
3 475 3 5 
3 422 492 493 
3 473 581 170 
3 169 612 10 
3 617 619 620 
3 11 10 612 
3 619 170 621 
3 589 20 124 
3 620 619 621 
3 581 621 170 
3 4 470 5 
3 471 474 472 
3 471 475 474 
3 171 173 105 
3 188 146 179 
3 480 524 622 
3 124 47 42 
3 46 45 616 
3 618 589 588 
3 40 623 624 
3 112 111 87 
3 123 588 124 
3 625 21 20 
3 42 41 616 
3 21 625 48 
3 173 614 610 
3 589 626 625 
3 44 123 45 
3 20 47 124 
3 617 620 618 
3 589 625 20 
3 626 589 618 
3 105 160 159 
3 627 628 629 
3 18 106 19 
3 561 334 333 
3 630 631 632 
3 397 440 395 
3 590 633 606 
3 634 635 603 
3 544 636 495 
3 579 637 638 
3 579 639 637 
3 611 638 640 
3 637 639 641 
3 603 642 602 
3 641 540 643 
3 641 643 644 
3 645 646 647 
3 644 648 545 
3 648 543 545 
3 359 373 360 
3 632 649 650 
3 643 648 644 
3 553 536 559 
3 544 537 536 
3 649 632 651 
3 427 361 7 
3 652 592 591 
3 647 496 495 
3 533 578 534 
3 572 604 653 
3 333 523 262 
3 654 655 539 
3 656 526 435 
3 657 658 659 
3 642 578 580 
3 660 514 513 
3 661 653 662 
3 572 444 446 
3 498 500 605 
3 573 663 498 
3 664 500 594 
3 498 663 499 
3 663 508 499 
3 500 664 665 
3 401 330 402 
3 516 660 510 
3 518 630 519 
3 529 593 666 
3 520 512 526 
3 667 511 510 
3 660 667 510 
3 660 513 565 
3 667 660 565 
3 513 507 508 
3 600 668 669 
3 572 573 498 
3 164 203 162 
3 298 297 312 
3 173 172 614 
3 636 569 495 
3 619 617 477 
3 670 437 436 
3 670 576 437 
3 436 671 672 
3 673 672 671 
3 671 438 673 
3 673 674 675 
3 438 437 676 
3 575 677 676 
3 678 674 676 
3 530 557 657 
3 593 592 666 
3 679 680 681 
3 682 527 666 
3 577 444 683 
3 576 445 577 
3 577 445 444 
3 684 685 686 
3 687 657 659 
3 500 499 507 
3 577 683 575 
3 657 556 658 
3 677 688 676 
3 586 582 584 
3 528 689 529 
3 680 682 681 
3 679 675 674 
3 682 690 681 
3 679 674 678 
3 680 679 678 
3 690 682 592 
3 691 692 693 
3 652 694 592 
3 652 695 694 
3 695 691 696 
3 695 652 691 
3 690 592 694 
3 697 698 696 
3 697 699 698 
3 602 585 586 
3 696 691 693 
3 598 700 699 
3 684 686 659 
3 701 642 580 
3 697 696 693 
3 603 635 702 
3 700 292 703 
3 700 290 292 
3 700 703 699 
3 290 700 598 
3 704 291 597 
3 704 705 706 
3 704 585 705 
3 687 686 707 
3 705 701 706 
3 597 585 704 
3 708 533 541 
3 640 706 701 
3 290 598 597 
3 611 640 701 
3 580 611 701 
3 290 597 291 
3 643 540 539 
3 628 627 659 
3 648 643 539 
3 658 635 634 
3 629 634 584 
3 61 60 101 
3 546 542 406 
3 235 234 412 
3 228 207 209 
3 113 143 19 
3 82 84 709 
3 75 72 60 
3 407 552 408 
3 439 710 440 
3 407 655 552 
3 569 571 647 
3 543 648 407 
3 549 547 559 
3 282 281 278 
3 544 536 553 
3 293 295 312 
3 390 275 274 
3 538 537 274 
3 497 544 495 
3 559 406 408 
3 645 631 630 
3 519 630 711 
3 649 654 541 
3 553 636 544 
3 332 334 562 
3 569 647 495 
3 486 493 398 
3 413 712 339 
3 566 14 13 
3 385 713 381 
3 714 715 492 
3 537 497 387 
3 519 711 595 
3 395 716 561 
3 601 514 515 
3 504 260 262 
3 435 392 656 
3 434 512 503 
3 351 427 7 
3 334 561 563 
3 563 561 609 
3 509 505 262 
3 516 509 523 
3 509 516 510 
3 482 4 0 
3 491 481 490 
3 385 366 713 
3 574 422 493 
3 486 490 574 
3 340 301 380 
3 487 398 430 
3 482 2 622 
3 1 483 2 
3 217 141 717 
3 2 483 622 
3 524 480 718 
3 424 482 622 
3 483 218 622 
3 622 524 424 
3 424 524 422 
3 405 525 409 
3 0 4 3 
3 0 3 405 
3 3 525 405 
3 409 102 404 
3 15 102 409 
3 490 489 491 
3 4 719 470 
3 719 468 470 
3 359 266 373 
3 456 368 454 
3 373 372 452 
3 360 373 452 
3 326 521 370 
3 391 432 521 
3 330 521 331 
3 521 432 370 
3 411 366 412 
3 420 365 430 
3 420 232 429 
3 365 364 430 
3 232 231 429 
3 350 351 414 
3 363 350 414 
3 414 7 6 
3 299 567 720 
3 350 363 365 
3 350 365 151 
3 350 151 150 
3 567 273 356 
3 151 365 429 
3 151 429 152 
3 233 232 400 
3 721 713 564 
3 713 721 381 
3 330 522 521 
3 427 150 384 
3 402 329 394 
3 331 461 329 
3 574 493 486 
3 294 281 379 
3 384 587 359 
3 305 287 316 
3 317 286 288 
3 152 568 382 
3 327 413 328 
3 336 338 337 
3 273 272 356 
3 371 266 265 
3 354 353 376 
3 323 325 318 
3 299 271 273 
3 599 271 299 
3 300 380 301 
3 720 722 568 
3 299 720 300 
3 720 568 300 
3 380 300 568 
3 348 428 325 
3 324 338 325 
3 336 348 325 
3 338 336 325 
3 354 264 322 
3 245 349 341 
3 307 304 305 
3 317 325 428 
3 318 294 378 
3 252 244 246 
3 225 243 253 
3 349 264 354 
3 224 247 220 
3 341 349 354 
3 349 256 264 
3 564 560 246 
3 246 721 564 
3 271 599 377 
3 246 245 721 
3 721 340 381 
3 340 245 341 
3 721 245 340 
3 723 207 228 
3 239 229 214 
3 347 268 221 
3 590 606 222 
3 234 715 346 
3 247 347 221 
3 560 347 247 
3 410 347 560 
3 412 234 346 
3 346 724 268 
3 268 724 590 
3 524 718 725 
3 367 386 230 
3 400 399 233 
3 399 715 233 
3 590 724 633 
3 492 524 725 
3 82 114 83 
3 12 726 480 
3 14 723 726 
3 483 217 218 
3 727 210 211 
3 161 237 201 
3 727 728 161 
3 727 201 210 
3 161 201 727 
3 229 228 209 
3 176 117 84 
3 210 203 164 
3 210 164 208 
3 723 566 207 
3 12 14 726 
3 163 229 209 
3 193 153 194 
3 237 219 154 
3 154 219 200 
3 204 202 153 
3 153 193 204 
3 149 146 147 
3 181 189 177 
3 82 192 270 
3 199 165 223 
3 269 270 199 
3 199 223 269 
3 9 172 171 
3 624 623 616 
3 161 219 237 
3 187 115 114 
3 729 57 34 
3 99 90 126 
3 112 87 91 
3 118 85 111 
3 730 140 88 
3 108 88 92 
3 730 17 731 
3 108 730 88 
3 109 17 108 
3 17 730 108 
3 86 18 109 
3 185 115 187 
3 176 18 86 
3 176 107 18 
3 117 176 85 
3 118 117 85 
3 107 84 83 
3 192 82 709 
3 84 117 709 
3 18 17 109 
3 35 34 63 
3 81 61 79 
3 37 25 29 
3 166 80 81 
3 87 86 109 
3 138 139 98 
3 32 61 80 
3 37 732 25 
3 125 101 60 
3 72 125 60 
3 125 77 101 
3 101 77 79 
3 63 65 68 
3 73 65 64 
3 63 62 65 
3 33 729 34 
3 76 30 35 
3 32 80 23 
3 731 27 166 
3 167 81 140 
3 37 36 53 
3 175 100 52 
3 100 174 22 
3 174 47 22 
3 51 54 53 
3 49 50 54 
3 49 54 51 
3 650 533 558 
3 649 533 650 
3 655 648 539 
3 571 570 654 
3 654 570 655 
3 571 654 651 
3 552 636 553 
3 407 648 655 
3 541 654 539 
3 332 601 515 
3 563 608 517 
3 668 519 595 
3 669 668 595 
3 711 532 595 
3 558 535 556 
3 556 535 635 
3 733 530 687 
3 657 557 556 
3 533 535 558 
3 662 734 707 
3 734 733 687 
3 687 530 657 
3 561 333 396 
3 531 669 595 
3 631 651 632 
3 397 261 260 
3 733 735 531 
3 651 654 649 
3 531 735 669 
3 735 664 669 
3 646 609 496 
3 734 687 707 
3 572 498 605 
3 601 517 668 
3 562 517 601 
3 601 668 600 
3 733 734 665 
3 735 733 665 
3 736 532 650 
3 601 332 562 
3 515 514 660 
3 646 496 647 
3 507 514 594 
3 563 517 562 
3 437 575 676 
3 527 678 688 
3 575 437 576 
3 688 678 676 
3 528 688 737 
3 444 653 683 
3 677 575 683 
3 671 436 438 
3 658 556 635 
3 680 678 527 
3 680 527 682 
3 592 682 666 
3 666 527 529 
3 629 738 692 
3 583 738 584 
3 583 692 738 
3 629 692 591 
3 692 652 591 
3 684 627 529 
3 697 596 598 
3 701 705 602 
3 596 697 693 
3 602 642 701 
3 705 585 602 
3 639 708 540 
3 659 627 684 
3 635 535 702 
3 611 579 638 
3 46 616 623 
3 45 123 42 
3 44 46 613 
3 588 123 478 
3 617 588 478 
3 479 44 612 
3 479 612 169 
3 612 44 613 
3 168 479 169 
3 479 478 44 
3 45 42 616 
3 475 471 525 
3 471 198 525 
3 409 525 197 
3 198 473 170 
3 170 169 198 
3 473 198 471 
3 3 475 525 
3 141 404 103 
3 477 479 168 
3 405 1 0 
3 15 197 196 
3 196 10 15 
3 170 619 168 
3 168 619 477 
3 477 617 478 
3 174 100 175 
3 732 53 729 
3 53 732 37 
3 33 732 729 
3 30 33 35 
3 95 94 98 
3 139 95 98 
3 78 95 139 
3 76 60 31 
3 30 76 31 
3 60 76 75 
3 75 63 68 
3 730 731 167 
3 23 80 24 
3 24 80 166 
3 28 27 143 
3 28 143 52 
3 52 143 142 
3 166 167 731 
3 106 107 83 
3 84 107 176 
3 126 90 138 
3 90 139 138 
3 130 126 138 
3 93 92 99 
3 111 85 87 
3 192 199 270 
3 9 171 16 
3 16 171 105 
3 144 154 200 
3 29 100 36 
3 185 52 142 
3 36 100 51 
3 185 142 115 
3 175 52 185 
3 142 113 115 
3 223 615 187 
3 223 187 269 
3 187 615 41 
3 624 616 615 
3 149 191 180 
3 709 182 158 
3 158 192 709 
3 709 117 182 
3 194 155 188 
3 201 237 202 
3 14 566 723 
3 633 726 606 
3 726 723 606 
3 622 218 480 
3 404 483 1 
3 404 102 103 
3 141 105 717 
3 105 159 717 
3 614 39 145 
3 141 217 483 
3 202 204 203 
3 566 13 728 
3 727 211 728 
3 724 714 725 
3 718 724 725 
3 725 714 492 
3 346 714 724 
3 633 724 718 
3 718 726 633 
3 480 726 718 
3 346 715 714 
3 239 321 227 
3 227 321 228 
3 238 236 239 
3 321 239 236 
3 236 238 241 
3 220 247 221 
3 243 249 253 
3 253 249 251 
3 244 253 251 
3 225 252 226 
3 225 253 252 
3 560 247 226 
3 412 346 410 
3 297 284 293 
3 278 284 279 
3 281 284 278 
3 284 283 279 
3 302 298 312 
3 287 302 312 
3 341 354 376 
3 341 376 301 
3 319 377 353 
3 322 319 353 
3 319 257 377 
3 599 376 377 
3 362 343 316 
3 343 357 296 
3 344 343 362 
3 288 295 317 
3 348 286 428 
3 286 362 287 
3 344 362 348 
3 357 345 271 
3 348 362 286 
3 335 344 348 
3 383 587 384 
3 587 383 739 
3 739 567 267 
3 567 356 267 
3 266 739 267 
3 720 567 739 
3 722 720 739 
3 375 352 712 
3 712 352 339 
3 327 712 413 
3 461 413 324 
3 461 324 394 
3 413 338 324 
3 328 413 461 
3 377 257 357 
3 330 329 402 
3 275 740 276 
3 323 318 431 
3 394 431 741 
3 715 234 233 
3 412 366 235 
3 492 715 399 
3 713 366 411 
3 376 299 301 
3 380 385 381 
3 385 380 568 
3 383 722 739 
3 382 722 383 
3 722 382 568 
3 367 230 235 
3 235 230 233 
3 232 233 230 
3 364 419 426 
3 419 418 426 
3 326 328 331 
3 328 461 331 
3 521 326 331 
3 150 382 384 
3 266 587 739 
3 327 326 369 
3 382 150 152 
3 481 719 482 
3 719 4 482 
3 489 484 485 
3 490 484 489 
3 490 486 484 
3 468 719 481 
3 468 481 491 
3 426 484 487 
3 574 490 423 
3 396 333 261 
3 261 333 262 
3 396 261 397 
3 333 332 523 
3 520 260 512 
3 520 397 260 
3 526 656 401 
3 526 401 403 
3 505 504 262 
3 392 434 448 
3 391 522 656 
3 392 391 656 
3 656 522 401 
3 716 395 607 
3 742 554 741 
3 742 275 389 
3 440 710 388 
3 275 390 389 
3 608 609 646 
3 403 554 439 
3 609 561 716 
3 609 716 496 
3 496 716 607 
3 497 496 607 
3 607 388 387 
3 441 403 439 
3 550 549 555 
3 277 550 555 
3 280 274 276 
3 280 276 379 
3 280 282 274 
3 596 583 582 
3 535 534 702 
3 534 578 642 
3 702 534 642 
3 642 603 702 
3 584 634 603 
3 603 586 584 
3 597 596 585 
3 596 582 585 
3 699 697 598 
3 583 596 693 
3 652 692 691 
3 693 692 583 
3 627 629 593 
3 629 591 593 
3 527 688 528 
3 737 688 677 
3 627 593 529 
3 661 737 677 
3 685 661 707 
3 685 684 689 
3 685 737 661 
3 528 737 689 
3 737 685 689 
3 707 686 685 
3 707 661 662 
3 689 684 529 
3 604 734 662 
3 444 572 653 
3 653 604 662 
3 438 676 674 
3 673 438 674 
3 515 660 516 
3 664 735 665 
3 605 500 665 
3 665 734 604 
3 604 605 665 
3 733 531 530 
3 736 557 530 
3 530 532 736 
3 736 650 558 
3 558 557 736 
3 517 608 518 
3 647 571 645 
3 552 569 636 
3 655 570 552 
3 552 570 569 
3 641 639 540 
3 639 579 708 
3 540 708 541 
3 708 578 533 
3 579 578 708 
3 275 742 740 
3 282 555 274 
3 555 538 274 
3 536 538 559 
3 538 549 559 
3 439 554 710 
3 395 440 607 
3 440 388 607 
3 388 710 389 
3 710 742 389 
3 554 742 710 
3 742 741 740 
3 375 712 456 
3 368 456 369 
3 712 327 369 
3 456 712 369 
3 152 386 568 
3 231 386 152 
3 367 366 385 
3 410 564 411 
3 713 411 564 
3 394 741 402 
3 741 554 402 
3 244 349 245 
3 244 251 349 
3 723 228 606 
3 159 728 717 
3 159 161 728 
3 717 728 13 
3 717 13 217 
3 211 566 728 
3 208 566 211 
3 173 610 200 
3 200 610 144 
3 269 187 114 
3 114 82 270 
3 624 615 223 
3 223 40 624 
3 613 46 623 
3 623 11 613 
3 40 39 494 
3 494 11 623 
3 40 494 623 
3 494 172 9 
3 614 172 39 
3 39 172 494 
3 533 649 541 
3 651 631 571 
3 571 631 645 
3 668 517 519 
3 646 645 518 
3 518 608 646 
3 645 630 518 
3 650 532 632 
3 532 711 632 
3 711 630 632 
3 600 669 594 
3 514 600 594 
3 669 664 594 
3 683 653 661 
3 683 661 677 
3 659 686 687 
3 658 628 659 
3 628 658 634 
3 629 628 634 
3 738 629 584 
3 25 732 23 
3 23 732 30 
3 33 30 732 
3 57 729 55 
3 729 53 55 
3 79 78 140 
3 140 81 79 
3 143 27 19 
3 24 166 26 
3 166 27 26 
3 731 17 19 
3 106 113 19 
3 83 113 106 
3 27 731 19 
3 140 89 88 
3 140 139 89 
3 167 140 730 
3 89 139 90 
3 148 199 192 
3 38 199 148 
3 741 431 740 
3 740 378 276 
3 431 378 740 
3 743 744 745 
3 746 747 748 
3 749 750 751 
3 752 753 748 
3 754 748 753 
3 755 756 757 
3 747 758 748 
3 759 760 761 
3 762 763 761 
3 764 765 766 
3 767 760 759 
3 768 753 752 
3 769 770 768 
3 770 771 768 
3 772 771 770 
3 743 773 774 
3 775 773 745 
3 776 777 762 
3 778 767 746 
3 766 779 780 
3 781 782 765 
3 758 783 769 
3 784 785 786 
3 787 788 780 
3 788 789 780 
3 790 791 779 
3 792 793 794 
3 795 796 797 
3 777 798 799 
3 800 801 802 
3 787 779 803 
3 804 805 806 
3 807 67 69 
3 807 70 67 
3 70 800 71 
3 807 69 808 
3 809 805 804 
3 70 801 800 
3 69 74 810 
3 810 74 811 
3 811 808 810 
3 802 812 797 
3 811 813 808 
3 813 814 815 
3 795 816 796 
3 815 817 818 
3 70 807 801 
3 779 787 780 
3 787 817 788 
3 789 772 780 
3 819 820 821 
3 822 823 824 
3 795 825 816 
3 796 826 797 
3 827 828 829 
3 827 96 804 
3 827 94 96 
3 804 830 827 
3 94 829 97 
3 751 750 831 
3 811 814 813 
3 104 809 804 
3 69 810 808 
3 800 809 71 
3 796 832 826 
3 818 817 787 
3 833 834 835 
3 96 104 804 
3 836 837 838 
3 839 840 841 
3 842 843 844 
3 845 846 831 
3 847 135 833 
3 847 848 135 
3 849 850 751 
3 851 848 852 
3 851 136 848 
3 851 852 853 
3 848 136 135 
3 848 847 852 
3 137 97 833 
3 835 834 854 
3 855 854 846 
3 834 97 829 
3 833 97 834 
3 847 833 835 
3 94 827 829 
3 831 750 844 
3 853 856 857 
3 856 853 852 
3 135 137 833 
3 858 859 857 
3 858 860 861 
3 858 862 859 
3 828 849 863 
3 864 841 865 
3 866 865 842 
3 867 840 839 
3 775 865 868 
3 758 752 748 
3 859 862 869 
3 870 871 872 
3 869 867 873 
3 862 867 869 
3 873 839 874 
3 875 876 877 
3 874 875 877 
3 862 843 840 
3 878 879 880 
3 856 847 835 
3 749 881 882 
3 798 883 884 
3 850 749 751 
3 864 885 876 
3 867 839 873 
3 812 825 795 
3 778 886 767 
3 887 888 889 
3 890 891 892 
3 893 894 895 
3 896 897 898 
3 898 897 899 
3 895 894 900 
3 895 757 893 
3 901 890 895 
3 839 875 874 
3 881 902 883 
3 900 894 877 
3 900 877 876 
3 755 890 892 
3 903 774 776 
3 904 905 906 
3 785 907 908 
3 875 839 864 
3 909 910 756 
3 777 911 762 
3 802 912 812 
3 839 841 864 
3 913 914 915 
3 823 822 916 
3 754 917 748 
3 798 884 799 
3 918 808 813 
3 919 920 921 
3 922 923 924 
3 766 790 779 
3 925 926 927 
3 928 929 930 
3 931 932 933 
3 934 931 935 
3 936 937 938 
3 939 940 941 
3 942 943 944 
3 945 946 947 
3 948 949 950 
3 951 952 953 
3 954 955 956 
3 957 958 959 
3 960 961 962 
3 963 964 965 
3 768 752 769 
3 966 948 950 
3 838 967 836 
3 968 969 970 
3 944 971 949 
3 972 973 974 
3 975 976 977 
3 978 979 980 
3 981 982 983 
3 815 818 984 
3 985 915 823 
3 986 970 987 
3 988 989 990 
3 772 789 771 
3 991 992 993 
3 974 973 994 
3 995 996 997 
3 998 999 1000 
3 928 1001 1002 
3 1003 1004 1005 
3 1006 1007 1008 
3 837 1009 969 
3 1010 1011 1012 
3 865 775 885 
3 803 1013 984 
3 1014 1015 1016 
3 1017 1018 778 
3 1019 883 798 
3 997 1017 1020 
3 1001 928 930 
3 801 807 918 
3 1021 1022 1023 
3 1016 1024 1025 
3 1026 1027 1028 
3 1029 1001 930 
3 1030 986 1031 
3 1032 921 923 
3 1033 966 1034 
3 934 935 1035 
3 1036 1037 1038 
3 1039 925 1040 
3 1041 1042 1043 
3 1019 798 777 
3 995 1044 1045 
3 1046 1047 879 
3 1048 1049 1050 
3 1051 1052 1053 
3 1054 1055 1056 
3 1024 1016 1015 
3 1057 1058 1059 
3 1060 1061 1062 
3 922 1063 1064 
3 1065 1066 971 
3 1067 1068 1069 
3 1070 1071 1072 
3 951 1073 1074 
3 1075 1076 1077 
3 1078 1079 1080 
3 1081 1082 1083 
3 1084 1085 1086 
3 862 858 861 
3 1087 1088 1089 
3 104 71 809 
3 892 909 755 
3 1090 1091 1092 
3 868 865 1093 
3 1092 1091 1094 
3 764 772 781 
3 1095 993 1096 
3 996 822 1018 
3 1097 1098 1099 
3 1100 1101 1074 
3 998 1102 1103 
3 995 1045 996 
3 821 1104 1105 
3 1054 1106 1055 
3 1107 959 1108 
3 1109 1110 1111 
3 1112 1113 838 
3 805 802 797 
3 1114 1115 1116 
3 1117 1035 935 
3 1118 1119 1120 
3 1088 1121 1089 
3 744 1122 892 
3 1123 1124 1125 
3 967 981 1126 
3 1127 786 774 
3 1128 1129 1130 
3 816 1131 796 
3 812 795 797 
3 911 777 799 
3 1132 969 1009 
3 1133 1071 1134 
3 1135 1087 1089 
3 969 1132 970 
3 1136 1137 1138 
3 1005 967 838 
3 1139 1009 1140 
3 1139 1132 1009 
3 836 1140 1009 
3 1141 1140 1126 
3 1126 1140 836 
3 969 1142 837 
3 968 1142 969 
3 986 1030 1143 
3 1030 1031 1144 
3 921 1145 1146 
3 921 920 1145 
3 1147 1148 1083 
3 1144 919 1032 
3 1115 1149 1116 
3 1144 1150 919 
3 987 970 1132 
3 986 987 1031 
3 1030 1144 1032 
3 1115 1063 924 
3 1151 922 1064 
3 1152 1153 1154 
3 939 1155 1156 
3 1143 968 970 
3 968 1143 1151 
3 1075 1077 776 
3 923 921 924 
3 1157 1158 1159 
3 1160 1161 1133 
3 836 967 1126 
3 1162 1163 1164 
3 779 791 803 
3 1165 1166 1167 
3 826 832 850 
3 1168 1169 1170 
3 1046 1171 1172 
3 1173 1174 1175 
3 837 1112 838 
3 1176 1007 1006 
3 1162 1177 1163 
3 1176 1006 977 
3 1017 917 1178 
3 917 754 1178 
3 1017 1178 1020 
3 1179 1112 1180 
3 915 886 824 
3 783 758 1181 
3 1167 1182 1165 
3 1183 985 823 
3 995 997 1020 
3 1184 821 1185 
3 1186 906 1187 
3 913 915 985 
3 1102 1049 1188 
3 1104 821 820 
3 1157 1189 1190 
3 1119 1191 1192 
3 1119 1193 1191 
3 1185 1044 1184 
3 1185 1045 1044 
3 1120 1194 978 
3 765 764 781 
3 1195 794 1099 
3 981 983 1141 
3 981 1141 1126 
3 1009 837 836 
3 968 1196 1142 
3 1197 1051 1198 
3 1113 1005 838 
3 1071 1133 1199 
3 1102 1188 1103 
3 980 979 1200 
3 1049 1104 820 
3 1121 1201 1202 
3 1189 1193 1190 
3 1004 1203 982 
3 1088 1201 1121 
3 1121 1202 982 
3 982 1202 983 
3 1203 1121 982 
3 1204 1205 1206 
3 1053 1207 1208 
3 1159 1209 1210 
3 1087 980 1200 
3 1200 1201 1088 
3 1087 1200 1088 
3 1158 1190 1087 
3 1211 878 793 
3 1159 1158 1135 
3 1051 1212 1205 
3 1005 1113 1213 
3 1053 1052 1207 
3 1118 1193 1119 
3 1214 1119 1192 
3 1164 975 887 
3 1215 1198 1192 
3 1216 1098 1207 
3 1217 1218 878 
3 1219 1102 998 
3 1191 1215 1192 
3 1193 1215 1191 
3 1193 1189 1215 
3 1220 1157 1159 
3 978 1118 1120 
3 978 980 1118 
3 1214 1221 1119 
3 1119 1194 1120 
3 1221 1194 1119 
3 1000 1194 1221 
3 1214 1000 1221 
3 998 1000 1214 
3 1196 1064 1222 
3 1103 999 998 
3 1048 1104 1049 
3 1214 1219 998 
3 819 1223 820 
3 1224 1177 1225 
3 1036 1226 1138 
3 1227 1228 1229 
3 1054 1056 1230 
3 1231 1232 1233 
3 1234 1235 1136 
3 1002 1236 933 
3 1237 1238 1239 
3 1240 1241 1242 
3 1243 994 1244 
3 922 924 1063 
3 1245 1136 1138 
3 947 955 954 
3 1246 1247 1248 
3 1030 1032 922 
3 1249 1250 1251 
3 1252 1253 1173 
3 1234 1136 947 
3 1254 1128 1234 
3 1248 1255 1256 
3 1257 1258 1259 
3 1125 1232 1260 
3 1260 1054 1125 
3 1231 1261 1262 
3 1263 1261 1233 
3 1262 1106 1260 
3 1262 1260 1231 
3 1261 1231 1233 
3 1230 1056 1264 
3 946 990 947 
3 1106 1054 1260 
3 1260 1232 1231 
3 1123 1125 1258 
3 1265 1123 1258 
3 1154 1266 962 
3 1245 1267 945 
3 1268 1149 1229 
3 1032 919 921 
3 920 919 1150 
3 920 1150 1269 
3 1227 1269 1270 
3 1227 1084 1086 
3 1149 1146 1229 
3 1270 1271 1084 
3 920 1269 1227 
3 1115 1272 1063 
3 955 1273 956 
3 1274 1261 1263 
3 1085 1274 1263 
3 1271 1085 1084 
3 1227 1270 1084 
3 1274 1085 1271 
3 1275 1276 1238 
3 1034 966 950 
3 673 1277 672 
3 672 1277 1278 
3 1278 1279 1280 
3 1279 1066 1280 
3 673 675 1281 
3 1034 1282 1281 
3 1283 1284 1285 
3 1280 1066 1065 
3 1278 1282 1279 
3 1065 971 943 
3 971 944 943 
3 1278 1277 1282 
3 1033 1034 1281 
3 679 681 1286 
3 1033 1281 679 
3 1287 1288 1027 
3 1033 679 1286 
3 1282 673 1281 
3 1066 1034 950 
3 1289 948 966 
3 953 952 1290 
3 1291 1292 1293 
3 1289 1294 1295 
3 1296 1123 1265 
3 1291 1297 1292 
3 1298 1056 1299 
3 1298 1300 942 
3 1298 1299 1300 
3 1056 1055 1299 
3 1296 1265 1301 
3 1298 1264 1056 
3 1300 943 942 
3 1230 1264 1259 
3 1125 1054 1230 
3 1264 1298 1284 
3 1241 690 938 
3 1284 1283 1257 
3 1286 1241 1240 
3 1156 1100 1074 
3 1091 1090 1100 
3 1290 1001 1302 
3 945 1267 1303 
3 1304 1128 1305 
3 1288 1242 1306 
3 1028 1307 941 
3 1290 1236 1001 
3 1125 1230 1258 
3 679 1281 675 
3 681 690 1241 
3 681 1241 1286 
3 941 1308 939 
3 1289 1309 1294 
3 1309 1289 1288 
3 1028 1027 1307 
3 1101 951 1074 
3 1310 1311 1312 
3 673 1282 1277 
3 1066 1279 1034 
3 1308 1307 1311 
3 1308 1313 939 
3 938 694 936 
3 936 694 695 
3 1313 1311 1310 
3 695 696 1312 
3 1311 937 936 
3 936 695 1312 
3 690 694 938 
3 696 698 1314 
3 1314 698 699 
3 1155 1094 1091 
3 696 1310 1312 
3 953 1315 1316 
3 1317 1314 699 
3 696 1314 1310 
3 1092 1318 1319 
3 1094 1318 1092 
3 1092 1319 1090 
3 1318 1094 1320 
3 1320 1321 1322 
3 1321 1317 1322 
3 1322 1323 703 
3 1322 1317 1323 
3 1323 699 703 
3 1324 1314 1317 
3 1311 1313 1308 
3 1101 952 951 
3 1156 1091 1100 
3 933 1236 1117 
3 953 1290 1315 
3 1302 1001 1029 
3 1259 1258 1230 
3 1035 952 1101 
3 1320 1094 1321 
3 1090 1319 1325 
3 1002 1001 1236 
3 1101 1100 1090 
3 931 933 935 
3 1325 934 1035 
3 1290 952 1236 
3 1326 1327 1328 
3 1326 928 1002 
3 932 1326 933 
3 933 1117 935 
3 1329 1327 1326 
3 1156 1155 1091 
3 932 1329 1326 
3 1236 952 1117 
3 1226 1267 1138 
3 1327 926 1328 
3 926 1330 927 
3 1330 926 1327 
3 1330 1327 1329 
3 972 1248 1039 
3 1304 1305 1296 
3 930 929 1331 
3 988 990 1332 
3 1130 1129 1333 
3 1073 953 1316 
3 1136 1235 1334 
3 1073 1026 940 
3 928 1326 1328 
3 1011 1079 957 
3 1335 1336 1337 
3 1010 1082 1081 
3 1038 1037 1338 
3 1246 1338 1247 
3 1228 1339 1229 
3 1340 1243 1041 
3 1174 1341 1179 
3 1149 1115 924 
3 1157 1190 1158 
3 964 959 1342 
3 1130 1333 1343 
3 974 1340 1246 
3 1251 1026 1073 
3 1040 925 1344 
3 1040 1344 1345 
3 1040 1345 994 
3 1255 1346 1256 
3 1344 925 927 
3 1256 926 925 
3 1347 1109 1252 
3 994 1348 1244 
3 1040 994 973 
3 994 1345 1348 
3 1041 1243 1042 
3 1349 1309 1287 
3 1350 1148 1244 
3 1348 1350 1244 
3 972 1039 1040 
3 1350 1351 1148 
3 1244 1148 1147 
3 1351 1083 1148 
3 964 1342 965 
3 1041 1043 1153 
3 1039 1256 925 
3 1351 1352 1083 
3 1353 1082 1010 
3 929 1346 1331 
3 1352 1080 1083 
3 973 972 1040 
3 1079 1354 957 
3 1355 963 965 
3 1352 1078 1080 
3 1111 963 1355 
3 1354 1356 958 
3 1357 958 1356 
3 1078 1354 1079 
3 1358 1359 1357 
3 1359 1358 1360 
3 1359 1108 1357 
3 1107 1108 1361 
3 1213 976 1163 
3 946 945 1303 
3 1361 1360 1362 
3 1363 1134 993 
3 986 1143 970 
3 968 1064 1196 
3 924 1146 1149 
3 1209 1364 1365 
3 1354 958 957 
3 1342 1107 1366 
3 1011 1010 1367 
3 1163 1177 1003 
3 1111 1110 963 
3 1368 760 1369 
3 967 1004 981 
3 1253 1370 1371 
3 769 781 770 
3 1207 1098 1097 
3 1246 972 974 
3 1372 1189 1157 
3 1093 882 1373 
3 1254 956 1305 
3 767 886 1369 
3 1019 1373 883 
3 832 902 881 
3 1374 896 898 
3 1375 896 1374 
3 1375 1374 1376 
3 909 756 755 
3 1377 1378 756 
3 1378 893 757 
3 1374 1377 1376 
3 1376 1377 756 
3 901 895 900 
3 1113 1379 1380 
3 1381 1107 1361 
3 772 770 781 
3 758 747 759 
3 1068 1382 1069 
3 1198 1383 1219 
3 1204 1206 1384 
3 1003 1005 1213 
3 1385 1386 1217 
3 1387 1388 897 
3 1389 1390 1391 
3 1392 1386 1069 
3 1393 1387 1217 
3 756 1378 757 
3 897 1388 899 
3 903 761 1127 
3 1387 1385 1217 
3 1388 1394 899 
3 1394 1393 1395 
3 1393 1061 1395 
3 1062 1211 792 
3 1395 1061 1060 
3 794 793 1396 
3 1394 1388 1393 
3 1397 1217 878 
3 1366 1176 1398 
3 1069 1385 1399 
3 1161 1220 1210 
3 823 915 824 
3 1400 794 1195 
3 1401 1048 904 
3 1389 1382 1390 
3 1021 1402 1060 
3 1021 1023 1402 
3 1403 1402 1023 
3 1404 1382 1389 
3 1405 1406 992 
3 1022 1400 1407 
3 1408 1057 1409 
3 1407 1408 1409 
3 1408 1058 1057 
3 1407 1058 1408 
3 1407 1409 1022 
3 1409 1057 871 
3 1058 1410 1096 
3 1411 1410 1058 
3 1411 1098 1410 
3 1192 1219 1214 
3 1057 1059 872 
3 1409 1412 1413 
3 1409 1413 1414 
3 1409 871 1412 
3 1409 1414 1022 
3 1413 1403 1414 
3 1413 1412 1415 
3 871 1415 1412 
3 1414 1403 1023 
3 1060 1062 1021 
3 870 1415 871 
3 1415 870 1416 
3 1411 1099 1098 
3 1400 792 794 
3 870 1417 1416 
3 870 1014 1417 
3 1417 1016 1025 
3 1016 1417 1014 
3 870 872 1014 
3 1015 1014 1418 
3 872 1059 992 
3 1105 906 1186 
3 1392 1404 1046 
3 1419 1362 1360 
3 1420 1421 1422 
3 1381 1361 1362 
3 1208 1207 1097 
3 1025 1024 1423 
3 1424 1423 1419 
3 1024 1425 1419 
3 1419 1423 1024 
3 1424 1360 1358 
3 1424 1419 1360 
3 1022 1021 1400 
3 1070 1072 1422 
3 1007 1381 1008 
3 891 744 892 
3 1420 888 1008 
3 1006 1008 887 
3 1142 1180 1112 
3 1418 1014 1406 
3 997 996 1018 
3 1198 1219 1192 
3 1382 1068 1167 
3 975 977 887 
3 1418 1405 1426 
3 1367 1010 1081 
3 1189 1372 1427 
3 1396 793 1169 
3 996 1045 1428 
3 1133 1134 1160 
3 1372 1429 1430 
3 1426 1405 1070 
3 1431 1209 1432 
3 1102 1219 1050 
3 1433 1434 1430 
3 1052 1434 1433 
3 1215 1427 1434 
3 1197 1215 1434 
3 1052 1197 1434 
3 1427 1372 1430 
3 1197 1198 1215 
3 1434 1427 1430 
3 1190 1118 980 
3 1433 1435 1216 
3 1433 1216 1207 
3 1381 1420 1008 
3 1216 1435 1095 
3 1161 1160 1429 
3 1410 1095 1096 
3 1371 1336 1335 
3 1405 991 1134 
3 1197 1052 1051 
3 1189 1427 1215 
3 1008 888 887 
3 1198 1051 1383 
3 794 1396 1099 
3 884 765 799 
3 1216 1095 1410 
3 1216 1410 1098 
3 1387 1393 1388 
3 1433 1430 1435 
3 1205 1212 1206 
3 1050 1049 1102 
3 1430 1429 1435 
3 1188 1049 820 
3 819 821 1184 
3 820 1223 1188 
3 1223 1103 1188 
3 1401 1104 1048 
3 990 946 1332 
3 1266 1272 1114 
3 1266 1173 1272 
3 1266 1114 962 
3 876 901 900 
3 915 914 886 
3 1011 1367 1079 
3 1082 1147 1083 
3 843 831 844 
3 831 846 751 
3 860 845 861 
3 907 1436 1122 
3 746 767 747 
3 782 911 799 
3 901 891 890 
3 1437 891 901 
3 1385 897 1399 
3 890 755 895 
3 755 757 895 
3 743 1122 744 
3 1122 743 908 
3 763 762 911 
3 763 911 1181 
3 745 773 743 
3 775 1075 773 
3 1076 1019 1077 
3 868 1075 775 
3 765 782 799 
3 843 862 861 
3 775 1437 885 
3 884 902 1438 
3 875 864 876 
3 882 866 750 
3 857 860 858 
3 845 831 861 
3 861 831 843 
3 750 749 882 
3 854 828 863 
3 828 854 834 
3 828 834 829 
3 847 856 852 
3 902 1439 1438 
3 830 804 806 
3 830 828 827 
3 809 802 805 
3 802 809 800 
3 805 797 806 
3 830 849 828 
3 826 850 849 
3 797 826 806 
3 849 830 806 
3 826 849 806 
3 1131 832 796 
3 1131 902 832 
3 818 787 803 
3 984 818 803 
3 1131 816 1439 
3 1439 791 790 
3 912 801 918 
3 802 801 912 
3 783 911 782 
3 766 765 1438 
3 765 884 1438 
3 816 791 1439 
3 758 769 752 
3 783 1181 911 
3 759 763 1181 
3 747 767 759 
3 760 767 1369 
3 1019 777 1077 
3 946 1339 1332 
3 933 1326 1002 
3 960 1226 961 
3 1234 954 1254 
3 990 989 955 
3 1440 1124 1273 
3 1440 1273 955 
3 989 1440 955 
3 990 955 947 
3 1233 1441 1263 
3 956 1273 1305 
3 1146 1145 1229 
3 1145 1227 1229 
3 1145 920 1227 
3 1339 1268 1229 
3 1332 1339 1228 
3 989 1441 1233 
3 1086 988 1332 
3 1332 1228 1086 
3 1086 1228 1227 
3 1288 1240 1242 
3 1279 1282 1034 
3 1257 1283 1238 
3 954 956 1254 
3 1440 1232 1124 
3 1124 1232 1125 
3 1287 1309 1288 
3 966 1033 1240 
3 1294 1283 1285 
3 1295 949 948 
3 949 1295 944 
3 1295 948 1289 
3 944 1295 1285 
3 1295 1294 1285 
3 1284 1257 1259 
3 1293 1442 1291 
3 1276 1257 1238 
3 1304 1296 1301 
3 1238 1283 1239 
3 940 1026 1028 
3 1306 1242 938 
3 1242 1241 938 
3 937 1306 938 
3 1033 1286 1240 
3 1349 1287 1026 
3 1026 1287 1027 
3 1027 1288 1306 
3 1311 1307 937 
3 1313 1155 939 
3 940 1028 941 
3 1443 1442 1444 
3 1316 1251 1073 
3 966 1240 1445 
3 1249 1297 1291 
3 699 1323 1317 
3 951 953 1073 
3 926 1256 1328 
3 1343 1255 1446 
3 1343 1331 1255 
3 1255 1248 1446 
3 1331 1346 1255 
3 929 928 1328 
3 1029 1292 1302 
3 930 1333 1029 
3 1029 1333 1447 
3 1331 1333 930 
3 1346 929 1328 
3 1301 1265 1276 
3 1296 1305 1123 
3 1123 1305 1273 
3 988 1441 989 
3 1292 1029 1447 
3 1249 1251 1297 
3 1333 1129 1447 
3 1315 1290 1302 
3 952 1035 1117 
3 1154 961 1152 
3 1152 1036 1038 
3 954 1234 947 
3 1307 1308 941 
3 1152 1038 1041 
3 1305 1128 1254 
3 1041 1153 1152 
3 1037 1446 1247 
3 1247 1446 1248 
3 1338 1037 1247 
3 1340 1338 1246 
3 974 1243 1340 
3 1243 974 994 
3 1042 1243 1244 
3 1079 1367 1080 
3 1353 1448 1082 
3 1367 1081 1080 
3 958 1357 1108 
3 958 1108 959 
3 1359 1360 1361 
3 1381 1362 1449 
3 1371 1370 1336 
3 1011 957 964 
3 964 1012 1011 
3 957 959 964 
3 1398 1355 965 
3 1336 1355 1398 
3 963 1012 964 
3 965 1342 1398 
3 976 1113 1380 
3 1113 976 1213 
3 1116 960 1114 
3 1347 1153 1448 
3 1154 1153 1347 
3 1340 1038 1338 
3 1137 1136 1334 
3 1272 1175 1063 
3 1244 1147 1042 
3 1347 1266 1154 
3 1080 1081 1083 
3 1253 1111 1370 
3 1007 1366 1381 
3 1267 1450 1303 
3 1010 1012 1353 
3 1284 1259 1264 
3 1370 1111 1355 
3 1365 1364 1199 
3 1428 1186 916 
3 896 1399 897 
3 910 1375 1376 
3 910 1376 756 
3 1436 1451 909 
3 886 1018 824 
3 909 1451 910 
3 1452 1182 1167 
3 1167 1068 1452 
3 1382 1167 1390 
3 1183 1453 1187 
3 906 905 1187 
3 823 916 1453 
3 1170 1169 880 
3 1391 1390 1183 
3 1172 1454 1047 
3 910 1067 1375 
3 897 1385 1387 
3 1382 1404 1069 
3 1211 1397 878 
3 1397 1062 1061 
3 1062 1397 1211 
3 1061 1393 1397 
3 1407 1400 1195 
3 1400 1062 792 
3 792 1211 793 
3 1059 1058 1096 
3 993 1059 1096 
3 1058 1195 1411 
3 1411 1195 1099 
3 992 1059 993 
3 1058 1407 1195 
3 1414 1023 1022 
3 1397 1393 1217 
3 1199 889 1072 
3 1015 1425 1024 
3 1342 959 1107 
3 1108 1359 1361 
3 1404 1392 1069 
3 1392 1046 879 
3 1057 872 871 
3 1405 992 991 
3 1365 1161 1210 
3 1209 1431 1364 
3 1161 1365 1133 
3 1435 1363 1095 
3 1095 1363 993 
3 1160 1363 1435 
3 1160 1134 1363 
3 1097 1099 1169 
3 1396 1169 1099 
3 1208 1097 1169 
3 1168 1208 1169 
3 1206 1212 1455 
3 1455 1212 1168 
3 1384 1206 1455 
3 1454 1455 1168 
3 889 1164 887 
3 1168 1212 1208 
3 1391 1183 1187 
3 1165 785 784 
3 1135 1158 1087 
3 1193 1118 1190 
3 1220 1159 1210 
3 1157 1220 1372 
3 1432 1159 1135 
3 1224 1225 1203 
3 1431 1177 1162 
3 1224 1004 1003 
3 1431 1432 1225 
3 1225 1177 1431 
3 977 1006 887 
3 1213 1163 1003 
3 1456 1105 1186 
3 1456 1186 1428 
3 1383 1051 1205 
3 1183 823 1453 
3 778 1018 886 
3 917 1017 746 
3 1017 997 1018 
3 1185 821 1456 
3 903 1127 774 
3 914 1368 1369 
3 886 914 1369 
3 1165 913 1166 
3 1018 822 824 
3 1105 1456 821 
3 981 1004 982 
3 1335 1337 1380 
3 1121 1203 1089 
3 1176 1366 1007 
3 922 1032 923 
3 1041 1038 1340 
3 924 921 1146 
3 1151 1030 922 
3 1450 1149 1268 
3 968 1151 1064 
3 1143 1030 1151 
3 1174 1179 1180 
3 1174 1180 1222 
3 1196 1222 1180 
3 1135 1089 1432 
3 1142 1196 1180 
3 1379 1113 1112 
3 1005 1004 967 
3 961 1154 962 
3 1450 1267 1226 
3 1136 945 947 
3 1128 1235 1234 
3 1245 945 1136 
3 1267 1245 1138 
3 1138 1137 1037 
3 1450 1226 960 
3 1446 1137 1334 
3 1235 1343 1334 
3 1343 1446 1334 
3 1256 1346 1328 
3 1039 1248 1256 
3 972 1246 1248 
3 1043 1082 1448 
3 1153 1043 1448 
3 1042 1147 1043 
3 1043 1147 1082 
3 1012 1110 1353 
3 963 1110 1012 
3 1110 1109 1353 
3 1336 1176 1337 
3 1337 1176 977 
3 1179 1379 1112 
3 1398 1176 1336 
3 1179 1335 1380 
3 1179 1371 1335 
3 837 1142 1112 
3 1379 1179 1380 
3 1370 1355 1336 
3 1341 1253 1371 
3 1174 1253 1341 
3 1173 1253 1174 
3 1347 1448 1109 
3 1109 1448 1353 
3 1111 1253 1252 
3 1109 1111 1252 
3 1114 960 962 
3 1450 960 1116 
3 1252 1266 1347 
3 1173 1266 1252 
3 1138 1037 1036 
3 1037 1137 1446 
3 1272 1115 1114 
3 1175 1174 1222 
3 1337 977 1380 
3 1366 1107 1381 
3 907 785 1182 
3 1182 785 1165 
3 1452 1451 907 
3 907 1451 1436 
3 907 1122 908 
3 1068 1451 1452 
3 914 1457 1368 
3 763 759 761 
3 1166 985 1390 
3 1166 913 985 
3 1390 985 1183 
3 1172 1391 905 
3 1454 1172 905 
3 1171 1391 1172 
3 1404 1389 1171 
3 1171 1389 1391 
3 1046 1404 1171 
3 1375 1067 1399 
3 1067 1069 1399 
3 1386 1385 1069 
3 1375 1399 896 
3 1386 1218 1217 
3 1386 1392 1218 
3 1218 1392 879 
3 793 878 880 
3 1021 1062 1400 
3 992 1406 872 
3 1418 1426 1015 
3 1405 1418 1406 
3 1426 1070 1422 
3 1421 1426 1422 
3 889 888 1072 
3 1381 1449 1420 
3 976 1380 977 
3 1342 1366 1398 
3 1163 976 975 
3 1163 975 1164 
3 889 1162 1164 
3 1431 1162 1458 
3 1072 1071 1199 
3 1134 1071 1070 
3 1070 1405 1134 
3 1458 1162 889 
3 1406 1014 872 
3 1372 1161 1429 
3 1372 1220 1161 
3 1207 1052 1433 
3 1053 1208 1212 
3 1365 1199 1133 
3 1053 1212 1051 
3 1429 1160 1435 
3 793 880 1169 
3 1454 1170 1047 
3 1046 1172 1047 
3 1047 1170 880 
3 1454 1168 1170 
3 1047 880 879 
3 878 1218 879 
3 1167 1166 1390 
3 905 1391 1187 
3 904 1459 905 
3 1384 1459 904 
3 1383 1050 1219 
3 1204 1384 1048 
3 1048 1384 904 
3 1048 1050 1204 
3 905 1459 1454 
3 1383 1205 1204 
3 1204 1050 1383 
3 1209 1159 1432 
3 1015 1426 1425 
3 1225 1432 1203 
3 1432 1089 1203 
3 1224 1203 1004 
3 1003 1177 1224 
3 822 996 1428 
3 1045 1185 1428 
3 1185 1456 1428 
3 822 1428 916 
3 1457 784 786 
3 778 746 1017 
3 784 1457 914 
3 1179 1341 1371 
3 1272 1173 1175 
3 1064 1175 1222 
3 1175 1064 1063 
3 1087 1190 980 
3 917 746 748 
3 758 759 1181 
3 782 781 783 
3 769 783 781 
3 1013 803 791 
3 791 825 1013 
3 790 766 1438 
3 1439 790 1438 
3 749 832 881 
3 825 791 816 
3 1131 1439 902 
3 860 857 856 
3 856 835 860 
3 860 835 855 
3 863 849 846 
3 846 854 863 
3 855 846 845 
3 860 855 845 
3 846 849 751 
3 855 835 854 
3 867 862 840 
3 841 843 842 
3 865 841 842 
3 840 843 841 
3 866 842 844 
3 850 832 749 
3 1373 881 883 
3 1373 882 881 
3 883 902 884 
3 868 1093 1076 
3 1093 1373 1076 
3 868 1076 1075 
3 1076 1373 1019 
3 1077 777 776 
3 903 762 761 
3 776 762 903 
3 1457 786 1127 
3 1122 1436 892 
3 1436 909 892 
3 891 1437 745 
3 745 744 891 
3 901 876 885 
3 864 865 885 
3 1437 901 885 
3 1437 775 745 
3 907 1182 1452 
3 750 866 844 
3 1291 1442 1443 
3 1293 1292 1447 
3 1447 1129 1304 
3 1304 1129 1128 
3 1130 1235 1128 
3 1343 1235 1130 
3 1273 1124 1123 
3 1333 1331 1343 
3 1035 1101 1090 
3 1090 1325 1035 
3 1074 940 939 
3 1073 940 1074 
3 1321 1324 1317 
3 1094 1155 1324 
3 1094 1324 1321 
3 1074 939 1156 
3 1310 1314 1324 
3 1324 1155 1313 
3 1313 1310 1324 
3 1312 1311 936 
3 1307 1027 1306 
3 937 1307 1306 
3 1250 1349 1026 
3 1349 1239 1309 
3 1239 1294 1309 
3 1289 966 1445 
3 1289 1445 1288 
3 1445 1240 1288 
3 1444 1442 1301 
3 1301 1442 1304 
3 1251 1250 1026 
3 1291 1443 1249 
3 1249 1443 1250 
3 1265 1258 1257 
3 1276 1265 1257 
3 1283 1294 1239 
3 1284 1298 1285 
3 942 944 1285 
3 1298 942 1285 
3 949 1066 950 
3 971 1066 949 
3 988 1086 1085 
3 1441 1085 1263 
3 1085 1441 988 
3 1339 946 1303 
3 1303 1268 1339 
3 1232 1440 1233 
3 1233 1440 989 
3 1444 1276 1275 
3 1301 1276 1444 
3 1275 1443 1444 
3 1250 1275 1237 
3 1237 1349 1250 
3 1237 1275 1238 
3 1237 1239 1349 
3 1250 1443 1275 
3 1292 1315 1302 
3 1292 1297 1315 
3 1297 1251 1316 
3 1315 1297 1316 
3 1304 1293 1447 
3 1304 1442 1293 
3 1116 1149 1450 
3 1152 961 1036 
3 961 1226 1036 
3 1067 1451 1068 
3 910 1451 1067 
3 913 784 914 
3 1165 784 913 
3 1362 1425 1449 
3 1419 1425 1362 
3 1425 1421 1449 
3 1426 1421 1425 
3 1421 1420 1449 
3 1458 1364 1431 
3 1364 1458 1199 
3 1072 888 1422 
3 888 1420 1422 
3 1199 1458 889 
3 1134 991 993 
3 1209 1365 1210 
3 1459 1455 1454 
3 1384 1455 1459 
3 1104 1401 1105 
3 906 1105 1401 
3 906 1401 904 
3 1186 1453 916 
3 1186 1187 1453 
3 1450 1268 1303 
3 772 764 780 
3 764 766 780 
3 918 813 984 
3 813 815 984 
3 807 808 918 
3 1013 918 984 
3 825 912 1013 
3 912 825 812 
3 912 918 1013 
3 1093 866 882 
3 1093 865 866 
3 773 1075 776 
3 773 776 774 
3 761 760 1368 
3 1127 761 1368 
3 1368 1457 1127 
3 908 743 774 
3 774 786 908 
3 786 785 908 
3 1460 1461 1462 
3 1463 1464 1465 
3 1466 1467 1468 
3 1469 1470 1471 
3 1472 1473 1474 
3 1475 1476 1477 
3 1478 1479 1480 
3 1481 1482 1483 
3 1484 1485 1486 
3 1487 1488 1489 
3 1490 1491 1492 
3 1493 1494 1495 
3 1496 1497 1498 
3 1499 1500 1501 
3 1502 1503 1504 
3 1505 1506 1507 
3 1508 1509 1510 
3 1511 1512 1513 
3 1514 1515 1516 
3 1517 1518 1519 
3 1520 1521 1522 
3 1523 1524 1525 
3 1526 1527 1528 
3 1529 1530 1531 
3 1516 1532 1533 
3 1534 1535 1536 
3 1537 1484 1486 
3 1538 1539 1540 
3 1541 1482 1481 
3 1542 1524 1523 
3 1543 1544 1545 
3 1546 1547 1548 
3 1549 1550 1540 
3 1551 1552 1542 
3 1553 1486 1554 
3 1555 1556 1557 
3 1558 1559 1560 
3 1561 1507 1562 
3 1563 1564 1565 
3 1495 1549 1504 
3 1558 1566 1567 
3 1538 1568 1569 
3 1524 1570 1563 
3 1571 1538 1569 
3 1572 1568 1540 
3 120 1569 121 
3 120 1571 1569 
3 1571 120 119 
3 1573 1571 119 
3 1574 1575 1572 
3 1576 1561 122 
3 1561 110 122 
3 1502 1549 1540 
3 1511 1556 1560 
3 1577 1538 1573 
3 1578 1506 1505 
3 128 1576 122 
3 132 133 1579 
3 133 1580 1579 
3 128 132 1505 
3 851 1581 136 
3 851 853 1582 
3 133 136 1581 
3 1576 128 1505 
3 851 1582 1580 
3 1580 133 1581 
3 1507 1561 1576 
3 1582 853 857 
3 851 1580 1581 
3 1583 857 1584 
3 857 859 1584 
3 1558 1567 1559 
3 1505 132 1579 
3 1585 1586 1512 
3 1578 1583 1587 
3 859 869 1567 
3 1583 1582 857 
3 869 1559 1567 
3 869 873 1559 
3 859 1567 1584 
3 1511 1588 1556 
3 873 874 1589 
3 1589 1559 873 
3 874 1590 1589 
3 1591 1592 1544 
3 1593 1594 1554 
3 874 877 1590 
3 1590 877 1595 
3 1596 1597 1598 
3 1523 1525 1592 
3 1598 1599 1600 
3 1515 1601 1532 
3 1567 1566 1584 
3 1602 1603 1595 
3 1530 1604 1531 
3 1559 1605 1560 
3 1513 1588 1511 
3 1603 1590 1595 
3 1545 1530 1529 
3 1606 1600 893 
3 1607 899 1608 
3 893 1600 894 
3 1607 898 899 
3 1600 1599 894 
3 1599 1595 877 
3 1599 877 894 
3 1556 1566 1558 
3 1497 1609 1610 
3 1533 1532 1597 
3 1597 1532 1598 
3 1481 1483 1611 
3 1532 1601 1598 
3 1612 1613 1614 
3 1615 1616 1617 
3 1618 1619 1620 
3 1495 1504 1493 
3 1621 1528 1527 
3 1622 1623 1624 
3 1625 1469 1471 
3 1626 1627 1628 
3 1629 1630 1631 
3 1632 1633 1634 
3 1635 1636 1466 
3 1637 1638 1639 
3 1640 1641 1642 
3 1643 1644 1642 
3 1645 1646 1647 
3 1648 1649 1650 
3 1651 1652 1574 
3 1573 119 110 
3 1540 1550 1572 
3 1517 1653 1494 
3 1654 1655 1534 
3 1538 1577 1539 
3 1656 1646 1645 
3 1657 1618 1658 
3 1575 1652 183 
3 1575 183 121 
3 183 1652 184 
3 121 1569 1568 
3 1651 1646 186 
3 1651 186 184 
3 1659 1651 1574 
3 1651 184 1652 
3 1574 1572 1660 
3 190 1661 195 
3 1656 1645 1661 
3 1662 1663 1641 
3 1636 1664 1640 
3 1665 1625 1463 
3 1465 1464 205 
3 186 1646 1656 
3 216 1666 1667 
3 1667 1668 206 
3 1465 195 1661 
3 1463 1669 1666 
3 1670 1671 213 
3 212 1670 213 
3 1672 215 1668 
3 195 1465 205 
3 1673 1671 1674 
3 1640 1662 1641 
3 1675 1676 1677 
3 1678 1619 1679 
3 1518 1517 1493 
3 1680 1681 1643 
3 1682 1683 1684 
3 1685 1686 1687 
3 1464 1463 1666 
3 931 1688 932 
3 1689 1690 1691 
3 1673 1692 1693 
3 1694 1476 1475 
3 1695 1677 1696 
3 1501 1677 1695 
3 1671 240 213 
3 1671 1697 240 
3 1697 1698 240 
3 215 206 1668 
3 1699 1700 1698 
3 1672 1670 212 
3 1672 212 215 
3 1672 1701 1674 
3 1702 1703 1704 
3 1692 1701 1705 
3 1700 1706 248 
3 1699 1707 1702 
3 1708 1680 1709 
3 240 1698 242 
3 1710 1711 1712 
3 1700 248 242 
3 1706 1713 250 
3 1677 1714 1675 
3 1713 254 250 
3 1675 1714 1713 
3 248 1706 250 
3 1700 1715 1706 
3 254 1716 255 
3 1717 1718 1719 
3 1720 1721 1722 
3 1716 1714 1723 
3 1716 1724 255 
3 1501 1695 1725 
3 1704 1676 1715 
3 254 1714 1716 
3 1700 242 1698 
3 1726 1727 1728 
3 1696 1677 1676 
3 1468 1467 1729 
3 1721 1720 1501 
3 1730 1731 1732 
3 1718 1733 1734 
3 1735 283 285 
3 283 1736 289 
3 934 1737 931 
3 1738 1739 1740 
3 291 1741 292 
3 1742 1743 1726 
3 1735 1744 283 
3 1745 285 298 
3 1746 1747 1748 
3 1735 285 1745 
3 1744 1736 283 
3 298 303 1749 
3 1750 1722 1748 
3 306 1749 303 
3 1749 306 1751 
3 306 308 1752 
3 1752 308 310 
3 1723 1753 1724 
3 310 1754 1751 
3 310 314 1754 
3 1719 1755 1756 
3 1752 310 1751 
3 1722 1721 1757 
3 320 1724 1753 
3 1754 320 1753 
3 320 255 1724 
3 1754 314 320 
3 1713 1714 254 
3 306 1752 1751 
3 1734 1744 1735 
3 1754 1753 1719 
3 1734 1735 1745 
3 1501 1500 1677 
3 1635 1466 1468 
3 1758 1759 1760 
3 1761 1762 1763 
3 1689 1764 1765 
3 1673 1693 1707 
3 1733 1722 1750 
3 1719 1751 1754 
3 1766 1767 1768 
3 1769 1770 1766 
3 1727 1771 1772 
3 1773 1774 1775 
3 1776 1777 1664 
3 1778 1779 1780 
3 1574 1660 1659 
3 1781 1644 1782 
3 1783 1678 1665 
3 1784 1701 1668 
3 1690 1785 1786 
3 1787 1703 1788 
3 1759 1694 1475 
3 1778 1476 1789 
3 1732 1790 1791 
3 1771 1792 1772 
3 1479 1624 1793 
3 1794 1795 1796 
3 1797 1798 1799 
3 1710 1702 1707 
3 1461 1800 1801 
3 1802 1803 1691 
3 1804 1772 1805 
3 1718 1755 1719 
3 1796 1806 1807 
3 1804 1805 1477 
3 1704 1808 1676 
3 1790 1809 1810 
3 1811 1812 1813 
3 1814 1815 1816 
3 1770 1817 1818 
3 1791 1730 1732 
3 1790 1810 1791 
3 1728 1727 1772 
3 1819 1767 1820 
3 1821 1817 545 
3 1821 545 542 
3 1756 1755 1745 
3 546 548 1814 
3 546 1822 1821 
3 1816 1823 1814 
3 1822 546 1814 
3 1824 1825 1826 
3 1815 1814 548 
3 548 551 1815 
3 1827 551 289 
3 1827 289 1736 
3 1722 1757 1828 
3 1829 1747 1830 
3 1805 1831 1832 
3 1827 1815 551 
3 1833 1694 1759 
3 1804 1742 1728 
3 1767 1766 1820 
3 1834 1790 1768 
3 1823 1822 1814 
3 1835 1836 1837 
3 1838 1839 1642 
3 1801 1781 1462 
3 1619 1678 1783 
3 1830 1746 1828 
3 1634 1840 1798 
3 1462 1781 1782 
3 1841 1842 1843 
3 1844 1609 1845 
3 1656 1661 190 
3 1760 1846 1847 
3 1691 1848 1764 
3 1849 1682 1850 
3 1628 1627 1851 
3 1852 1853 1854 
3 1855 1424 1844 
3 1507 1576 1505 
3 1856 1666 1669 
3 1623 1622 1460 
3 1651 1659 1646 
3 1523 1551 1542 
3 1857 1858 1859 
3 1842 1860 1843 
3 1804 1728 1772 
3 1861 1862 1520 
3 1863 1529 1531 
3 1676 1675 1715 
3 1550 1549 1495 
3 1583 1578 1582 
3 1566 1583 1584 
3 1864 1865 1866 
3 1867 1868 1869 
3 1760 1759 1846 
3 216 1667 206 
3 186 1656 190 
3 1870 1871 1872 
3 1873 1679 1657 
3 1874 1875 1869 
3 1612 1498 1876 
3 1761 1877 1878 
3 1879 1880 1881 
3 1882 1883 292 
3 1884 1775 1885 
3 1572 1575 1568 
3 1568 1575 121 
3 1464 216 205 
3 1886 1887 1806 
3 1888 1826 1817 
3 1728 1742 1726 
3 1770 1888 1817 
3 1889 1890 1891 
3 1892 1510 1480 
3 1583 1566 1587 
3 1594 1893 1522 
3 1585 1603 1602 
3 1513 1570 1588 
3 1541 1863 1531 
3 1820 1770 1818 
3 1797 1894 1632 
3 1489 1488 1611 
3 1895 1896 1897 
3 1898 1811 1899 
3 1900 1827 1736 
3 1901 637 1902 
3 1903 1812 1904 
3 1464 1666 216 
3 638 1905 1906 
3 1905 1901 1907 
3 1699 1702 1704 
3 1711 1729 1712 
3 1582 1578 1580 
3 1678 1625 1665 
3 1829 1816 1815 
3 1504 1549 1502 
3 1908 1909 1910 
3 1607 1861 1911 
3 1912 1913 1914 
3 1915 1916 1482 
3 1917 1918 1919 
3 1920 1921 1922 
3 1513 1512 1564 
3 1711 1468 1729 
3 1528 1621 1923 
3 1924 1925 1926 
3 1927 1928 1929 
3 1930 1482 1541 
3 1603 1605 1589 
3 1931 1637 1932 
3 1531 1930 1541 
3 1612 1614 1933 
3 1877 1761 1763 
3 1594 1553 1554 
3 1934 1935 1936 
3 1622 1937 1938 
3 1939 1664 1636 
3 1645 1465 1661 
3 1778 1789 1940 
3 1941 1680 1708 
3 1942 1943 1510 
3 1944 1809 1790 
3 1945 1639 1946 
3 1947 1948 1949 
3 1899 1633 1898 
3 1950 1787 1951 
3 1931 1508 1487 
3 1931 1952 1509 
3 1766 1770 1820 
3 1834 1819 1953 
3 1954 1743 1742 
3 1955 1884 1885 
3 1769 1956 1957 
3 1958 1959 1960 
3 1961 1959 1958 
3 637 1901 638 
3 1906 640 638 
3 1962 1963 1871 
3 1964 1960 1965 
3 637 641 1902 
3 1865 1966 1960 
3 1901 1905 638 
3 641 644 1825 
3 1966 1967 1906 
3 1968 1796 1807 
3 1825 644 1826 
3 644 545 1826 
3 1821 1822 1818 
3 1823 1819 1820 
3 1963 1969 1970 
3 1848 1971 1764 
3 1826 545 1817 
3 1817 1821 1818 
3 1870 1907 1972 
3 1944 1954 1809 
3 1973 1888 1974 
3 1768 1767 1834 
3 1972 1824 1973 
3 1975 1976 1977 
3 1741 1978 1882 
3 1979 1968 1980 
3 1709 1680 1641 
3 1710 1707 1693 
3 1704 1703 1808 
3 1805 1832 1477 
3 1811 1981 1982 
3 1634 1797 1632 
3 1983 1984 1947 
3 1773 1775 1985 
3 1986 1987 1988 
3 1989 1990 1991 
3 1949 1948 1992 
3 1993 1994 1995 
3 1691 1764 1689 
3 1880 1996 1997 
3 1825 1902 641 
3 1984 1983 1998 
3 1905 1961 1958 
3 1974 1871 1973 
3 1999 1978 2000 
3 1887 2001 1980 
3 1995 1994 2002 
3 1866 1960 1964 
3 2000 1978 2003 
3 1864 1978 2004 
3 1993 1997 2005 
3 1880 1879 2006 
3 1879 1881 1319 
3 1879 1319 1318 
3 2006 1318 1999 
3 1318 2006 1879 
3 1956 1769 1766 
3 1318 1320 1999 
3 1320 1322 2007 
3 1320 2007 1999 
3 2006 2000 1880 
3 2004 1865 1864 
3 1902 1907 1901 
3 1322 703 1883 
3 1322 1883 2007 
3 1883 703 292 
3 1741 704 2004 
3 1741 291 704 
3 704 706 2008 
3 1865 1967 1966 
3 1872 1738 1740 
3 704 2008 2004 
3 1967 2008 706 
3 1907 1961 1905 
3 1872 1959 1961 
3 1882 292 1741 
3 2005 1997 2001 
3 640 1967 706 
3 640 1906 1967 
3 1865 2008 1967 
3 1964 1965 2009 
3 1994 2010 1737 
3 931 1737 1688 
3 2001 1887 2011 
3 2012 2013 2014 
3 1880 1997 1993 
3 1961 1870 1872 
3 2015 2016 1989 
3 1882 1978 1999 
3 1325 1319 1881 
3 1995 2002 1325 
3 934 2002 1737 
3 1325 2002 934 
3 932 1688 2017 
3 2016 2018 2019 
3 1887 1807 1806 
3 2017 1989 1329 
3 932 2017 1329 
3 2019 2018 2020 
3 1990 2016 1984 
3 2019 2020 1992 
3 1325 1881 1995 
3 1991 927 1330 
3 1991 1330 1989 
3 1330 1329 1989 
3 1991 2021 927 
3 2022 2023 2018 
3 2020 2018 2024 
3 2011 1887 1886 
3 1866 2003 1864 
3 2025 2026 2027 
3 1984 2016 2019 
3 1687 1686 2028 
3 1894 1981 2029 
3 2010 2011 2023 
3 2030 1984 1998 
3 1986 1988 1629 
3 1773 1985 1843 
3 2031 2032 1654 
3 2030 1998 2021 
3 2033 1631 2034 
3 2035 2036 1536 
3 2037 2038 1918 
3 2038 1344 2021 
3 1345 1344 2037 
3 2038 2037 1344 
3 1344 927 2021 
3 2037 1918 1917 
3 1947 1949 1683 
3 1921 2039 2040 
3 2041 2042 2043 
3 1919 1348 1917 
3 1917 1348 1345 
3 1917 1345 2037 
3 1991 2030 2021 
3 1919 2044 1348 
3 2045 2046 1351 
3 2047 2048 2049 
3 1348 2044 1350 
3 1350 2045 1351 
3 2046 2042 2041 
3 2050 2049 2051 
3 1853 2032 2052 
3 1351 2046 1352 
3 2015 2017 1688 
3 2042 2045 2047 
3 1853 1852 2032 
3 2053 1987 1986 
3 1350 2044 2045 
3 2041 2054 1078 
3 1352 2046 2041 
3 1352 2041 1078 
3 1354 2054 1987 
3 1988 1987 2036 
3 1354 2055 1356 
3 2053 2056 1357 
3 2035 1535 1629 
3 2057 2058 2033 
3 1078 2054 1354 
3 2053 1357 1356 
3 2059 1914 2060 
3 1897 1896 2061 
3 2056 2062 1358 
3 2056 1358 1357 
3 2036 1987 2054 
3 1356 2055 2053 
3 1354 1987 2055 
3 2056 2058 2057 
3 1535 2035 1536 
3 2063 1845 1497 
3 2036 2041 2043 
3 2064 2065 1895 
3 1850 2066 1983 
3 2004 2008 1865 
3 1534 1536 2067 
3 546 1821 542 
3 1918 1850 2068 
3 1988 2036 2035 
3 1930 1915 1482 
3 2069 1649 1648 
3 1509 1942 1510 
3 1479 1793 1480 
3 1878 1877 1942 
3 1527 1526 1481 
3 1521 1537 1522 
3 1638 1483 1916 
3 2070 2071 1875 
3 2072 2073 1473 
3 1597 1596 1486 
3 1608 1861 1607 
3 1374 898 1911 
3 1893 1594 1377 
3 1893 1374 1911 
3 2074 1521 2072 
3 1594 1593 1378 
3 2074 1537 1521 
3 1553 1594 1522 
3 1377 1594 1378 
3 1378 1593 893 
3 1593 1606 893 
3 1596 1598 1600 
3 1374 1893 1377 
3 1486 1596 1554 
3 1473 2074 2072 
3 1862 1521 1520 
3 2075 1935 1934 
3 2076 1858 1857 
3 1925 2077 1926 
3 1862 1616 2078 
3 2079 1934 2080 
3 2081 2082 2083 
3 1596 1606 1554 
3 1608 1616 1861 
3 1911 898 1607 
3 1911 1861 1520 
3 1608 899 1924 
3 1924 899 1394 
3 1394 1395 1925 
3 2084 2085 2077 
3 1395 1060 2084 
3 1395 2084 1925 
3 1924 1394 1925 
3 1913 2086 2087 
3 1926 2088 1924 
3 1617 1616 2088 
3 1615 1617 2089 
3 2085 1060 2075 
3 2090 2088 1926 
3 2077 1925 2084 
3 1060 2085 2084 
3 1402 2075 1060 
3 2075 1402 1403 
3 1936 2086 1934 
3 2091 2079 2080 
3 1655 1629 1535 
3 2090 1617 2088 
3 1413 2092 1403 
3 1413 1415 2092 
3 1936 1416 2086 
3 1936 1415 1416 
3 2075 1403 1935 
3 1417 2086 1416 
3 2086 1417 2087 
3 2087 1417 1025 
3 2087 1025 2060 
3 2079 2091 2077 
3 2092 1415 1936 
3 1855 2059 2060 
3 2086 1913 2093 
3 2092 1935 1403 
3 1025 1423 2060 
3 1855 1423 1424 
3 1855 2060 1423 
3 1424 2062 1844 
3 1988 2035 1629 
3 1424 1358 2062 
3 2094 1912 2063 
3 1859 1876 1857 
3 1537 1553 1522 
3 1496 1498 1612 
3 1496 1612 1933 
3 1893 1911 1522 
3 2095 2089 2096 
3 2067 1536 2043 
3 2097 2098 1611 
3 1913 2087 2060 
3 2089 2090 2099 
3 1813 1903 1803 
3 2100 1757 2101 
3 1725 2102 2101 
3 1722 1746 1748 
3 1746 1722 1828 
3 2103 1830 1828 
3 1944 2104 2103 
3 1767 1819 1834 
3 1723 1499 1717 
3 1819 1823 1816 
3 1744 1750 1748 
3 1747 1736 1748 
3 1745 1755 1734 
3 1823 1820 1818 
3 1822 1823 1818 
3 1888 1824 1826 
3 1974 1769 1962 
3 1829 1819 1816 
3 1953 1819 2104 
3 1819 1829 2104 
3 1944 1790 1834 
3 1944 1953 2104 
3 1834 1953 1944 
3 1973 1824 1888 
3 1882 1999 2007 
3 2012 2105 2013 
3 1956 1731 1957 
3 2106 1470 1663 
3 1702 1710 1703 
3 1718 1720 1733 
3 1717 1753 1723 
3 1734 1755 1718 
3 1751 1719 1749 
3 2100 2101 1727 
3 1501 1725 1721 
3 1713 1706 1715 
3 1720 1722 1733 
3 1725 1695 1950 
3 1713 1715 1675 
3 1757 1725 2101 
3 1700 1704 1715 
3 2102 1951 1771 
3 2107 1711 1693 
3 1699 1704 1700 
3 1717 1499 2108 
3 1716 1723 1724 
3 1714 1677 1500 
3 1714 1500 1723 
3 1668 1701 1672 
3 1698 1697 1699 
3 1697 1673 1707 
3 1699 1697 1707 
3 1701 1692 1674 
3 1939 1636 1635 
3 1672 1674 1670 
3 1674 1671 1670 
3 1568 1538 1540 
3 1711 1710 1693 
3 2107 1468 1711 
3 2107 1693 1692 
3 2107 1635 1468 
3 1692 1705 2107 
3 1635 2107 1939 
3 1701 1784 1705 
3 1784 1777 1776 
3 1784 1669 1777 
3 2106 1777 1471 
3 1470 2106 1471 
3 1777 1669 1471 
3 1643 1642 1641 
3 1642 1644 1838 
3 1667 1666 1856 
3 2107 1705 1939 
3 1939 1776 1664 
3 1465 1665 1463 
3 1659 1660 2109 
3 1645 1619 1783 
3 1665 1645 1783 
3 1646 1659 1647 
3 1647 1659 2109 
3 1636 1640 2110 
3 1647 1619 1645 
3 1679 1619 1618 
3 1619 1647 2109 
3 1620 1619 2109 
3 1660 2111 2109 
3 1575 1574 1652 
3 1572 1550 1660 
3 1561 1562 2112 
3 1494 1653 2111 
3 1873 1678 1679 
3 1662 1777 2106 
3 1494 2111 1495 
3 1518 2113 1519 
3 2114 1528 1492 
3 1660 1550 1495 
3 2111 1660 1495 
3 1653 1658 2111 
3 1937 2115 1763 
3 1943 1480 1510 
3 1622 1624 1479 
3 1943 1877 1478 
3 2073 2116 1473 
3 1485 1597 1486 
3 1918 2068 2040 
3 1650 1649 2117 
3 1854 1655 1852 
3 1626 2118 1853 
3 1854 1629 1655 
3 1628 1851 1928 
3 2119 1564 1514 
3 1565 1530 1545 
3 2120 1485 1868 
3 1595 1599 1598 
3 1586 1514 1512 
3 1586 1515 1514 
3 1585 1602 1515 
3 1565 1564 2119 
3 2121 1874 1869 
3 1604 2070 1875 
3 1515 1586 1585 
3 1533 1597 1485 
3 2065 2083 2122 
3 1593 1554 1606 
3 1930 1604 2123 
3 1589 1605 1559 
3 1867 1533 2120 
3 2124 1915 2123 
3 2120 1533 1485 
3 1930 2123 1915 
3 1516 1515 1532 
3 1601 1595 1598 
3 1606 1596 1600 
3 2125 2126 2127 
3 1585 1605 1603 
3 1512 1511 1585 
3 1560 1605 1585 
3 1511 1560 1585 
3 1514 1516 2128 
3 1601 1602 1595 
3 1515 1602 1601 
3 1590 1603 1589 
3 1555 1566 1556 
3 1587 1506 1578 
3 2126 2125 2129 
3 1548 1547 1562 
3 1538 1571 1573 
3 1578 1579 1580 
3 1910 1909 1547 
3 1523 1503 1551 
3 1551 1539 1577 
3 1551 1503 1502 
3 2114 1529 1863 
3 2112 1552 1551 
3 2112 1577 1573 
3 2112 1551 1577 
3 1592 1503 1523 
3 2128 2070 2119 
3 1890 1889 2130 
3 2131 1949 2132 
3 2133 1762 1955 
3 2051 2134 2129 
3 2135 2136 2137 
3 1843 1985 1841 
3 2025 2138 2026 
3 2105 1848 2139 
3 2025 2140 1806 
3 1955 1885 2133 
3 2013 2105 2139 
3 1981 2141 1982 
3 1898 1632 2029 
3 1840 2142 2143 
3 1798 1797 1634 
3 1969 1962 1957 
3 1803 1848 1691 
3 1811 1982 1812 
3 1794 1796 1968 
3 2026 2138 2144 
3 2022 2018 2015 
3 1980 2001 2145 
3 1963 1738 1871 
3 1872 1740 2146 
3 2145 1979 1980 
3 1907 1870 1961 
3 1905 1958 1966 
3 1690 1689 1779 
3 1973 1870 1972 
3 1971 1969 1957 
3 1962 1769 1957 
3 1956 1766 1768 
3 1871 1974 1962 
3 1902 1972 1907 
3 2012 2014 1795 
3 1739 1738 1963 
3 1970 2105 2012 
3 2024 1886 2147 
3 2148 1742 1804 
3 1768 1731 1956 
3 2145 2149 1979 
3 2140 1886 1806 
3 2150 1899 1802 
3 1803 1903 2139 
3 1906 1905 1966 
3 1899 1811 1813 
3 1973 1871 1870 
3 1880 2003 1996 
3 2000 2003 1880 
3 1866 1964 2009 
3 2004 1978 1741 
3 1865 1960 1866 
3 1958 1960 1966 
3 2146 2149 1965 
3 1959 2146 1965 
3 1794 2146 1740 
3 1872 2146 1959 
3 1959 1965 1960 
3 1997 2151 2001 
3 2151 2145 2001 
3 2011 2005 2001 
3 2139 1903 2013 
3 2005 2011 2010 
3 2005 2010 1994 
3 2003 1978 1864 
3 2005 1994 1993 
3 1989 2016 1990 
3 1991 1990 2030 
3 2152 2010 2023 
3 1990 1984 2030 
3 2018 2023 2024 
3 1880 1995 1881 
3 2020 2024 2147 
3 1812 1982 2138 
3 2140 2025 2147 
3 1992 2020 2147 
3 1981 1811 2029 
3 2153 1682 1684 
3 1889 1977 2137 
3 1919 1918 2040 
3 2038 2021 1998 
3 2154 2155 2132 
3 2045 2044 2048 
3 2045 2048 2047 
3 2048 2039 2049 
3 2041 2036 2054 
3 1986 2058 2053 
3 2053 2058 2056 
3 1844 2062 1609 
3 2056 2057 2062 
3 2033 1986 1631 
3 1850 1682 1922 
3 1920 1922 2153 
3 1859 2156 1876 
3 1610 2033 2034 
3 2157 1610 2034 
3 2118 1858 1630 
3 1630 1858 2076 
3 1630 1854 2118 
3 1853 2052 2158 
3 2033 2058 1986 
3 1655 1535 1534 
3 2042 2047 2043 
3 2159 1534 2067 
3 2050 2159 2067 
3 2046 2045 2042 
3 2049 2050 2067 
3 1921 2051 2039 
3 1921 1920 2051 
3 2051 2049 2039 
3 1920 2134 2051 
3 1687 2160 2158 
3 1773 1843 1860 
3 1509 1952 2161 
3 2047 2049 2067 
3 1629 1631 1986 
3 2135 2137 1885 
3 2159 2050 2129 
3 2098 1892 2162 
3 1807 1887 1980 
3 2134 2126 2129 
3 1480 1943 1478 
3 1860 2163 2164 
3 2076 2157 2034 
3 1998 1983 2066 
3 2157 2076 1857 
3 1851 2165 1928 
3 1922 1682 2153 
3 2044 1919 2048 
3 2081 2083 2065 
3 2078 2166 2167 
3 1932 1945 2028 
3 1890 2155 2141 
3 2116 2167 2168 
3 1853 2118 1854 
3 1474 1473 2169 
3 2074 1472 1537 
3 1537 1472 1484 
3 1486 1553 1537 
3 1897 2170 2171 
3 1875 2071 1869 
3 1895 2171 2169 
3 2064 2169 1473 
3 2166 2089 2095 
3 2166 1615 2089 
3 2077 2091 2090 
3 2078 2073 2072 
3 2088 1616 1608 
3 1911 1520 1522 
3 2094 2096 1912 
3 1862 2078 2072 
3 1472 1474 2172 
3 2090 1926 2077 
3 1935 2092 1936 
3 1913 2080 2093 
3 1861 1616 1862 
3 2033 1610 1609 
3 2059 1855 1844 
3 1844 1845 2059 
3 1498 2157 1876 
3 1610 2157 1498 
3 2173 1945 2165 
3 1497 1610 1498 
3 2094 1496 2095 
3 2094 1497 1496 
3 2085 2075 1934 
3 2095 1496 1933 
3 2063 1914 2059 
3 2089 1617 2090 
3 1627 2160 1851 
3 2169 2064 1895 
3 2094 2063 1497 
3 2078 1616 1615 
3 2066 2038 1998 
3 2089 2099 2096 
3 1608 1924 2088 
3 1896 1946 2174 
3 1928 1927 2156 
3 1946 1639 2174 
3 2083 1927 2122 
3 1984 1948 1947 
3 2068 1921 2040 
3 1989 2017 2015 
3 1890 2141 1981 
3 1686 1841 1952 
3 1983 1849 1850 
3 1983 1947 1849 
3 1918 2038 2066 
3 1850 1918 2066 
3 2040 2039 2048 
3 1919 2040 2048 
3 2047 2067 2043 
3 1536 2036 2043 
3 2055 1987 2053 
3 1876 2156 1613 
3 2076 1631 1630 
3 1631 2076 2034 
3 1854 1630 1629 
3 2031 1654 2175 
3 2052 2031 2164 
3 2125 2175 2129 
3 2134 1920 2176 
3 2134 2176 2126 
3 2176 2177 2135 
3 2176 2135 1774 
3 2126 2176 1774 
3 1773 2126 1774 
3 2127 2126 1773 
3 2050 2051 2129 
3 2125 2127 2164 
3 1860 2127 1773 
3 2127 1860 2164 
3 2164 2163 2052 
3 2163 1842 1685 
3 2158 2163 1685 
3 2052 2032 2031 
3 1775 1774 1885 
3 1955 1761 1884 
3 1985 1884 1761 
3 1955 1762 1761 
3 1761 1878 1985 
3 1851 2160 1687 
3 1686 1842 1841 
3 1842 1686 1685 
3 1841 1878 2161 
3 2161 1878 1942 
3 1509 2161 1942 
3 1931 1509 1508 
3 2028 1686 1932 
3 1932 1639 1945 
3 1932 1637 1639 
3 1487 1637 1931 
3 2158 2160 1853 
3 2163 1860 1842 
3 1687 2158 1685 
3 1687 2028 2173 
3 1853 2160 1626 
3 1762 1835 1763 
3 1626 1858 2118 
3 2173 2165 1851 
3 1851 1687 2173 
3 2165 1946 1929 
3 1859 1858 1628 
3 1628 1858 1626 
3 1628 2156 1859 
3 1613 2156 2082 
3 2082 2156 2083 
3 2156 1927 2083 
3 2082 2081 2168 
3 2166 1933 2168 
3 1628 1928 2156 
3 1928 2165 1929 
3 2170 2121 2178 
3 1896 2174 2061 
3 1895 1897 2171 
3 2061 2170 1897 
3 2116 2081 2064 
3 2081 2065 2064 
3 2122 1896 1895 
3 2169 2171 2178 
3 2074 1473 1472 
3 1473 2116 2064 
3 1946 1896 1929 
3 1521 1862 2072 
3 2085 2079 2077 
3 2080 1913 1912 
3 2096 2080 1912 
3 1934 2086 2093 
3 1914 1913 2060 
3 1934 2079 2085 
3 2080 1934 2093 
3 2062 2057 1609 
3 2057 2033 1609 
3 1933 1614 2168 
3 1614 1613 2082 
3 1614 2082 2168 
3 1876 1613 1612 
3 1876 2157 1857 
3 2095 2096 2094 
3 1497 1845 1609 
3 2167 2166 2168 
3 1626 2160 1627 
3 2165 1945 1946 
3 1945 2173 2028 
3 2081 2116 2168 
3 1570 1564 1563 
3 1570 1910 1588 
3 1908 1910 1570 
3 1908 1570 1524 
3 1933 2166 2095 
3 1542 1552 1908 
3 2112 1573 1561 
3 1547 1909 2112 
3 1573 110 1561 
3 1547 2112 1562 
3 1505 1579 1578 
3 1587 1566 1555 
3 1588 1910 1557 
3 1557 1546 1555 
3 1556 1588 1557 
3 1910 1547 1546 
3 1560 1556 1558 
3 1908 1552 1909 
3 2166 2078 1615 
3 2172 1474 2178 
3 2128 1516 2071 
3 2071 2070 2128 
3 2178 2171 2170 
3 2123 1604 1875 
3 1874 2123 1875 
3 2124 1874 2121 
3 2120 1868 1867 
3 2124 2121 2170 
3 2124 2123 1874 
3 2061 2124 2170 
3 1915 2124 2061 
3 1474 2169 2178 
3 1542 1908 1524 
3 1484 2172 1485 
3 1570 1513 1564 
3 2119 2070 1530 
3 1530 2070 1604 
3 1592 1525 1544 
3 1563 1565 1544 
3 1565 1545 1544 
3 1544 1525 1563 
3 1514 1564 1512 
3 1525 1524 1563 
3 1529 2113 1543 
3 1543 1545 1529 
3 2114 2113 1529 
3 1491 1490 2179 
3 1638 1916 2174 
3 1916 1915 2174 
3 1639 1638 2174 
3 1531 1604 1930 
3 1565 2119 1530 
3 1650 2098 2162 
3 2098 1621 1527 
3 2098 1527 1611 
3 2114 1863 1526 
3 1526 1863 1481 
3 1482 1916 1483 
3 1527 1481 1611 
3 1481 1863 1541 
3 2174 1915 2061 
3 1877 1943 1942 
3 1488 1487 2180 
3 1483 1489 1611 
3 2098 2097 1892 
3 2097 1488 2180 
3 1892 2097 2180 
3 1793 2181 1480 
3 1488 2097 1611 
3 1952 1841 2161 
3 2115 1622 1478 
3 1622 1479 1478 
3 2115 1937 1622 
3 2119 1514 2128 
3 1526 1528 2114 
3 2179 1490 2117 
3 1490 1923 2117 
3 2179 2117 2182 
3 1653 2179 1658 
3 1653 1491 2179 
3 2117 1923 1650 
3 1923 1621 1650 
3 1650 1621 2098 
3 1650 2162 1648 
3 1648 2162 2069 
3 2117 1649 2182 
3 2180 1510 1892 
3 2069 2162 2183 
3 2069 2183 1681 
3 1649 1941 2184 
3 1624 2183 1793 
3 2184 1941 1708 
3 1941 2185 1680 
3 2106 1663 1662 
3 1873 1708 2186 
3 1470 1469 2186 
3 1469 1678 2186 
3 1678 1873 2186 
3 1658 1618 1620 
3 2179 1657 1658 
3 1873 2182 2184 
3 2182 1649 2184 
3 1708 1873 2184 
3 1657 2182 1873 
3 1519 1491 1517 
3 1517 1491 1653 
3 2111 1620 2109 
3 1679 1618 1657 
3 1518 1504 1591 
3 1493 1504 1518 
3 1493 1517 1494 
3 1658 1620 2111 
3 2179 2182 1657 
3 1540 1539 1502 
3 1539 1551 1502 
3 1465 1645 1665 
3 1667 1856 1668 
3 1669 1784 1856 
3 1856 1784 1668 
3 1669 1463 1471 
3 1463 1625 1471 
3 1784 1776 1705 
3 1705 1776 1939 
3 1777 1662 1664 
3 1466 1636 2187 
3 2187 1636 2110 
3 1792 1788 2188 
3 1951 1792 1771 
3 1951 1788 1792 
3 1792 2188 1831 
3 1696 1950 1695 
3 1697 1671 1673 
3 1673 1674 1692 
3 2188 2189 1831 
3 1703 1710 1712 
3 1788 1951 1787 
3 1696 1808 1787 
3 1696 1787 1950 
3 1950 1951 2102 
3 1696 1676 1808 
3 1788 1729 2188 
3 1721 1725 1757 
3 2108 1499 1720 
3 1744 1748 1736 
3 298 1756 1745 
3 1749 1756 298 
3 1719 1753 1717 
3 1720 1499 1501 
3 1756 1749 1719 
3 1723 1500 1499 
3 1703 1787 1808 
3 1815 1827 1900 
3 1815 1900 1829 
3 2104 1829 1830 
3 2104 1830 2103 
3 1829 1900 1747 
3 1900 1736 1747 
3 1830 1747 1746 
3 1743 2103 2100 
3 1954 2103 1743 
3 2100 1727 1726 
3 1726 1743 2100 
3 2102 1727 2101 
3 1727 2102 1771 
3 1944 2103 1954 
3 2100 2103 1828 
3 1768 1790 1732 
3 1732 1731 1768 
3 1779 2148 1780 
3 1765 1764 1791 
3 1764 1730 1791 
3 1690 2150 1691 
3 2150 1690 1786 
3 2150 1802 1691 
3 1778 1785 1779 
3 1785 1778 1940 
3 1840 1789 2142 
3 2142 1789 1694 
3 2190 1789 1840 
3 1940 1789 2190 
3 2190 1633 1786 
3 1634 1633 2190 
3 1785 1690 1779 
3 2190 1786 1940 
3 1634 2190 1840 
3 1809 1742 2148 
3 1789 1476 1694 
3 1791 1810 1765 
3 1809 1954 1742 
3 1778 1780 1476 
3 2142 1694 1833 
3 1477 1832 1475 
3 2143 1758 2191 
3 2143 1833 1758 
3 1833 1759 1758 
3 2143 2142 1833 
3 1786 1785 1940 
3 1475 1832 1759 
3 1759 1832 1846 
3 1772 1831 1805 
3 1832 1831 1846 
3 2189 1467 1847 
3 1467 1466 1847 
3 1847 1846 2189 
3 2188 1467 2189 
3 1846 1831 2189 
3 2192 2187 2110 
3 1760 2187 2192 
3 2110 1839 2192 
3 1758 1760 2192 
3 2187 1760 1847 
3 2191 1758 2192 
3 2183 1624 1623 
3 1644 1781 1838 
3 1839 1838 2192 
3 1640 1642 1839 
3 1640 1839 2110 
3 2191 2192 1838 
3 1640 1664 1662 
3 1847 1466 2187 
3 1680 1643 1641 
3 1477 1780 1804 
3 1476 1780 1477 
3 1836 1799 2193 
3 2194 2193 1461 
3 1461 2193 1800 
3 2143 2191 1801 
3 1644 2195 1782 
3 2195 1623 1782 
3 1460 1462 1782 
3 2183 2162 1793 
3 1623 1460 1782 
3 1680 2185 1681 
3 1462 1461 1801 
3 1763 2115 1877 
3 1841 1985 1878 
3 2194 1938 1837 
3 1837 1938 1937 
3 2194 1460 1938 
3 1837 1937 1763 
3 2196 1836 1835 
3 1469 1625 1678 
3 1799 1836 2196 
3 2194 1461 1460 
3 1622 1938 1460 
3 1681 2183 1623 
3 1941 1649 2069 
3 1763 1835 1837 
3 1849 1683 1682 
3 2155 2130 2131 
3 2197 2153 1684 
3 2136 2177 2153 
3 2137 2136 2197 
3 2197 2136 2153 
3 2153 2177 1920 
3 1920 2177 2176 
3 1949 1992 2132 
3 1683 2131 1684 
3 2025 2027 2147 
3 2132 1992 2147 
3 2027 2154 2132 
3 2027 2132 2147 
3 1683 1949 2131 
3 1886 2140 2147 
3 1947 1683 1849 
3 1984 2019 1948 
3 1948 2019 1992 
3 2014 1904 2198 
3 2011 1886 2024 
3 2023 2011 2024 
3 1737 2010 2152 
3 2015 2018 2016 
3 2022 2015 1688 
3 1880 1993 1995 
3 1994 1737 2002 
3 2022 2152 2023 
3 2152 2022 1688 
3 1737 2152 1688 
3 1794 1968 1979 
3 2003 1866 2009 
3 1996 2003 2009 
3 1965 2149 2009 
3 1997 1996 2151 
3 2145 2151 2149 
3 2151 1996 2009 
3 2149 2151 2009 
3 1883 1882 2007 
3 1999 2000 2006 
3 2105 1971 1848 
3 1974 1770 1769 
3 1974 1888 1770 
3 1824 1972 1902 
3 1824 1902 1825 
3 1962 1969 1963 
3 1795 1794 1739 
3 2012 1795 1970 
3 1970 1795 1739 
3 1963 1970 1739 
3 1794 1740 1739 
3 1795 2014 1796 
3 2146 1794 1979 
3 2149 2146 1979 
3 1968 1807 1980 
3 1813 1812 1903 
3 2198 2138 2025 
3 2014 2198 1796 
3 1796 2198 1806 
3 2198 2025 1806 
3 2198 1904 2138 
3 2013 1904 2014 
3 1903 1904 2013 
3 1848 1803 2139 
3 1969 1971 2105 
3 1970 1969 2105 
3 1890 2130 2155 
3 1780 2148 1804 
3 1971 1731 1730 
3 1957 1731 1971 
3 1971 1730 1764 
3 1802 1899 1813 
3 1802 1813 1803 
3 1811 1898 2029 
3 1898 1633 1632 
3 1632 1894 2029 
3 2150 1633 1899 
3 2138 1982 2144 
3 2141 2154 2144 
3 1904 1812 2138 
3 1982 2141 2144 
3 2144 2154 2026 
3 2155 2131 2132 
3 1890 1981 1891 
3 2137 1977 2133 
3 2130 1889 2137 
3 2141 2155 2154 
3 2026 2154 2027 
3 2130 2137 2197 
3 2131 2130 1684 
3 2130 2197 1684 
3 1977 1889 1891 
3 2196 1976 1975 
3 1981 1894 1891 
3 2177 2136 2135 
3 1836 2193 2194 
3 1800 2193 1798 
3 1797 1799 1975 
3 1799 2196 1975 
3 2196 1835 1976 
3 1976 1835 1762 
3 1976 1762 1977 
3 1977 1762 2133 
3 1798 1840 1800 
3 1800 1840 2143 
3 1801 1800 2143 
3 1798 2193 1799 
3 1681 1623 2195 
3 2195 1644 1643 
3 1643 1681 2195 
3 1792 1831 1772 
3 1689 1765 1779 
3 1765 2148 1779 
3 1757 2100 1828 
3 1733 1750 1734 
3 1734 1750 1744 
3 1725 1950 2102 
3 1729 1788 1712 
3 1788 1703 1712 
3 1729 1467 2188 
3 1797 1975 1894 
3 1894 1975 1891 
3 1891 1975 1977 
3 1836 2194 1837 
3 1470 1709 1663 
3 1709 1641 1663 
3 1504 1592 1591 
3 1503 1592 1504 
3 2185 2069 1681 
3 1941 2069 2185 
3 1774 2135 1885 
3 1633 2150 1786 
3 1871 1738 1872 
3 1868 2121 1869 
3 2121 1868 2178 
3 1921 2068 1922 
3 2068 1850 1922 
3 2175 1654 2159 
3 2175 2159 2129 
3 2159 1654 1534 
3 1852 1655 1654 
3 1654 2032 1852 
3 1885 2137 2133 
3 1985 1775 1884 
3 2052 2163 2158 
3 2031 2175 2125 
3 2164 2031 2125 
3 1877 2115 1478 
3 1508 1510 2180 
3 1487 1508 2180 
3 1932 1686 1952 
3 1932 1952 1931 
3 1895 2065 2122 
3 1896 2122 1929 
3 2122 1927 1929 
3 2116 2073 2167 
3 2073 2078 2167 
3 1485 2172 1868 
3 1868 2172 2178 
3 2099 2090 2091 
3 2096 2099 2091 
3 2080 2096 2091 
3 2063 1912 1914 
3 1845 2063 2059 
3 2181 1892 1480 
3 1892 2181 2162 
3 2112 1909 1552 
3 1506 1548 1507 
3 1546 1548 1506 
3 1548 1562 1507 
3 1546 1506 1587 
3 1587 1555 1546 
3 1708 1709 2186 
3 1557 1910 1546 
3 1709 1470 2186 
3 1484 1472 2172 
3 2071 1867 1869 
3 1516 1867 2071 
3 1516 1533 1867 
3 1591 2113 1518 
3 1543 2113 1591 
3 1492 2113 2114 
3 1591 1544 1543 
3 1528 1490 1492 
3 1638 1637 1489 
3 1489 1637 1487 
3 1483 1638 1489 
3 1490 1528 1923 
3 2162 2181 1793 
3 1781 2191 1838 
3 1801 2191 1781 
3 1810 2148 1765 
3 1809 2148 1810 
3 1717 2108 1718 
3 1718 2108 1720 
3 2113 1492 1519 
3 1491 1519 1492 
3 2199 2200 2201 
3 2202 2203 2204 
3 2205 2206 2207 
3 2208 2209 2210 
3 2211 2212 2213 
3 2214 2215 2216 
3 2217 2218 2219 
3 2220 2221 2222 
3 2223 2224 2225 
3 2226 2227 2228 
3 2229 2230 2231 
3 2229 2232 2233 
3 2234 2235 2236 
3 2237 2238 2239 
3 2240 2241 2242 
3 2243 2210 2244 
3 2245 2232 2231 
3 2246 2247 2248 
3 754 753 2249 
3 1178 2250 2251 
3 2249 753 2252 
3 2253 2254 2255 
3 2256 1020 2251 
3 2257 768 2258 
3 2257 2252 768 
3 2259 2249 2252 
3 2252 753 768 
3 2258 768 771 
3 2260 2261 2262 
3 2263 788 2264 
3 2263 789 788 
3 2258 771 2265 
3 2266 2267 2268 
3 2269 2240 2270 
3 2267 2271 2268 
3 2272 50 48 
3 625 2273 2269 
3 2232 2274 2233 
3 56 58 2275 
3 59 2276 58 
3 2277 2278 2279 
3 2233 2274 2280 
3 2281 2282 2283 
3 2284 2281 2283 
3 2260 2285 2261 
3 2268 2271 2276 
3 66 2286 64 
3 2275 2287 2288 
3 2288 2289 2286 
3 2290 2269 2270 
3 2288 2286 66 
3 2291 811 74 
3 2292 811 2291 
3 64 2291 74 
3 2293 2289 2294 
3 2293 815 814 
3 2292 2291 64 
3 2226 2295 2227 
3 2296 2274 2232 
3 815 2294 2297 
3 815 2297 817 
3 2264 788 817 
3 2297 2264 817 
3 2298 2299 2300 
3 2301 2302 2303 
3 2263 2265 789 
3 2304 2305 2306 
3 2279 2307 2308 
3 2309 2251 2310 
3 2302 2311 2312 
3 2265 2313 2314 
3 811 2292 2293 
3 811 2293 814 
3 2315 2267 2283 
3 50 2316 59 
3 2277 2317 2318 
3 2319 2263 2264 
3 2320 2321 2322 
3 2323 2222 2324 
3 2231 2232 2229 
3 2303 2325 2326 
3 2327 2328 2329 
3 2330 2331 2332 
3 2333 2334 2335 
3 2320 2336 2337 
3 506 2338 2339 
3 2340 2341 1150 
3 2293 2294 815 
3 2342 2343 2344 
3 2345 2245 2346 
3 2218 2347 2348 
3 2349 2350 2351 
3 2352 2353 2354 
3 2355 2356 2357 
3 2306 2305 2358 
3 2359 2360 2361 
3 2362 2363 2364 
3 2365 2366 2367 
3 2368 2369 2370 
3 2328 2202 2371 
3 2367 2372 2373 
3 2374 2375 2376 
3 2377 2378 2379 
3 2380 2381 2382 
3 2383 2384 2385 
3 2386 2387 2388 
3 415 416 2372 
3 415 2372 2366 
3 2366 2365 421 
3 417 2389 418 
3 417 2390 2389 
3 417 421 2390 
3 2391 2392 2393 
3 2390 421 2365 
3 418 2211 425 
3 2394 2395 2396 
3 2397 2398 2374 
3 421 415 2366 
3 2362 2399 2400 
3 2401 2402 2403 
3 2404 2405 1055 
3 1300 2406 2407 
3 2379 2378 2396 
3 418 2389 2211 
3 2408 2409 2410 
3 2411 2412 2413 
3 2414 2398 2415 
3 2416 2417 442 
3 442 2417 443 
3 446 445 2418 
3 576 2419 2420 
3 2416 442 2421 
3 442 448 2421 
3 449 2422 2423 
3 443 2417 2424 
3 2392 2363 2425 
3 2377 2379 2426 
3 2395 2367 2373 
3 2417 2427 2424 
3 459 460 2428 
3 2428 460 2429 
3 2377 2430 2399 
3 460 463 2431 
3 463 465 2431 
3 2429 460 2431 
3 466 449 2423 
3 2432 467 2347 
3 467 469 2347 
3 2433 2237 2434 
3 2432 2435 476 
3 2212 2436 2403 
3 2334 2305 2437 
3 2438 474 2435 
3 474 476 2435 
3 467 2432 476 
3 2438 2439 2333 
3 2217 2219 2440 
3 2441 2218 2217 
3 2347 2218 2432 
3 2401 2442 2443 
3 485 425 2213 
3 485 2444 2445 
3 485 2445 488 
3 488 2445 2446 
3 2402 2444 2403 
3 2447 2390 2448 
3 2449 2450 2391 
3 2451 2369 2434 
3 488 2446 469 
3 2434 2452 2451 
3 2453 2454 2455 
3 2213 425 2211 
3 2442 2401 2403 
3 2207 2456 2205 
3 2227 2457 2458 
3 2452 2440 2451 
3 2459 2460 2461 
3 2462 2336 2463 
3 2464 2465 2466 
3 2304 2462 2463 
3 2467 2430 2468 
3 2239 2306 2358 
3 2469 2470 2368 
3 2471 2472 2473 
3 2474 2475 2476 
3 2205 2477 2206 
3 2199 2201 2478 
3 2479 2208 2243 
3 2480 2481 2473 
3 2482 2350 2483 
3 501 2384 502 
3 2484 506 2339 
3 2485 2486 2487 
3 501 2484 2384 
3 2488 2484 2339 
3 2487 2489 2414 
3 2490 2468 2491 
3 501 506 2484 
3 2443 2492 2357 
3 2493 2494 2495 
3 2493 2495 2496 
3 2489 2487 2486 
3 2496 2495 2497 
3 506 511 2338 
3 502 2383 448 
3 2409 2377 2426 
3 2429 2498 2428 
3 2499 2396 2498 
3 2500 2501 2502 
3 2503 2504 2505 
3 2384 2484 2506 
3 2507 2508 2509 
3 2510 2511 2512 
3 2348 2445 2402 
3 485 2213 2444 
3 2409 2421 2410 
3 2513 2470 2514 
3 2515 2516 2517 
3 2515 2474 2518 
3 2438 2333 2335 
3 2393 2449 2391 
3 2519 2520 2521 
3 2522 2204 2464 
3 2523 2524 2525 
3 2349 2510 2526 
3 2527 2528 2529 
3 2435 2432 2439 
3 2303 2530 2325 
3 2531 2532 2533 
3 502 2384 2383 
3 443 2424 449 
3 565 508 2534 
3 2535 2406 2536 
3 2537 2538 2539 
3 2210 2540 2244 
3 2288 66 56 
3 2541 2542 2543 
3 2544 2545 2546 
3 2231 2547 2346 
3 465 466 2423 
3 2429 465 2423 
3 2426 2379 2427 
3 2548 2549 2550 
3 978 2551 979 
3 2444 2213 2212 
3 2371 2204 2522 
3 2552 2553 2554 
3 2555 573 446 
3 2222 2221 2556 
3 2368 2370 2469 
3 2446 2347 469 
3 2265 771 789 
3 2557 2300 2558 
3 1000 999 2559 
3 2560 2561 621 
3 2562 2563 2564 
3 2565 2566 2567 
3 2354 2353 2238 
3 2422 2499 2498 
3 2300 2568 2298 
3 2253 2255 2569 
3 2468 2374 2376 
3 2570 2551 2571 
3 2313 2301 2314 
3 2265 2263 2313 
3 472 2572 581 
3 2573 2574 2575 
3 2442 2436 2449 
3 2397 2374 2468 
3 2442 2492 2443 
3 2406 2576 2407 
3 2204 2203 2577 
3 2578 2579 2580 
3 2581 2582 2583 
3 2227 2295 2584 
3 2429 2431 465 
3 2585 2586 2587 
3 2588 2589 2309 
3 2499 2427 2396 
3 2590 2532 2591 
3 2592 2485 2487 
3 2530 2593 2594 
3 2595 1044 995 
3 2596 2597 2598 
3 2599 2600 2601 
3 2602 2392 2425 
3 2603 2464 2466 
3 2561 2604 2605 
3 2606 2607 2608 
3 2566 2419 2567 
3 2373 2498 2395 
3 2546 987 2609 
3 2604 2561 2560 
3 2287 2315 2282 
3 2610 2611 2268 
3 2612 2613 2568 
3 2311 2614 2312 
3 2436 2450 2449 
3 459 2428 416 
3 2557 2615 2612 
3 2314 2616 2257 
3 2617 2477 2205 
3 2331 2310 2332 
3 2404 1055 1106 
3 2440 2219 2401 
3 2618 2619 2620 
3 2571 2551 978 
3 2454 2237 2239 
3 2621 1271 2622 
3 2587 2586 2623 
3 2624 2625 2626 
3 2627 2329 2628 
3 2629 2371 2630 
3 2473 2481 2471 
3 2464 2204 2577 
3 2302 2312 2303 
3 2631 2632 2633 
3 2634 620 2605 
3 2335 2635 2438 
3 2221 2634 2605 
3 620 2561 2605 
3 620 621 2561 
3 581 2560 621 
3 2572 2560 581 
3 2438 2635 474 
3 472 2635 2572 
3 2635 472 474 
3 2257 2258 2314 
3 2636 2353 2352 
3 2572 2604 2560 
3 2637 618 2634 
3 2220 2634 2221 
3 2290 625 2269 
3 2290 48 625 
3 2290 2272 48 
3 2220 2222 2638 
3 2273 625 626 
3 620 2634 618 
3 2240 2638 2241 
3 2637 2273 626 
3 2637 626 618 
3 2214 2639 2640 
3 2641 1132 2642 
3 2609 1132 2641 
3 2526 2643 2350 
3 2644 2645 2646 
3 2328 2371 2647 
3 1141 2613 2615 
3 1140 2615 2648 
3 1139 1140 2648 
3 1139 2648 2642 
3 1139 2642 1132 
3 2649 2573 2650 
3 1141 2615 1140 
3 2651 2652 2653 
3 2641 2558 2629 
3 2501 2542 2654 
3 1144 1031 2655 
3 2629 2630 2656 
3 1270 2657 2658 
3 1144 2340 1150 
3 2659 2246 2660 
3 2661 2662 2340 
3 2655 2340 1144 
3 987 1132 2609 
3 1031 987 2546 
3 2655 1031 2546 
3 2641 2656 2609 
3 2545 2655 2546 
3 2629 2656 2641 
3 2568 2300 2612 
3 2522 2603 2630 
3 2622 2663 2621 
3 2261 2285 2318 
3 2558 2641 2648 
3 2371 2629 2558 
3 2351 2664 2349 
3 2544 2661 2545 
3 2337 2665 2344 
3 2666 2620 2667 
3 2613 2612 2615 
3 2569 2255 2668 
3 2669 2254 2253 
3 2569 2670 2253 
3 2671 2672 2607 
3 2669 2672 2254 
3 2258 2265 2314 
3 2330 2332 2673 
3 2674 2675 2676 
3 2200 2199 2677 
3 2678 2679 2680 
3 2673 2250 754 
3 754 2250 1178 
3 2330 2249 2259 
3 1020 1178 2251 
3 2330 2259 2681 
3 2332 2251 2250 
3 2309 2256 2251 
3 2256 2595 995 
3 995 1020 2256 
3 2595 2682 1044 
3 2671 2607 2606 
3 2607 2672 2675 
3 2309 2595 2256 
3 2301 2616 2314 
3 2683 2538 2674 
3 2607 2675 2674 
3 2684 2532 2531 
3 2682 1184 1044 
3 1184 2682 2533 
3 2571 978 1194 
3 2685 1184 2533 
3 2686 2670 2687 
3 2646 2613 983 
3 2680 2653 2688 
3 2613 1141 983 
3 1200 979 2689 
3 2548 2550 2645 
3 2548 1202 1201 
3 2644 2646 983 
3 2644 1202 2548 
3 2644 983 1202 
3 2557 2612 2300 
3 2689 979 2551 
3 1200 2690 1201 
3 2690 2548 1201 
3 2690 1200 2689 
3 2573 2575 2298 
3 1103 2691 2539 
3 2692 2649 2693 
3 2551 2570 2694 
3 1000 2570 2571 
3 2559 1103 2539 
3 1000 2571 1194 
3 2570 1000 2559 
3 2672 2590 2254 
3 2588 2684 2589 
3 2583 2591 2684 
3 1103 2559 999 
3 2298 2568 2573 
3 2691 2537 2539 
3 819 2695 1223 
3 819 2685 2695 
3 2263 2696 2313 
3 2559 2694 2570 
3 2361 2360 2215 
3 2697 2698 2699 
3 2452 2453 2217 
3 2700 2666 2701 
3 2236 2525 2482 
3 2623 2527 2702 
3 2382 2381 2703 
3 2540 2210 2704 
3 2475 2355 2357 
3 2705 2576 2706 
3 2452 2434 2454 
3 2702 2527 2707 
3 2374 2414 2520 
3 2356 2440 2443 
3 2338 2496 2497 
3 2708 2709 2710 
3 2709 2708 2711 
3 2405 2712 2535 
3 2713 2714 2715 
3 2716 2477 2717 
3 2718 2375 2519 
3 2719 2596 2598 
3 2490 2720 2467 
3 2721 2722 2723 
3 2566 2580 2418 
3 2495 2713 2715 
3 2724 2725 2726 
3 2727 2728 2729 
3 2725 2730 2731 
3 2576 2732 2407 
3 2733 2596 2734 
3 2710 2709 2735 
3 2580 2579 2555 
3 2555 2418 2580 
3 2555 446 2418 
3 573 2736 663 
3 573 2579 2736 
3 2736 2737 663 
3 508 2737 2534 
3 663 2737 508 
3 2736 2734 2737 
3 2555 2579 573 
3 2579 2734 2736 
3 2737 2738 2534 
3 2739 2534 2738 
3 2740 2741 2724 
3 2738 2493 2739 
3 667 2338 511 
3 2496 2338 667 
3 2739 565 2534 
3 667 565 2739 
3 2496 667 2739 
3 2742 2743 2744 
3 2662 2745 2341 
3 2216 2215 2199 
3 2746 2386 2521 
3 2205 2456 2617 
3 2747 2748 2749 
3 2750 2751 2752 
3 2753 2466 2754 
3 2755 2756 2511 
3 2371 2202 2204 
3 2757 2758 2667 
3 2687 2569 2668 
3 2662 2753 2759 
3 2214 2361 2215 
3 2700 2760 2618 
3 2761 2663 2543 
3 2762 2712 2405 
3 2758 2626 2763 
3 2764 2765 2766 
3 2767 2768 1262 
3 2767 1262 1261 
3 2769 1274 2621 
3 1262 2768 1106 
3 2768 2404 1106 
3 2768 2764 2404 
3 2768 2767 2764 
3 2541 2663 2622 
3 2770 2587 2740 
3 2767 1261 2769 
3 2544 2603 2466 
3 2341 1269 1150 
3 2745 1269 2341 
3 2745 2657 1269 
3 1269 2657 1270 
3 2658 2622 1271 
3 2658 1271 1270 
3 2771 2688 2772 
3 2769 1261 1274 
3 2544 2466 2661 
3 2621 1274 1271 
3 670 436 2773 
3 670 2773 576 
3 436 672 2774 
3 2775 2412 2411 
3 672 1278 2774 
3 2773 436 2412 
3 1278 1280 2413 
3 1280 2411 2413 
3 2774 1278 2413 
3 2411 1280 1065 
3 2732 943 2407 
3 2411 2705 2706 
3 2565 2776 2777 
3 1065 943 2732 
3 2778 2576 2406 
3 2775 2773 2412 
3 576 2420 445 
3 2735 2733 2710 
3 2778 2728 2576 
3 2779 2780 2770 
3 2707 2527 2529 
3 2535 2778 2406 
3 2781 2728 2727 
3 1300 1299 2536 
3 1299 1055 2405 
3 2405 2536 1299 
3 1300 2536 2406 
3 1300 2407 943 
3 2762 2779 2712 
3 2773 2419 576 
3 2762 2405 2404 
3 2712 2782 2535 
3 2663 2761 2783 
3 2554 2784 2766 
3 2785 2580 2566 
3 2710 2785 2708 
3 2420 2418 445 
3 2764 2786 2404 
3 2419 2773 2775 
3 2787 2788 2789 
3 2790 2791 2731 
3 2712 2779 2770 
3 2792 2793 2794 
3 2554 2553 2784 
3 2767 2765 2764 
3 2541 2543 2663 
3 2783 2621 2663 
3 2351 2350 2482 
3 2603 2522 2464 
3 2659 2247 2246 
3 2621 2783 2769 
3 2661 2753 2662 
3 2795 2796 2542 
3 2575 2670 2686 
3 2797 2798 2799 
3 2371 2522 2630 
3 2697 2581 2800 
3 2648 2615 2557 
3 2327 2801 2328 
3 2549 2802 2683 
3 2803 2524 2523 
3 2701 2796 2700 
3 2641 2642 2648 
3 2609 2656 2546 
3 2248 2247 2804 
3 2557 2558 2648 
3 2257 2259 2252 
3 2805 2380 2382 
3 2731 2709 2725 
3 2765 2554 2766 
3 2235 2523 2236 
3 2272 2270 2316 
3 2464 2577 2465 
3 2361 2806 2807 
3 2808 2809 2810 
3 2811 2812 2813 
3 2680 2814 2653 
3 2679 2815 2814 
3 2500 2759 2816 
3 2817 2818 2819 
3 2298 2575 2628 
3 2299 2647 2300 
3 2620 2757 2667 
3 2583 2588 2800 
3 2261 2820 2821 
3 2582 2591 2583 
3 2651 2822 2823 
3 2824 2825 2826 
3 2328 2801 2202 
3 2827 2828 2594 
3 2829 2687 2668 
3 2830 2831 2581 
3 2581 2831 2832 
3 2329 2328 2647 
3 2548 2690 2549 
3 2608 2607 2537 
3 2319 2696 2263 
3 2568 2613 2646 
3 2691 2695 2537 
3 2607 2674 2537 
3 2694 2559 2539 
3 819 1184 2685 
3 1223 2695 2691 
3 1223 2691 1103 
3 2319 2833 2262 
3 2579 2733 2734 
3 2426 2427 2416 
3 2834 2717 2617 
3 2377 2409 2408 
3 2386 2835 2521 
3 2714 2387 2746 
3 2388 2387 2836 
3 2504 2519 2505 
3 2471 2515 2517 
3 2578 2733 2579 
3 2207 2837 2456 
3 2468 2430 2397 
3 2375 2374 2520 
3 2521 2520 2486 
3 2469 2838 2514 
3 2715 2714 2746 
3 2839 2461 2834 
3 2592 2495 2715 
3 2486 2485 2746 
3 2398 2397 2408 
3 2397 2430 2377 
3 2377 2408 2397 
3 2385 2384 2415 
3 2374 2398 2414 
3 2492 2476 2357 
3 2410 2398 2408 
3 2506 2484 2488 
3 2506 2415 2384 
3 2739 2493 2496 
3 2489 2520 2414 
3 2485 2592 2715 
3 2738 2598 2493 
3 2487 2414 2415 
3 2497 2495 2592 
3 2506 2488 2487 
3 2506 2487 2415 
3 2339 2497 2488 
3 2339 2338 2497 
3 2208 2210 2243 
3 2811 2665 2631 
3 2840 2477 2716 
3 2841 2717 2834 
3 2513 2842 2509 
3 2333 2441 2455 
3 2212 2211 2450 
3 2473 2472 2843 
3 2504 2840 2517 
3 2217 2440 2452 
3 2844 2433 2470 
3 2368 2434 2369 
3 2472 2471 2517 
3 2845 2481 2480 
3 2772 2688 2846 
3 2455 2358 2334 
3 2446 2445 2348 
3 2333 2455 2334 
3 2604 2847 2848 
3 2219 2402 2401 
3 2440 2401 2443 
3 2441 2217 2453 
3 2403 2444 2212 
3 2447 2450 2211 
3 2572 2635 2335 
3 2348 2347 2446 
3 2422 449 2424 
3 2427 2499 2424 
3 2499 2422 2424 
3 2490 2515 2518 
3 2400 2425 2362 
3 2425 2363 2362 
3 2389 2390 2447 
3 2602 2425 2400 
3 2849 2364 2367 
3 2373 2372 416 
3 2367 2366 2372 
3 2433 2434 2368 
3 2393 2392 2602 
3 2233 2280 2343 
3 2604 2572 2563 
3 2304 2463 2305 
3 2758 2703 2626 
3 2760 2619 2618 
3 2812 2850 2230 
3 2632 2337 2851 
3 2581 2583 2800 
3 2852 2853 2352 
3 2547 2850 2854 
3 2855 2856 2857 
3 2530 2858 2593 
3 2854 2850 2859 
3 2303 2616 2301 
3 2275 58 2276 
3 2680 2688 2678 
3 2326 2259 2257 
3 2610 2268 2316 
3 2305 2334 2358 
3 2860 2278 2277 
3 2264 2833 2319 
3 2861 2611 2278 
3 2608 2537 2695 
3 2685 2608 2695 
3 2833 2264 2297 
3 2276 59 2316 
3 2262 2284 2260 
3 2317 2295 2614 
3 2275 2288 56 
3 2292 2289 2293 
3 2292 2286 2289 
3 64 2286 2292 
3 2563 2572 2335 
3 2610 2316 2270 
3 2268 2276 2316 
3 2323 2274 2296 
3 50 2272 2316 
3 2861 2278 2860 
3 2611 2861 2268 
3 2611 2610 2862 
3 2610 2270 2862 
3 2833 2284 2262 
3 2863 2864 2865 
3 2270 2240 2862 
3 2866 2631 2867 
3 2278 2611 2279 
3 2696 2301 2313 
3 2821 2696 2262 
3 2301 2311 2302 
3 2301 2696 2821 
3 2311 2301 2821 
3 2696 2319 2262 
3 2259 2325 2681 
3 2458 2817 2868 
3 2318 2820 2261 
3 2869 2698 2697 
3 2303 2312 2530 
3 2530 2312 2858 
3 2651 2815 2822 
3 2331 2330 2681 
3 2870 2331 2681 
3 2828 2871 2594 
3 2759 2500 2502 
3 2787 2789 2872 
3 2730 2725 2724 
3 2461 2839 2459 
3 2748 2747 2872 
3 2387 2714 2873 
3 2873 2714 2713 
3 2872 2789 2874 
3 2875 2791 2876 
3 2743 2749 2836 
3 2735 2597 2596 
3 2735 2877 2597 
3 2735 2596 2733 
3 2387 2873 2836 
3 2744 2713 2494 
3 2877 2878 2879 
3 2719 2598 2738 
3 2738 2737 2719 
3 2199 2478 2880 
3 2881 2882 2883 
3 2884 2882 2881 
3 2199 2880 2216 
3 2837 2722 2885 
3 2486 2746 2521 
3 2886 2206 2503 
3 2887 2790 2702 
3 2886 2722 2207 
3 2529 2625 2707 
3 2382 2703 2758 
3 2885 2722 2874 
3 2729 2740 2724 
3 2459 2839 2888 
3 2456 2834 2617 
3 2235 2234 2465 
3 2889 2816 2890 
3 2889 2500 2816 
3 2700 2796 2795 
3 2619 2760 2891 
3 2700 2795 2889 
3 2585 2528 2527 
3 2585 2587 2780 
3 2792 2701 2892 
3 2553 2585 2784 
3 2712 2770 2782 
3 2783 2761 2893 
3 2618 2666 2700 
3 2658 2657 2654 
3 2654 2657 2745 
3 2622 2658 2654 
3 2654 2745 2502 
3 2654 2542 2541 
3 2502 2501 2654 
3 2775 2567 2419 
3 2418 2420 2566 
3 2420 2419 2566 
3 2578 2580 2785 
3 2710 2578 2785 
3 2725 2709 2711 
3 2770 2740 2729 
3 2770 2729 2782 
3 2780 2587 2770 
3 2784 2585 2780 
3 2786 2764 2766 
3 2777 2727 2711 
3 2781 2776 2576 
3 2576 2728 2781 
3 2782 2728 2778 
3 2793 2543 2794 
3 2535 2536 2405 
3 2894 2565 2777 
3 2782 2778 2535 
3 2761 2554 2765 
3 2784 2780 2766 
3 1065 2732 2705 
3 2404 2786 2762 
3 2703 2895 2788 
3 2896 2807 2380 
3 2759 2753 2816 
3 2790 2887 2791 
3 2622 2654 2541 
3 2815 2248 2804 
3 2461 2460 2640 
3 2465 2234 2754 
3 2897 2619 2898 
3 2653 2814 2651 
3 2780 2779 2766 
3 2832 2831 2899 
3 2831 2900 2899 
3 2590 2591 2254 
3 2823 2901 2863 
3 2694 2538 2683 
3 2683 2674 2676 
3 2550 2649 2645 
3 2693 2649 2550 
3 2548 2645 2644 
3 2902 2526 2903 
3 2573 2649 2692 
3 2676 2693 2683 
3 2573 2692 2574 
3 2682 2595 2531 
3 2904 2832 2255 
3 2591 2532 2684 
3 2332 2250 2673 
3 2332 2310 2251 
3 2595 2589 2531 
3 2309 2589 2595 
3 2589 2684 2531 
3 2671 2606 2532 
3 2869 2331 2698 
3 2698 2331 2870 
3 2905 2599 2846 
3 2699 2698 2870 
3 2906 2697 2699 
3 2575 2574 2670 
3 2687 2670 2569 
3 2329 2627 2327 
3 2574 2669 2253 
3 2243 2907 2908 
3 2905 2652 2865 
3 2200 2810 2909 
3 2526 2512 2903 
3 2526 2510 2512 
3 2511 2756 2512 
3 2910 2678 2664 
3 2799 2911 2601 
3 2912 2808 2810 
3 2666 2667 2701 
3 2707 2625 2624 
3 2619 2891 2898 
3 2340 2662 2341 
3 2889 2795 2500 
3 2656 2603 2544 
3 2656 2544 2546 
3 2603 2656 2630 
3 2759 2502 2662 
3 2502 2745 2662 
3 2913 2660 2910 
3 2814 2815 2651 
3 2583 2684 2588 
3 2568 2646 2650 
3 2847 2604 2914 
3 2240 2242 2915 
3 2605 2604 2848 
3 2439 2432 2441 
3 2439 2441 2333 
3 2914 2604 2563 
3 2435 2439 2438 
3 2463 2562 2437 
3 2562 2564 2437 
3 2564 2335 2334 
3 2564 2563 2335 
3 2564 2334 2437 
3 2562 2336 2322 
3 2221 2605 2848 
3 2637 2634 2220 
3 2556 2221 2848 
3 2242 2296 2915 
3 2323 2296 2242 
3 2242 2241 2323 
3 2323 2324 2280 
3 2280 2324 2343 
3 2916 2352 2354 
3 2360 2808 2912 
3 2865 2864 2819 
3 2819 2917 2600 
3 2664 2510 2349 
3 2850 2547 2231 
3 2871 2530 2594 
3 2228 2458 2868 
3 2312 2226 2858 
3 2798 2797 2859 
3 2915 2296 2918 
3 2229 2233 2342 
3 2342 2813 2230 
3 2856 2827 2594 
3 2681 2871 2870 
3 2871 2828 2870 
3 2325 2871 2681 
3 2870 2828 2827 
3 2674 2538 2537 
3 2802 2689 2694 
3 2683 2802 2694 
3 2549 2690 2689 
3 2694 2689 2551 
3 2693 2549 2683 
3 2550 2549 2693 
3 2573 2568 2650 
3 2646 2645 2650 
3 2645 2649 2650 
3 2693 2676 2692 
3 2675 2672 2676 
3 2685 2533 2606 
3 2532 2606 2533 
3 2606 2608 2685 
3 2590 2671 2532 
3 2682 2531 2533 
3 2309 2869 2588 
3 2869 2309 2310 
3 2588 2869 2800 
3 2331 2869 2310 
3 2855 2919 2827 
3 2919 2825 2830 
3 2830 2825 2824 
3 2906 2919 2830 
3 2822 2829 2920 
3 2829 2921 2920 
3 2804 2829 2822 
3 2670 2574 2253 
3 2590 2672 2671 
3 2901 2900 2824 
3 2581 2832 2582 
3 2255 2832 2899 
3 2668 2255 2899 
3 2831 2824 2900 
3 2679 2246 2815 
3 2660 2246 2679 
3 2822 2815 2804 
3 2652 2823 2863 
3 2651 2823 2652 
3 2910 2660 2679 
3 2823 2822 2920 
3 2668 2921 2829 
3 2900 2901 2921 
3 2921 2901 2920 
3 2823 2920 2901 
3 2688 2653 2905 
3 2911 2540 2704 
3 2688 2905 2846 
3 2255 2254 2904 
3 2678 2688 2771 
3 2652 2863 2865 
3 2755 2772 2209 
3 2772 2755 2771 
3 2772 2704 2209 
3 2771 2755 2511 
3 2755 2209 2208 
3 2512 2809 2903 
3 2809 2808 2903 
3 2902 2643 2526 
3 2910 2679 2678 
3 2510 2678 2771 
3 2664 2678 2510 
3 2756 2755 2208 
3 2680 2679 2814 
3 2510 2771 2511 
3 2577 2235 2465 
3 2913 2664 2351 
3 2659 2660 2524 
3 2659 2524 2803 
3 2246 2248 2815 
3 2803 2523 2577 
3 2203 2659 2803 
3 2910 2664 2913 
3 2577 2203 2803 
3 2525 2351 2482 
3 2350 2643 2898 
3 2483 2350 2898 
3 2526 2350 2349 
3 2891 2483 2898 
3 2327 2922 2804 
3 2804 2247 2327 
3 2582 2832 2904 
3 2899 2921 2668 
3 2627 2922 2327 
3 2922 2829 2804 
3 2686 2922 2627 
3 2628 2686 2627 
3 2922 2686 2829 
3 2575 2686 2628 
3 2829 2686 2687 
3 2299 2298 2628 
3 2234 2483 2890 
3 2816 2753 2754 
3 2891 2890 2483 
3 2523 2525 2236 
3 2754 2234 2816 
3 2545 2661 2340 
3 2655 2545 2340 
3 2647 2371 2558 
3 2647 2558 2300 
3 2273 2220 2638 
3 2273 2638 2269 
3 2637 2220 2273 
3 2269 2638 2240 
3 2321 2847 2322 
3 2847 2556 2848 
3 2562 2847 2914 
3 2847 2562 2322 
3 2562 2914 2563 
3 2321 2923 2847 
3 2923 2556 2847 
3 2611 2915 2918 
3 2324 2923 2924 
3 2556 2923 2324 
3 2222 2556 2324 
3 2638 2222 2241 
3 2813 2812 2230 
3 2342 2230 2229 
3 2923 2321 2924 
3 2924 2321 2320 
3 2665 2337 2632 
3 2907 2852 2750 
3 2907 2750 2908 
3 2851 2336 2462 
3 2632 2925 2853 
3 2853 2925 2636 
3 2633 2632 2853 
3 2924 2320 2344 
3 2336 2562 2463 
3 2867 2243 2244 
3 2867 2631 2907 
3 2751 2852 2201 
3 2752 2909 2479 
3 2908 2479 2243 
3 2907 2633 2853 
3 2353 2462 2304 
3 2479 2926 2208 
3 2208 2926 2756 
3 2909 2926 2479 
3 2200 2909 2752 
3 2600 2865 2819 
3 2846 2704 2772 
3 2653 2652 2905 
3 2927 2826 2825 
3 2798 2867 2799 
3 2854 2457 2547 
3 2799 2867 2244 
3 2601 2917 2797 
3 2600 2917 2601 
3 2824 2826 2863 
3 2797 2917 2928 
3 2866 2867 2798 
3 2866 2798 2812 
3 2210 2209 2704 
3 2812 2798 2859 
3 2344 2665 2813 
3 2813 2665 2811 
3 2813 2342 2344 
3 2665 2632 2631 
3 2296 2232 2245 
3 2230 2850 2231 
3 2245 2231 2346 
3 2547 2584 2346 
3 2584 2547 2227 
3 2584 2345 2346 
3 2312 2614 2226 
3 2614 2295 2226 
3 2295 2345 2584 
3 2457 2928 2818 
3 2854 2928 2457 
3 2228 2227 2458 
3 2827 2856 2855 
3 2818 2917 2819 
3 2928 2917 2818 
3 2673 754 2249 
3 2673 2249 2330 
3 2325 2530 2871 
3 2616 2326 2257 
3 2303 2326 2616 
3 2820 2311 2821 
3 2345 2307 2245 
3 2307 2345 2308 
3 2317 2345 2295 
3 2308 2345 2317 
3 2279 2308 2277 
3 2308 2317 2277 
3 2285 2860 2318 
3 2861 2860 2266 
3 2261 2821 2262 
3 2307 2296 2245 
3 2862 2915 2611 
3 2918 2296 2307 
3 2860 2277 2318 
3 2857 2817 2929 
3 2929 2855 2857 
3 2817 2857 2868 
3 2593 2856 2594 
3 2272 2290 2270 
3 2275 2276 2287 
3 2820 2614 2311 
3 2857 2856 2868 
3 2929 2817 2819 
3 2861 2266 2268 
3 2267 2285 2283 
3 2294 2281 2833 
3 2289 2281 2294 
3 2281 2284 2833 
3 2294 2833 2297 
3 2289 2282 2281 
3 2282 2315 2283 
3 2581 2697 2906 
3 2906 2830 2581 
3 2799 2601 2797 
3 2342 2233 2343 
3 2599 2905 2865 
3 2600 2599 2865 
3 2901 2824 2863 
3 2867 2907 2243 
3 2240 2915 2862 
3 2811 2631 2866 
3 2227 2547 2457 
3 2280 2274 2323 
3 2211 2389 2447 
3 2448 2390 2365 
3 2363 2448 2365 
3 2930 2448 2363 
3 2447 2448 2930 
3 2849 2367 2395 
3 2476 2931 2474 
3 2450 2447 2930 
3 2931 2720 2518 
3 2931 2602 2720 
3 2400 2430 2467 
3 2378 2399 2362 
3 2377 2399 2378 
3 2395 2498 2396 
3 2426 2416 2409 
3 2421 2409 2416 
3 2428 2373 416 
3 2428 2498 2373 
3 2498 2429 2423 
3 2422 2498 2423 
3 2378 2394 2396 
3 2441 2432 2218 
3 2402 2445 2444 
3 2348 2402 2219 
3 2218 2348 2219 
3 2442 2449 2492 
3 2492 2449 2476 
3 2356 2443 2357 
3 2370 2369 2355 
3 2845 2475 2481 
3 2481 2475 2474 
3 2476 2475 2357 
3 2845 2355 2475 
3 2353 2304 2238 
3 2358 2455 2239 
3 2238 2306 2239 
3 2441 2453 2455 
3 2508 2237 2844 
3 2238 2237 2508 
3 2844 2237 2433 
3 2508 2844 2509 
3 2852 2352 2201 
3 2842 2507 2509 
3 2509 2470 2513 
3 2514 2470 2469 
3 2481 2515 2471 
3 2481 2474 2515 
3 2442 2403 2436 
3 2470 2433 2368 
3 2455 2454 2239 
3 2370 2355 2845 
3 2370 2845 2480 
3 2843 2838 2473 
3 2883 2882 2838 
3 2883 2838 2843 
3 2838 2882 2514 
3 2838 2480 2473 
3 2883 2843 2716 
3 2472 2716 2843 
3 2841 2881 2717 
3 2716 2472 2840 
3 2840 2472 2517 
3 2214 2216 2639 
3 2717 2477 2617 
3 2456 2837 2839 
3 2456 2839 2834 
3 2810 2200 2912 
3 2677 2360 2912 
3 2751 2200 2752 
3 2200 2751 2201 
3 2201 2916 2478 
3 2201 2352 2916 
3 2916 2507 2478 
3 2478 2842 2880 
3 2880 2842 2932 
3 2912 2200 2677 
3 2507 2842 2478 
3 2842 2513 2932 
3 2216 2880 2932 
3 2639 2932 2884 
3 2932 2513 2884 
3 2884 2841 2639 
3 2884 2881 2841 
3 2884 2514 2882 
3 2639 2216 2932 
3 2640 2806 2214 
3 2639 2841 2640 
3 2214 2806 2361 
3 2460 2806 2640 
3 2485 2715 2746 
3 2488 2592 2487 
3 2488 2497 2592 
3 2421 2383 2385 
3 448 2383 2421 
3 2410 2421 2385 
3 2415 2410 2385 
3 2398 2410 2415 
3 2416 2427 2417 
3 2400 2720 2602 
3 2720 2490 2518 
3 2516 2718 2517 
3 2516 2490 2491 
3 2491 2376 2718 
3 2376 2375 2718 
3 2516 2491 2718 
3 2468 2376 2491 
3 2399 2430 2400 
3 2393 2476 2449 
3 2504 2718 2519 
3 2718 2504 2517 
3 2206 2477 2840 
3 2504 2206 2840 
3 2503 2206 2504 
3 2388 2835 2386 
3 2207 2206 2886 
3 2723 2835 2388 
3 2835 2505 2521 
3 2836 2723 2388 
3 2516 2515 2490 
3 2744 2873 2713 
3 2746 2387 2386 
3 2521 2505 2519 
3 2874 2722 2721 
3 2474 2931 2518 
3 2520 2489 2486 
3 2925 2353 2636 
3 2925 2462 2353 
3 2851 2462 2925 
3 2859 2850 2812 
3 2509 2844 2470 
3 2907 2853 2852 
3 2889 2760 2700 
3 2703 2788 2624 
3 2729 2728 2782 
3 2879 2791 2875 
3 2597 2494 2598 
3 2735 2709 2878 
3 2708 2777 2711 
3 2585 2527 2586 
3 2933 2702 2707 
3 2781 2727 2777 
3 2933 2747 2887 
3 2741 2730 2724 
3 2790 2730 2741 
3 2730 2790 2731 
3 2726 2725 2711 
3 2576 2776 2706 
3 2776 2781 2777 
3 2776 2775 2706 
3 2567 2775 2776 
3 2566 2565 2785 
3 2567 2776 2565 
3 2777 2708 2894 
3 2565 2894 2785 
3 2894 2708 2785 
3 2576 2705 2732 
3 2705 2411 1065 
3 2412 436 2774 
3 2412 2774 2413 
3 2769 2783 2893 
3 2769 2893 2767 
3 2623 2741 2740 
3 2761 2765 2893 
3 2893 2765 2767 
3 2761 2552 2554 
3 2586 2527 2623 
3 2761 2793 2552 
3 2543 2793 2761 
3 2934 2935 2892 
3 2747 2749 2876 
3 2763 2934 2892 
3 2796 2792 2794 
3 2796 2701 2792 
3 2618 2620 2666 
3 2701 2667 2892 
3 2542 2796 2794 
3 2543 2542 2794 
3 2763 2626 2936 
3 2667 2763 2892 
3 2793 2792 2935 
3 2667 2758 2763 
3 2757 2805 2382 
3 2895 2459 2888 
3 2382 2758 2757 
3 2620 2805 2757 
3 2620 2897 2225 
3 2225 2805 2620 
3 2620 2619 2897 
3 2361 2807 2359 
3 2891 2760 2889 
3 2891 2889 2890 
3 2903 2224 2223 
3 2763 2936 2934 
3 2934 2936 2528 
3 2626 2625 2936 
3 2528 2936 2529 
3 2936 2625 2529 
3 2624 2788 2787 
3 2703 2381 2895 
3 2624 2787 2707 
3 2707 2787 2933 
3 2872 2747 2933 
3 2791 2887 2876 
3 2873 2743 2836 
3 2837 2885 2937 
3 2839 2837 2937 
3 2789 2788 2937 
3 2788 2888 2937 
3 2888 2839 2937 
3 2895 2381 2459 
3 2380 2460 2381 
3 2381 2460 2459 
3 2207 2722 2837 
3 2224 2805 2225 
3 2896 2805 2224 
3 2359 2896 2224 
3 2808 2224 2903 
3 2359 2808 2360 
3 2359 2224 2808 
3 2380 2806 2460 
3 2807 2806 2380 
3 2495 2494 2713 
3 2493 2598 2494 
3 2742 2877 2879 
3 2734 2596 2719 
3 2737 2734 2719 
3 2879 2878 2731 
3 2710 2733 2578 
3 2735 2878 2877 
3 2597 2744 2494 
3 2742 2744 2597 
3 2597 2877 2742 
3 2731 2791 2879 
3 2836 2721 2723 
3 2743 2873 2744 
3 2875 2742 2879 
3 2749 2875 2876 
3 2875 2743 2742 
3 2875 2749 2743 
3 2702 2790 2623 
3 2740 2587 2623 
3 2623 2790 2741 
3 2887 2747 2876 
3 2933 2887 2702 
3 2723 2722 2886 
3 2749 2721 2836 
3 2748 2721 2749 
3 2872 2874 2748 
3 2874 2721 2748 
3 2886 2503 2723 
3 2279 2611 2918 
3 2279 2918 2307 
3 2285 2260 2283 
3 2260 2284 2283 
3 2503 2835 2723 
3 2503 2505 2835 
3 2467 2468 2490 
3 2519 2375 2520 
3 2215 2360 2677 
3 2199 2215 2677 
3 2883 2716 2717 
3 2881 2883 2717 
3 2469 2370 2480 
3 2838 2469 2480 
3 2354 2507 2916 
3 2508 2354 2238 
3 2508 2507 2354 
3 2884 2513 2514 
3 2453 2452 2454 
3 2434 2237 2454 
3 2238 2304 2306 
3 2305 2463 2437 
3 2476 2393 2931 
3 2392 2930 2363 
3 2436 2212 2450 
3 2427 2379 2396 
3 2378 2362 2849 
3 2378 2849 2394 
3 2394 2849 2395 
3 2467 2720 2400 
3 2931 2393 2602 
3 2849 2362 2364 
3 2367 2364 2365 
3 2363 2365 2364 
3 2450 2930 2391 
3 2930 2392 2391 
3 2878 2709 2731 
3 2380 2805 2896 
3 2359 2807 2896 
3 2787 2872 2933 
3 2937 2885 2789 
3 2789 2885 2874 
3 2895 2888 2788 
3 2703 2624 2626 
3 2902 2897 2643 
3 2223 2897 2902 
3 2643 2897 2898 
3 2223 2902 2903 
3 2225 2897 2223 
3 2795 2542 2501 
3 2500 2795 2501 
3 2934 2585 2553 
3 2935 2934 2553 
3 2934 2528 2585 
3 2935 2792 2892 
3 2552 2935 2553 
3 2552 2793 2935 
3 2779 2786 2766 
3 2775 2411 2706 
3 2729 2724 2726 
3 2726 2727 2729 
3 2711 2727 2726 
3 2786 2779 2762 
3 2539 2538 2694 
3 2549 2689 2802 
3 2676 2672 2669 
3 2692 2676 2669 
3 2574 2692 2669 
3 2826 2864 2863 
3 2855 2927 2919 
3 2929 2927 2855 
3 2827 2699 2870 
3 2827 2919 2699 
3 2699 2919 2906 
3 2927 2825 2919 
3 2869 2697 2800 
3 2900 2921 2899 
3 2831 2830 2824 
3 2904 2591 2582 
3 2254 2591 2904 
3 2926 2809 2756 
3 2756 2809 2512 
3 2909 2809 2926 
3 2524 2660 2913 
3 2525 2524 2913 
3 2913 2351 2525 
3 2236 2483 2234 
3 2482 2483 2236 
3 2659 2202 2801 
3 2801 2247 2659 
3 2202 2659 2203 
3 2299 2329 2647 
3 2628 2329 2299 
3 2327 2247 2801 
3 2234 2890 2816 
3 2523 2235 2577 
3 2661 2466 2753 
3 2466 2465 2754 
3 2320 2337 2344 
3 2222 2323 2241 
3 2324 2924 2343 
3 2924 2344 2343 
3 2337 2336 2851 
3 2851 2925 2632 
3 2336 2320 2322 
3 2866 2812 2811 
3 2907 2631 2633 
3 2352 2853 2636 
3 2750 2852 2751 
3 2908 2750 2479 
3 2479 2750 2752 
3 2909 2810 2809 
3 2911 2599 2601 
3 2599 2911 2846 
3 2911 2704 2846 
3 2244 2540 2799 
3 2540 2911 2799 
3 2859 2797 2854 
3 2854 2797 2928 
3 2457 2818 2458 
3 2458 2818 2817 
3 2317 2614 2318 
3 2228 2593 2858 
3 2228 2858 2226 
3 2593 2228 2868 
3 2927 2864 2826 
3 2856 2593 2868 
3 2819 2864 2929 
3 2929 2864 2927 
3 2326 2325 2259 
3 2266 2285 2267 
3 2266 2860 2285 
3 2614 2820 2318 
3 2287 2271 2315 
3 2267 2315 2271 
3 2287 2276 2271 
3 2288 2282 2289 
3 2287 2282 2288 
3 2841 2461 2640 
3 2834 2461 2841 
3 2440 2356 2451 
3 2369 2356 2355 
3 2451 2356 2369 

CELL_DATA 5872
FIELD attributes 1
region 1 5872 float
1 1 1 1 1 1 1 1 1 1 1 1 1 1 1 1 1 1 1 1
1 1 1 1 1 1 1 1 1 1 1 1 1 1 1 1 1 1 1 1
1 1 1 1 1 1 1 1 1 1 1 1 1 1 1 1 1 1 1 1
1 1 1 1 1 1 1 1 1 1 1 1 1 1 1 1 1 1 1 1
1 1 1 1 1 1 1 1 1 1 1 1 1 1 1 1 1 1 1 1
1 1 1 1 1 1 1 1 1 1 1 1 1 1 1 1 1 1 1 1
1 1 1 1 1 1 1 1 1 1 1 1 1 1 1 1 1 1 1 1
1 1 1 1 1 1 1 1 1 1 1 1 1 1 1 1 1 1 1 1
1 1 1 1 1 1 1 1 1 1 1 1 1 1 1 1 1 1 1 1
1 1 1 1 1 1 1 1 1 1 1 1 1 1 1 1 1 1 1 1
1 1 1 1 1 1 1 1 1 1 1 1 1 1 1 1 1 1 1 1
1 1 1 1 1 1 1 1 1 1 1 1 1 1 1 1 1 1 1 1
1 1 1 1 1 1 1 1 1 1 1 1 1 1 1 1 1 1 1 1
1 1 1 1 1 1 1 1 1 1 1 1 1 1 1 1 1 1 1 1
1 1 1 1 1 1 1 1 1 1 1 1 1 1 1 1 1 1 1 1
1 1 1 1 1 1 1 1 1 1 1 1 1 1 1 1 1 1 1 1
1 1 1 1 1 1 1 1 1 1 1 1 1 1 1 1 1 1 1 1
1 1 1 1 1 1 1 1 1 1 1 1 1 1 1 1 1 1 1 1
1 1 1 1 1 1 1 1 1 1 1 1 1 1 1 1 1 1 1 1
1 1 1 1 1 1 1 1 1 1 1 1 1 1 1 1 1 1 1 1
1 1 1 1 1 1 1 1 1 1 1 1 1 1 1 1 1 1 1 1
1 1 1 1 1 1 1 1 1 1 1 1 1 1 1 1 1 1 1 1
1 1 1 1 1 1 1 1 1 1 1 1 1 1 1 1 1 1 1 1
1 1 1 1 1 1 1 1 1 1 1 1 1 1 1 1 1 1 1 1
1 1 1 1 1 1 1 1 1 1 1 1 1 1 1 1 1 1 1 1
1 1 1 1 1 1 1 1 1 1 1 1 1 1 1 1 1 1 1 1
1 1 1 1 1 1 1 1 1 1 1 1 1 1 1 1 1 1 1 1
1 1 1 1 1 1 1 1 1 1 1 1 1 1 1 1 1 1 1 1
1 1 1 1 1 1 1 1 1 1 1 1 1 1 1 1 1 1 1 1
1 1 1 1 1 1 1 1 1 1 1 1 1 1 1 1 1 1 1 1
1 1 1 1 1 1 1 1 1 1 1 1 1 1 1 1 1 1 1 1
1 1 1 1 1 1 1 1 1 1 1 1 1 1 1 1 1 1 1 1
1 1 1 1 1 1 1 1 1 1 1 1 1 1 1 1 1 1 1 1
1 1 1 1 1 1 1 1 1 1 1 1 1 1 1 1 1 1 1 1
1 1 1 1 1 1 1 1 1 1 1 1 1 1 1 1 1 1 1 1
1 1 1 1 1 1 1 1 1 1 1 1 1 1 1 1 1 1 1 1
1 1 1 1 1 1 1 1 1 1 1 1 1 1 1 1 1 1 1 1
1 1 1 1 1 1 1 1 1 1 1 1 1 1 1 1 1 1 1 1
1 1 1 1 1 1 1 1 1 1 1 1 1 1 1 1 1 1 1 1
1 1 1 1 1 1 1 1 1 1 1 1 1 1 1 1 1 1 1 1
1 1 1 1 1 1 1 1 1 1 1 1 1 1 1 1 1 1 1 1
1 1 1 1 1 1 1 1 1 1 1 1 1 1 1 1 1 1 1 1
1 1 1 1 1 1 1 1 1 1 1 1 1 1 1 1 1 1 1 1
1 1 1 1 1 1 1 1 1 1 1 1 1 1 1 1 1 1 1 1
1 1 1 1 1 1 1 1 1 1 1 1 1 1 1 1 1 1 1 1
1 1 1 1 1 1 1 1 1 1 1 1 1 1 1 1 1 1 1 1
1 1 1 1 1 1 1 1 1 1 1 1 1 1 1 1 1 1 1 1
1 1 1 1 1 1 1 1 1 1 1 1 1 1 1 1 1 1 1 1
1 1 1 1 1 1 1 1 1 1 1 1 1 1 1 1 1 1 1 1
1 1 1 1 1 1 1 1 1 1 1 1 1 1 1 1 1 1 1 1
1 1 1 1 1 1 1 1 1 1 1 1 1 1 1 1 1 1 1 1
1 1 1 1 1 1 1 1 1 1 1 1 1 1 1 1 1 1 1 1
1 1 1 1 1 1 1 1 1 1 1 1 1 1 1 1 1 1 1 1
1 1 1 1 1 1 1 1 1 1 1 1 1 1 1 1 1 1 1 1
1 1 1 1 1 1 1 1 1 1 1 1 1 1 1 1 1 1 1 1
1 1 1 1 1 1 1 1 1 1 1 1 1 1 1 1 1 1 1 1
1 1 1 1 1 1 1 1 1 1 1 1 1 1 1 1 1 1 1 1
1 1 1 1 1 1 1 1 1 1 1 1 1 1 1 1 1 1 1 1
1 1 1 1 1 1 1 1 1 1 1 1 1 1 1 1 1 1 1 1
1 1 1 1 1 1 1 1 1 1 1 1 1 1 1 1 1 1 1 1
1 1 1 1 1 1 1 1 1 1 1 1 1 1 1 1 1 1 1 1
1 1 1 1 1 1 1 1 1 1 1 1 1 1 1 1 1 1 1 1
1 1 1 1 1 1 1 1 1 1 1 1 1 1 1 1 1 1 1 1
1 1 1 1 1 1 1 1 1 1 1 1 1 1 1 1 1 1 1 1
1 1 1 1 1 1 1 1 1 1 1 1 1 1 1 1 1 1 1 1
1 1 1 1 1 1 1 1 1 1 1 1 1 1 1 1 1 1 1 1
1 1 1 1 1 1 1 1 1 1 1 1 1 1 1 1 1 1 1 1
1 1 1 1 1 1 1 1 1 1 1 1 1 1 1 1 1 1 1 1
1 1
2 2 2 2 2 2 2 2 2 2 2 2 2 2 2 2 2 2 2 2
2 2 2 2 2 2 2 2 2 2 2 2 2 2 2 2 2 2 2 2
2 2 2 2 2 2 2 2 2 2 2 2 2 2 2 2 2 2 2 2
2 2 2 2 2 2 2 2 2 2 2 2 2 2 2 2 2 2 2 2
2 2 2 2 2 2 2 2 2 2 2 2 2 2 2 2 2 2 2 2
2 2 2 2 2 2 2 2 2 2 2 2 2 2 2 2 2 2 2 2
2 2 2 2 2 2 2 2 2 2 2 2 2 2 2 2 2 2 2 2
2 2 2 2 2 2 2 2 2 2 2 2 2 2 2 2 2 2 2 2
2 2 2 2 2 2 2 2 2 2 2 2 2 2 2 2 2 2 2 2
2 2 2 2 2 2 2 2 2 2 2 2 2 2 2 2 2 2 2 2
2 2 2 2 2 2 2 2 2 2 2 2 2 2 2 2 2 2 2 2
2 2 2 2 2 2 2 2 2 2 2 2 2 2 2 2 2 2 2 2
2 2 2 2 2 2 2 2 2 2 2 2 2 2 2 2 2 2 2 2
2 2 2 2 2 2 2 2 2 2 2 2 2 2 2 2 2 2 2 2
2 2 2 2 2 2 2 2 2 2 2 2 2 2 2 2 2 2 2 2
2 2 2 2 2 2 2 2 2 2 2 2 2 2 2 2 2 2 2 2
2 2 2 2 2 2 2 2 2 2 2 2 2 2 2 2 2 2 2 2
2 2 2 2 2 2 2 2 2 2 2 2 2 2 2 2 2 2 2 2
2 2 2 2 2 2 2 2 2 2 2 2 2 2 2 2 2 2 2 2
2 2 2 2 2 2 2 2 2 2 2 2 2 2 2 2 2 2 2 2
2 2 2 2 2 2 2 2 2 2 2 2 2 2 2 2 2 2 2 2
2 2 2 2 2 2 2 2 2 2 2 2 2 2 2 2 2 2 2 2
2 2 2 2 2 2 2 2 2 2 2 2 2 2 2 2 2 2 2 2
2 2 2 2 2 2 2 2 2 2 2 2 2 2 2 2 2 2 2 2
2 2 2 2 2 2 2 2 2 2 2 2 2 2 2 2 2 2 2 2
2 2 2 2 2 2 2 2 2 2 2 2 2 2 2 2 2 2 2 2
2 2 2 2 2 2 2 2 2 2 2 2 2 2 2 2 2 2 2 2
2 2 2 2 2 2 2 2 2 2 2 2 2 2 2 2 2 2 2 2
2 2 2 2 2 2 2 2 2 2 2 2 2 2 2 2 2 2 2 2
2 2 2 2 2 2 2 2 2 2 2 2 2 2 2 2 2 2 2 2
2 2 2 2 2 2 2 2 2 2 2 2 2 2 2 2 2 2 2 2
2 2 2 2 2 2 2 2 2 2 2 2 2 2 2 2 2 2 2 2
2 2 2 2 2 2 2 2 2 2 2 2 2 2 2 2 2 2 2 2
2 2 2 2 2 2 2 2 2 2 2 2 2 2 2 2 2 2 2 2
2 2 2 2 2 2 2 2 2 2 2 2 2 2 2 2 2 2 2 2
2 2 2 2 2 2 2 2 2 2 2 2 2 2 2 2 2 2 2 2
2 2 2 2 2 2 2 2 2 2 2 2 2 2 2 2 2 2 2 2
2 2 2 2 2 2 2 2 2 2 2 2 2 2 2 2 2 2 2 2
2 2 2 2 2 2 2 2 2 2 2 2 2 2 2 2 2 2 2 2
2 2 2 2 2 2 2 2 2 2 2 2 2 2 2 2 2 2 2 2
2 2 2 2 2 2 2 2 2 2 2 2 2 2 2 2 2 2 2 2
2 2 2 2 2 2 2 2 2 2 2 2 2 2 2 2 2 2 2 2
2 2 2 2 2 2 2 2 2 2 2 2 2 2 2 2 2 2 2 2
2 2 2 2 2 2 2 2 2 2 2 2 2 2 2 2 2 2 2 2
2 2 2 2 2 2 2 2 2 2 2 2 2 2 2 2 2 2 2 2
2 2 2 2 2 2 2 2 2 2 2 2 2 2 2 2 2 2 2 2
2 2 2 2 2 2 2 2 2 2 2 2 2 2 2 2 2 2 2 2
2 2 2 2 2 2 2 2 2 2 2 2 2 2 2 2 2 2 2 2
2 2 2 2 2 2 2 2 2 2 2 2 2 2 2 2 2 2 2 2
2 2 2 2 2 2 2 2 2 2 2 2 2 2 2 2 2 2 2 2
2 2 2 2 2 2 2 2 2 2 2 2 2 2 2 2 2 2 2 2
2 2 2 2 2 2 2 2 2 2 2 2 2 2 2 2 2 2 2 2
2 2 2 2 2 2 2 2 2 2 2 2 2 2 2 2 2 2 2 2
2 2 2 2 2 2 2 2 2 2 2 2 2 2 2 2 2 2 2 2
2 2 2 2 2 2 2 2 2 2 2 2 2 2 2 2 2 2 2 2
2 2 2 2 2 2 2 2 2 2 2 2 2 2 2 2 2 2 2 2
2 2 2 2 2 2 2 2 2 2 2 2 2 2 2 2 2 2 2 2
2 2 2 2 2 2 2 2 2 2 2 2 2 2 2 2 2 2 2 2
2 2 2 2 2 2 2 2 2 2 2 2 2 2 2 2 2 2 2 2
2 2 2 2 2 2 2 2 2 2 2 2 2 2 2 2 2 2 2 2
2 2 2 2 2 2 2 2 2 2 2 2 2 2 2 2 2 2 2 2
2 2 2 2 2 2 2 2 2 2 2 2 2 2 2 2 2 2 2 2
2 2 2 2 2 2 2 2 2 2 2 2 2 2 2 2 2 2 2 2
2 2 2 2 2 2 2 2 2 2 2 2 2 2 2 2 2 2 2 2
2 2 2 2 2 2 2 2 2 2 2 2 2 2 2 2 2 2 2 2
2 2 2 2 2 2 2 2 2 2 2 2 2 2 2 2 2 2 2 2
2 2 2 2 2 2 2 2 2 2 2 2 2 2 2 2 2 2 2 2
2 2 2 2 2 2 2 2 2 2 2 2 2 2 2 2 2 2
3 3 3 3 3 3 3 3 3 3 3 3 3 3 3 3 3 3 3 3
3 3 3 3 3 3 3 3 3 3 3 3 3 3 3 3 3 3 3 3
3 3 3 3 3 3 3 3 3 3 3 3 3 3 3 3 3 3 3 3
3 3 3 3 3 3 3 3 3 3 3 3 3 3 3 3 3 3 3 3
3 3 3 3 3 3 3 3 3 3 3 3 3 3 3 3 3 3 3 3
3 3 3 3 3 3 3 3 3 3 3 3 3 3 3 3 3 3 3 3
3 3 3 3 3 3 3 3 3 3 3 3 3 3 3 3 3 3 3 3
3 3 3 3 3 3 3 3 3 3 3 3 3 3 3 3 3 3 3 3
3 3 3 3 3 3 3 3 3 3 3 3 3 3 3 3 3 3 3 3
3 3 3 3 3 3 3 3 3 3 3 3 3 3 3 3 3 3 3 3
3 3 3 3 3 3 3 3 3 3 3 3 3 3 3 3 3 3 3 3
3 3 3 3 3 3 3 3 3 3 3 3 3 3 3 3 3 3 3 3
3 3 3 3 3 3 3 3 3 3 3 3 3 3 3 3 3 3 3 3
3 3 3 3 3 3 3 3 3 3 3 3 3 3 3 3 3 3 3 3
3 3 3 3 3 3 3 3 3 3 3 3 3 3 3 3 3 3 3 3
3 3 3 3 3 3 3 3 3 3 3 3 3 3 3 3 3 3 3 3
3 3 3 3 3 3 3 3 3 3 3 3 3 3 3 3 3 3 3 3
3 3 3 3 3 3 3 3 3 3 3 3 3 3 3 3 3 3 3 3
3 3 3 3 3 3 3 3 3 3 3 3 3 3 3 3 3 3 3 3
3 3 3 3 3 3 3 3 3 3 3 3 3 3 3 3 3 3 3 3
3 3 3 3 3 3 3 3 3 3 3 3 3 3 3 3 3 3 3 3
3 3 3 3 3 3 3 3 3 3 3 3 3 3 3 3 3 3 3 3
3 3 3 3 3 3 3 3 3 3 3 3 3 3 3 3 3 3 3 3
3 3 3 3 3 3 3 3 3 3 3 3 3 3 3 3 3 3 3 3
3 3 3 3 3 3 3 3 3 3 3 3 3 3 3 3 3 3 3 3
3 3 3 3 3 3 3 3 3 3 3 3 3 3 3 3 3 3 3 3
3 3 3 3 3 3 3 3 3 3 3 3 3 3 3 3 3 3 3 3
3 3 3 3 3 3 3 3 3 3 3 3 3 3 3 3 3 3 3 3
3 3 3 3 3 3 3 3 3 3 3 3 3 3 3 3 3 3 3 3
3 3 3 3 3 3 3 3 3 3 3 3 3 3 3 3 3 3 3 3
3 3 3 3 3 3 3 3 3 3 3 3 3 3 3 3 3 3 3 3
3 3 3 3 3 3 3 3 3 3 3 3 3 3 3 3 3 3 3 3
3 3 3 3 3 3 3 3 3 3 3 3 3 3 3 3 3 3 3 3
3 3 3 3 3 3 3 3 3 3 3 3 3 3 3 3 3 3 3 3
3 3 3 3 3 3 3 3 3 3 3 3 3 3 3 3 3 3 3 3
3 3 3 3 3 3 3 3 3 3 3 3 3 3 3 3 3 3 3 3
3 3 3 3 3 3 3 3 3 3 3 3 3 3 3 3 3 3 3 3
3 3 3 3 3 3 3 3 3 3 3 3 3 3 3 3 3 3 3 3
3 3 3 3 3 3 3 3 3 3 3 3 3 3 3 3 3 3 3 3
3 3 3 3 3 3 3 3 3 3 3 3 3 3 3 3 3 3 3 3
3 3 3 3 3 3 3 3 3 3 3 3 3 3 3 3 3 3 3 3
3 3 3 3 3 3 3 3 3 3 3 3 3 3 3 3 3 3 3 3
3 3 3 3 3 3 3 3 3 3 3 3 3 3 3 3 3 3 3 3
3 3 3 3 3 3 3 3 3 3 3 3 3 3 3 3 3 3 3 3
3 3 3 3 3 3 3 3 3 3 3 3 3 3 3 3 3 3 3 3
3 3 3 3 3 3 3 3 3 3 3 3 3 3 3 3 3 3 3 3
3 3 3 3 3 3 3 3 3 3 3 3 3 3 3 3 3 3 3 3
3 3 3 3 3 3 3 3 3 3 3 3 3 3 3 3 3 3 3 3
3 3 3 3 3 3 3 3 3 3 3 3 3 3 3 3 3 3 3 3
3 3 3 3 3 3 3 3 3 3 3 3 3 3 3 3 3 3 3 3
3 3 3 3 3 3 3 3 3 3 3 3 3 3 3 3 3 3 3 3
3 3 3 3 3 3 3 3 3 3 3 3 3 3 3 3 3 3 3 3
3 3 3 3 3 3 3 3 3 3 3 3 3 3 3 3 3 3 3 3
3 3 3 3 3 3 3 3 3 3 3 3 3 3 3 3 3 3 3 3
3 3 3 3 3 3 3 3 3 3 3 3 3 3 3 3 3 3 3 3
3 3 3 3 3 3 3 3 3 3 3 3 3 3 3 3 3 3 3 3
3 3 3 3 3 3 3 3 3 3 3 3 3 3 3 3 3 3 3 3
3 3 3 3 3 3 3 3 3 3 3 3 3 3 3 3 3 3 3 3
3 3 3 3 3 3 3 3 3 3 3 3 3 3 3 3 3 3 3 3
3 3 3 3 3 3 3 3 3 3 3 3 3 3 3 3 3 3 3 3
3 3 3 3 3 3 3 3 3 3 3 3 3 3 3 3 3 3 3 3
3 3 3 3 3 3 3 3 3 3 3 3 3 3 3 3 3 3 3 3
3 3 3 3 3 3 3 3 3 3 3 3 3 3 3 3 3 3 3 3
3 3 3 3 3 3 3 3 3 3 3 3 3 3 3 3 3 3 3 3
3 3 3 3 3 3 3 3 3 3 3 3 3 3 3 3 3 3 3 3
3 3 3 3 3 3 3 3 3 3 3 3 3 3 3 3 3 3 3 3
3 3 3 3 3 3 3 3 3 3 3 3 3 3 3 3 3 3 3 3
3 3 3 3 3 3 3 3 3 3 3 3 3 3 3 3 3 3 3 3
3 3 3 3 3 3 3 3 3 3 3 3 3 3 3 3 3 3 3 3
3 3 3 3 3 3 3 3 3 3 3 3 3 3 3 3 3 3 3 3
3 3 3 3 3 3 3 3 3 3 3 3 3 3 3 3 3 3 3 3
3 3 3 3 3 3 3 3 3 3 3 3 3 3 3 3 3 3 3 3
3 3 3 3 3 3 3 3 3 3 3 3 3 3 3 3 3 3 3 3
3 3 3 3 3 3 3 3 3 3 3 3 3 3 3 3 3 3 3 3
3 3 3 3 3 3 3 3 3 3 3 3 3 3 3 3 3 3 3 3
3 3 3 3 3 3 3 3 3 3 3 3 3 3 3 3 3 3 3 3
3 3 3 3 3 3 3 3 3 3 3 3 3 3 3 3 3 3 3 3
3 3 3 3 3 3 3 3 3 3 3 3 3 3 3 3 3 3 3 3
3 3 3 3 3 3 3 3 3 3 3 3 3 3 3 3
4 4 4 4 4 4 4 4 4 4 4 4 4 4 4 4 4 4 4 4
4 4 4 4 4 4 4 4 4 4 4 4 4 4 4 4 4 4 4 4
4 4 4 4 4 4 4 4 4 4 4 4 4 4 4 4 4 4 4 4
4 4 4 4 4 4 4 4 4 4 4 4 4 4 4 4 4 4 4 4
4 4 4 4 4 4 4 4 4 4 4 4 4 4 4 4 4 4 4 4
4 4 4 4 4 4 4 4 4 4 4 4 4 4 4 4 4 4 4 4
4 4 4 4 4 4 4 4 4 4 4 4 4 4 4 4 4 4 4 4
4 4 4 4 4 4 4 4 4 4 4 4 4 4 4 4 4 4 4 4
4 4 4 4 4 4 4 4 4 4 4 4 4 4 4 4 4 4 4 4
4 4 4 4 4 4 4 4 4 4 4 4 4 4 4 4 4 4 4 4
4 4 4 4 4 4 4 4 4 4 4 4 4 4 4 4 4 4 4 4
4 4 4 4 4 4 4 4 4 4 4 4 4 4 4 4 4 4 4 4
4 4 4 4 4 4 4 4 4 4 4 4 4 4 4 4 4 4 4 4
4 4 4 4 4 4 4 4 4 4 4 4 4 4 4 4 4 4 4 4
4 4 4 4 4 4 4 4 4 4 4 4 4 4 4 4 4 4 4 4
4 4 4 4 4 4 4 4 4 4 4 4 4 4 4 4 4 4 4 4
4 4 4 4 4 4 4 4 4 4 4 4 4 4 4 4 4 4 4 4
4 4 4 4 4 4 4 4 4 4 4 4 4 4 4 4 4 4 4 4
4 4 4 4 4 4 4 4 4 4 4 4 4 4 4 4 4 4 4 4
4 4 4 4 4 4 4 4 4 4 4 4 4 4 4 4 4 4 4 4
4 4 4 4 4 4 4 4 4 4 4 4 4 4 4 4 4 4 4 4
4 4 4 4 4 4 4 4 4 4 4 4 4 4 4 4 4 4 4 4
4 4 4 4 4 4 4 4 4 4 4 4 4 4 4 4 4 4 4 4
4 4 4 4 4 4 4 4 4 4 4 4 4 4 4 4 4 4 4 4
4 4 4 4 4 4 4 4 4 4 4 4 4 4 4 4 4 4 4 4
4 4 4 4 4 4 4 4 4 4 4 4 4 4 4 4 4 4 4 4
4 4 4 4 4 4 4 4 4 4 4 4 4 4 4 4 4 4 4 4
4 4 4 4 4 4 4 4 4 4 4 4 4 4 4 4 4 4 4 4
4 4 4 4 4 4 4 4 4 4 4 4 4 4 4 4 4 4 4 4
4 4 4 4 4 4 4 4 4 4 4 4 4 4 4 4 4 4 4 4
4 4 4 4 4 4 4 4 4 4 4 4 4 4 4 4 4 4 4 4
4 4 4 4 4 4 4 4 4 4 4 4 4 4 4 4 4 4 4 4
4 4 4 4 4 4 4 4 4 4 4 4 4 4 4 4 4 4 4 4
4 4 4 4 4 4 4 4 4 4 4 4 4 4 4 4 4 4 4 4
4 4 4 4 4 4 4 4 4 4 4 4 4 4 4 4 4 4 4 4
4 4 4 4 4 4 4 4 4 4 4 4 4 4 4 4 4 4 4 4
4 4 4 4 4 4 4 4 4 4 4 4 4 4 4 4 4 4 4 4
4 4 4 4 4 4 4 4 4 4 4 4 4 4 4 4 4 4 4 4
4 4 4 4 4 4 4 4 4 4 4 4 4 4 4 4 4 4 4 4
4 4 4 4 4 4 4 4 4 4 4 4 4 4 4 4 4 4 4 4
4 4 4 4 4 4 4 4 4 4 4 4 4 4 4 4 4 4 4 4
4 4 4 4 4 4 4 4 4 4 4 4 4 4 4 4 4 4 4 4
4 4 4 4 4 4 4 4 4 4 4 4 4 4 4 4 4 4 4 4
4 4 4 4 4 4 4 4 4 4 4 4 4 4 4 4 4 4 4 4
4 4 4 4 4 4 4 4 4 4 4 4 4 4 4 4 4 4 4 4
4 4 4 4 4 4 4 4 4 4 4 4 4 4 4 4 4 4 4 4
4 4 4 4 4 4 4 4 4 4 4 4 4 4 4 4 4 4 4 4
4 4 4 4 4 4 4 4 4 4 4 4 4 4 4 4 4 4 4 4
4 4 4 4 4 4 4 4 4 4 4 4 4 4 4 4 4 4 4 4
4 4 4 4 4 4 4 4 4 4 4 4 4 4 4 4 4 4 4 4
4 4 4 4 4 4 4 4 4 4 4 4 4 4 4 4 4 4 4 4
4 4 4 4 4 4 4 4 4 4 4 4 4 4 4 4 4 4 4 4
4 4 4 4 4 4 4 4 4 4 4 4 4 4 4 4 4 4 4 4
4 4 4 4 4 4 4 4 4 4 4 4 4 4 4 4 4 4 4 4
4 4 4 4 4 4 4 4 4 4 4 4 4 4 4 4 4 4 4 4
4 4 4 4 4 4 4 4 4 4 4 4 4 4 4 4 4 4 4 4
4 4 4 4 4 4 4 4 4 4 4 4 4 4 4 4 4 4 4 4
4 4 4 4 4 4 4 4 4 4 4 4 4 4 4 4 4 4 4 4
4 4 4 4 4 4 4 4 4 4 4 4 4 4 4 4 4 4 4 4
4 4 4 4 4 4 4 4 4 4 4 4 4 4 4 4 4 4 4 4
4 4 4 4 4 4 4 4 4 4 4 4 4 4 4 4 4 4 4 4
4 4 4 4 4 4 4 4 4 4 4 4 4 4 4 4 4 4 4 4
4 4 4 4 4 4 4 4 4 4 4 4 4 4 4 4 4 4 4 4
4 4 4 4 4 4 4 4 4 4 4 4 4 4 4 4 4 4 4 4
4 4 4 4 4 4 4 4 4 4 4 4 4 4 4 4 4 4 4 4
4 4 4 4 4 4 4 4 4 4 4 4 4 4 4 4 4 4 4 4
4 4 4 4 4 4 4 4 4 4 4 4 4 4 4 4 4 4 4 4
4 4 4 4 4 4 4 4 4 4 4 4 4 4 4 4 4 4 4 4
4 4 4 4 4 4 4 4 4 4 4 4 4 4 4 4 4 4 4 4
4 4 4 4 4 4 4 4 4 4 4 4 4 4 4 4 4 4 4 4
4 4 4 4 4 4 4 4 4 4 4 4 4 4 4 4 4 4 4 4
4 4 4 4 4 4 4 4 4 4 4 4 4 4 4 4 4 4 4 4
4 4 4 4 4 4 4 4 4 4 4 4 4 4 4 4 4 4 4 4
4 4 4 4 4 4 4 4 4 4 4 4 4 4 4 4 4 4 4 4
4 4 4 4 4 4 4 4 4 4 4 4 4 4 4 4 4 4 4 4
4 4 4 4 4 4 4 4 4 4 4 4 4 4 4 4 4 4 4 4
4 4 4 4 4 4 4 4 4 4 4 4 4 4 4 4 4 4 4 4
4 4 4 4 4 4 4 4 4 4 4 4 4 4 4 4 4 4 4 4
4 4 4 4 4 4 4 4 4 4 4 4 4 4 4 4
