Thickness_m,Fiber_Orientation,Air_Velocity,Pressure_Drop_Pa,Capture_Efficiency
0.001,0.1,2.0,2.5668297525349213,0.7863936493753797
0.001,0.1,2.5,3.2085371906686517,0.7845621475438779
0.001,0.1,3.0,3.8502446288023826,0.783321452754796
0.001,0.1,3.5,4.491952066936112,0.7824253954071257
0.001,0.18888888888888888,2.0,2.7211907088626623,0.9591729463469881
0.001,0.18888888888888888,2.5,3.4014883860783276,0.9557134428874846
0.001,0.18888888888888888,3.0,4.081786063293994,0.9533699082858855
0.001,0.18888888888888888,3.5,4.7620837405096585,0.951677355518064
0.001,0.2777777777777778,2.0,2.895305126769575,0.98
0.001,0.2777777777777778,2.5,3.619131408461969,0.98
0.001,0.2777777777777778,3.0,4.342957690154363,0.98
0.001,0.2777777777777778,3.5,5.066783971846756,0.98
0.001,0.3666666666666667,2.0,3.0932239596684608,0.98
0.001,0.3666666666666667,2.5,3.866529949585576,0.98
0.001,0.3666666666666667,3.0,4.639835939502691,0.98
0.001,0.3666666666666667,3.5,5.4131419294198055,0.98
0.001,0.4555555555555556,2.0,3.3201871044666613,0.98
0.001,0.4555555555555556,2.5,4.150233880583326,0.98
0.001,0.4555555555555556,3.0,4.980280656699992,0.98
0.001,0.4555555555555556,3.5,5.810327432816656,0.98
0.001,0.5444444444444445,2.0,3.5830941304563004,0.98
0.001,0.5444444444444445,2.5,4.478867663070376,0.98
0.001,0.5444444444444445,3.0,5.37464119568445,0.98
0.001,0.5444444444444445,3.5,6.270414728298525,0.98
0.001,0.6333333333333333,2.0,3.8912178867032137,0.98
0.001,0.6333333333333333,2.5,4.8640223583790165,0.98
0.001,0.6333333333333333,3.0,5.836826830054821,0.98
0.001,0.6333333333333333,3.5,6.809631301730623,0.98
0.001,0.7222222222222222,2.0,4.25732094554863,0.98
0.001,0.7222222222222222,2.5,5.3216511819357875,0.98
0.001,0.7222222222222222,3.0,6.385981418322945,0.98
0.001,0.7222222222222222,3.5,7.450311654710101,0.98
0.001,0.8111111111111111,2.0,4.699467739841619,0.98
0.001,0.8111111111111111,2.5,5.874334674802024,0.98
0.001,0.8111111111111111,3.0,7.04920160976243,0.98
0.001,0.8111111111111111,3.5,8.224068544722833,0.98
0.001,0.9,2.0,5.244096769520499,0.98
0.001,0.9,2.5,6.555120961900624,0.98
0.001,0.9,3.0,7.866145154280749,0.98
0.001,0.9,3.5,9.177169346660872,0.98
0.001494949494949495,0.1,2.0,3.8372808421734184,0.9033230737942051
0.001494949494949495,0.1,2.5,4.796601052716773,0.9014915719627032
0.001494949494949495,0.1,3.0,5.755921263260127,0.9002508771736214
0.001494949494949495,0.1,3.5,6.715241473803482,0.8993548198259511
0.001494949494949495,0.18888888888888888,2.0,4.068042675875495,0.98
0.001494949494949495,0.18888888888888888,2.5,5.085053344844369,0.98
0.001494949494949495,0.18888888888888888,3.0,6.102064013813243,0.98
0.001494949494949495,0.18888888888888888,3.5,7.119074682782117,0.98
0.001494949494949495,0.2777777777777778,2.0,4.32833493698886,0.98
0.001494949494949495,0.2777777777777778,2.5,5.410418671236076,0.98
0.001494949494949495,0.2777777777777778,3.0,6.49250240548329,0.98
0.001494949494949495,0.2777777777777778,3.5,7.574586139730505,0.98
0.001494949494949495,0.3666666666666667,2.0,4.6242135962720425,0.98
0.001494949494949495,0.3666666666666667,2.5,5.780266995340053,0.98
0.001494949494949495,0.3666666666666667,3.0,6.936320394408063,0.98
0.001494949494949495,0.3666666666666667,3.5,8.092373793476074,0.98
0.001494949494949495,0.4555555555555556,2.0,4.963512034960261,0.98
0.001494949494949495,0.4555555555555556,2.5,6.204390043700326,0.98
0.001494949494949495,0.4555555555555556,3.0,7.445268052440391,0.98
0.001494949494949495,0.4555555555555556,3.5,8.686146061180457,0.98
0.001494949494949495,0.5444444444444445,2.0,5.356544760682145,0.98
0.001494949494949495,0.5444444444444445,2.5,6.695680950852683,0.98
0.001494949494949495,0.5444444444444445,3.0,8.034817141023218,0.98
0.001494949494949495,0.5444444444444445,3.5,9.373953331193755,0.98
0.001494949494949495,0.6333333333333333,2.0,5.81717421446541,0.98
0.001494949494949495,0.6333333333333333,2.5,7.271467768081763,0.98
0.001494949494949495,0.6333333333333333,3.0,8.725761321698116,0.98
0.001494949494949495,0.6333333333333333,3.5,10.180054875314468,0.98
0.001494949494949495,0.7222222222222222,2.0,6.3644797973858305,0.98
0.001494949494949495,0.7222222222222222,2.5,7.955599746732289,0.98
0.001494949494949495,0.7222222222222222,3.0,9.546719696078744,0.98
0.001494949494949495,0.7222222222222222,3.5,11.137839645425204,0.98
0.001494949494949495,0.8111111111111111,2.0,7.025466924207674,0.98
0.001494949494949495,0.8111111111111111,2.5,8.781833655259591,0.98
0.001494949494949495,0.8111111111111111,3.0,10.538200386311509,0.98
0.001494949494949495,0.8111111111111111,3.5,12.294567117363428,0.98
0.001494949494949495,0.9,2.0,7.839659817060948,0.98
0.001494949494949495,0.9,2.5,9.799574771326185,0.98
0.001494949494949495,0.9,3.0,11.759489725591422,0.98
0.001494949494949495,0.9,3.5,13.719404679856659,0.98
0.00198989898989899,0.1,2.0,5.107731931811914,0.9589766478939941
0.00198989898989899,0.1,2.5,6.384664914764893,0.9571451460624922
0.00198989898989899,0.1,3.0,7.661597897717871,0.9559044512734104
0.00198989898989899,0.1,3.5,8.93853088067085,0.9550083939257401
0.00198989898989899,0.18888888888888888,2.0,5.414894642888328,0.98
0.00198989898989899,0.18888888888888888,2.5,6.76861830361041,0.98
0.00198989898989899,0.18888888888888888,3.0,8.122341964332492,0.98
0.00198989898989899,0.18888888888888888,3.5,9.476065625054574,0.98
0.00198989898989899,0.2777777777777778,2.0,5.761364747208144,0.98
0.00198989898989899,0.2777777777777778,2.5,7.201705934010179,0.98
0.00198989898989899,0.2777777777777778,3.0,8.642047120812217,0.98
0.00198989898989899,0.2777777777777778,3.5,10.082388307614252,0.98
0.00198989898989899,0.3666666666666667,2.0,6.155203232875624,0.98
0.00198989898989899,0.3666666666666667,2.5,7.694004041094529,0.98
0.00198989898989899,0.3666666666666667,3.0,9.232804849313435,0.98
0.00198989898989899,0.3666666666666667,3.5,10.77160565753234,0.98
0.00198989898989899,0.4555555555555556,2.0,6.606836965453861,0.98
0.00198989898989899,0.4555555555555556,2.5,8.258546206817327,0.98
0.00198989898989899,0.4555555555555556,3.0,9.910255448180791,0.98
0.00198989898989899,0.4555555555555556,3.5,11.561964689544256,0.98
0.00198989898989899,0.5444444444444445,2.0,7.1299953909079905,0.98
0.00198989898989899,0.5444444444444445,2.5,8.91249423863499,0.98
0.00198989898989899,0.5444444444444445,3.0,10.694993086361988,0.98
0.00198989898989899,0.5444444444444445,3.5,12.477491934088983,0.98
0.00198989898989899,0.6333333333333333,2.0,7.743130542227607,0.98
0.00198989898989899,0.6333333333333333,2.5,9.678913177784507,0.98
0.00198989898989899,0.6333333333333333,3.0,11.614695813341408,0.98
0.00198989898989899,0.6333333333333333,3.5,13.55047844889831,0.98
0.00198989898989899,0.7222222222222222,2.0,8.47163864922303,0.98
0.00198989898989899,0.7222222222222222,2.5,10.58954831152879,0.98
0.00198989898989899,0.7222222222222222,3.0,12.707457973834545,0.98
0.00198989898989899,0.7222222222222222,3.5,14.825367636140305,0.98
0.00198989898989899,0.8111111111111111,2.0,9.351466108573726,0.98
0.00198989898989899,0.8111111111111111,2.5,11.689332635717157,0.98
0.00198989898989899,0.8111111111111111,3.0,14.02719916286059,0.98
0.00198989898989899,0.8111111111111111,3.5,16.36506569000402,0.98
0.00198989898989899,0.9,2.0,10.435222864601396,0.98
0.00198989898989899,0.9,2.5,13.044028580751744,0.98
0.00198989898989899,0.9,3.0,15.652834296902093,0.98
0.00198989898989899,0.9,3.5,18.261640013052443,0.98
0.0024848484848484847,0.1,2.0,6.378183021450411,0.98
0.0024848484848484847,0.1,2.5,7.972728776813014,0.98
0.0024848484848484847,0.1,3.0,9.567274532175615,0.98
0.0024848484848484847,0.1,3.5,11.16182028753822,0.98
0.0024848484848484847,0.18888888888888888,2.0,6.76174660990116,0.98
0.0024848484848484847,0.18888888888888888,2.5,8.452183262376451,0.98
0.0024848484848484847,0.18888888888888888,3.0,10.14261991485174,0.98
0.0024848484848484847,0.18888888888888888,3.5,11.833056567327032,0.98
0.0024848484848484847,0.2777777777777778,2.0,7.194394557427429,0.98
0.0024848484848484847,0.2777777777777778,2.5,8.992993196784285,0.98
0.0024848484848484847,0.2777777777777778,3.0,10.791591836141142,0.98
0.0024848484848484847,0.2777777777777778,3.5,12.590190475498,0.98
0.0024848484848484847,0.3666666666666667,2.0,7.686192869479204,0.98
0.0024848484848484847,0.3666666666666667,2.5,9.607741086849007,0.98
0.0024848484848484847,0.3666666666666667,3.0,11.529289304218807,0.98
0.0024848484848484847,0.3666666666666667,3.5,13.45083752158861,0.98
0.0024848484848484847,0.4555555555555556,2.0,8.25016189594746,0.98
0.0024848484848484847,0.4555555555555556,2.5,10.312702369934327,0.98
0.0024848484848484847,0.4555555555555556,3.0,12.37524284392119,0.98
0.0024848484848484847,0.4555555555555556,3.5,14.437783317908057,0.98
0.0024848484848484847,0.5444444444444445,2.0,8.903446021133837,0.98
0.0024848484848484847,0.5444444444444445,2.5,11.129307526417294,0.98
0.0024848484848484847,0.5444444444444445,3.0,13.355169031700754,0.98
0.0024848484848484847,0.5444444444444445,3.5,15.581030536984215,0.98
0.0024848484848484847,0.6333333333333333,2.0,9.669086869989803,0.98
0.0024848484848484847,0.6333333333333333,2.5,12.086358587487254,0.98
0.0024848484848484847,0.6333333333333333,3.0,14.503630304984704,0.98
0.0024848484848484847,0.6333333333333333,3.5,16.920902022482156,0.98
0.0024848484848484847,0.7222222222222222,2.0,10.578797501060231,0.98
0.0024848484848484847,0.7222222222222222,2.5,13.22349687632529,0.98
0.0024848484848484847,0.7222222222222222,3.0,15.868196251590346,0.98
0.0024848484848484847,0.7222222222222222,3.5,18.512895626855407,0.98
0.0024848484848484847,0.8111111111111111,2.0,11.67746529293978,0.98
0.0024848484848484847,0.8111111111111111,2.5,14.596831616174725,0.98
0.0024848484848484847,0.8111111111111111,3.0,17.51619793940967,0.98
0.0024848484848484847,0.8111111111111111,3.5,20.435564262644615,0.98
0.0024848484848484847,0.9,2.0,13.030785912141845,0.98
0.0024848484848484847,0.9,2.5,16.288482390177307,0.98
0.0024848484848484847,0.9,3.0,19.546178868212767,0.98
0.0024848484848484847,0.9,3.5,22.80387534624823,0.98
0.00297979797979798,0.1,2.0,7.648634111088907,0.98
0.00297979797979798,0.1,2.5,9.560792638861136,0.98
0.00297979797979798,0.1,3.0,11.47295116663336,0.98
0.00297979797979798,0.1,3.5,13.385109694405587,0.98
0.00297979797979798,0.18888888888888888,2.0,8.108598576913993,0.98
0.00297979797979798,0.18888888888888888,2.5,10.135748221142492,0.98
0.00297979797979798,0.18888888888888888,3.0,12.162897865370988,0.98
0.00297979797979798,0.18888888888888888,3.5,14.190047509599488,0.98
0.00297979797979798,0.2777777777777778,2.0,8.627424367646713,0.98
0.00297979797979798,0.2777777777777778,2.5,10.78428045955839,0.98
0.00297979797979798,0.2777777777777778,3.0,12.941136551470068,0.98
0.00297979797979798,0.2777777777777778,3.5,15.09799264338175,0.98
0.00297979797979798,0.3666666666666667,2.0,9.217182506082787,0.98
0.00297979797979798,0.3666666666666667,2.5,11.521478132603484,0.98
0.00297979797979798,0.3666666666666667,3.0,13.82577375912418,0.98
0.00297979797979798,0.3666666666666667,3.5,16.130069385644877,0.98
0.00297979797979798,0.4555555555555556,2.0,9.89348682644106,0.98
0.00297979797979798,0.4555555555555556,2.5,12.366858533051326,0.98
0.00297979797979798,0.4555555555555556,3.0,14.840230239661588,0.98
0.00297979797979798,0.4555555555555556,3.5,17.313601946271856,0.98
0.00297979797979798,0.5444444444444445,2.0,10.676896651359682,0.98
0.00297979797979798,0.5444444444444445,2.5,13.346120814199603,0.98
0.00297979797979798,0.5444444444444445,3.0,16.015344977039522,0.98
0.00297979797979798,0.5444444444444445,3.5,18.684569139879443,0.98
0.00297979797979798,0.6333333333333333,2.0,11.595043197752,0.98
0.00297979797979798,0.6333333333333333,2.5,14.49380399719,0.98
0.00297979797979798,0.6333333333333333,3.0,17.392564796627997,0.98
0.00297979797979798,0.6333333333333333,3.5,20.291325596066,0.98
0.00297979797979798,0.7222222222222222,2.0,12.685956352897433,0.98
0.00297979797979798,0.7222222222222222,2.5,15.85744544112179,0.98
0.00297979797979798,0.7222222222222222,3.0,19.02893452934615,0.98
0.00297979797979798,0.7222222222222222,3.5,22.200423617570507,0.98
0.00297979797979798,0.8111111111111111,2.0,14.003464477305835,0.98
0.00297979797979798,0.8111111111111111,2.5,17.504330596632293,0.98
0.00297979797979798,0.8111111111111111,3.0,21.00519671595875,0.98
0.00297979797979798,0.8111111111111111,3.5,24.50606283528521,0.98
0.00297979797979798,0.9,2.0,15.626348959682295,0.98
0.00297979797979798,0.9,2.5,19.53293619960287,0.98
0.00297979797979798,0.9,3.0,23.43952343952344,0.98
0.00297979797979798,0.9,3.5,27.346110679444013,0.98
0.003474747474747475,0.1,2.0,8.919085200727405,0.98
0.003474747474747475,0.1,2.5,11.148856500909256,0.98
0.003474747474747475,0.1,3.0,13.378627801091108,0.98
0.003474747474747475,0.1,3.5,15.608399101272958,0.98
0.003474747474747475,0.18888888888888888,2.0,9.455450543926828,0.98
0.003474747474747475,0.18888888888888888,2.5,11.819313179908534,0.98
0.003474747474747475,0.18888888888888888,3.0,14.183175815890243,0.98
0.003474747474747475,0.18888888888888888,3.5,16.54703845187195,0.98
0.003474747474747475,0.2777777777777778,2.0,10.060454177866,0.98
0.003474747474747475,0.2777777777777778,2.5,12.575567722332499,0.98
0.003474747474747475,0.2777777777777778,3.0,15.090681266799,0.98
0.003474747474747475,0.2777777777777778,3.5,17.6057948112655,0.98
0.003474747474747475,0.3666666666666667,2.0,10.74817214268637,0.98
0.003474747474747475,0.3666666666666667,2.5,13.435215178357963,0.98
0.003474747474747475,0.3666666666666667,3.0,16.122258214029554,0.98
0.003474747474747475,0.3666666666666667,3.5,18.809301249701146,0.98
0.003474747474747475,0.4555555555555556,2.0,11.53681175693466,0.98
0.003474747474747475,0.4555555555555556,2.5,14.421014696168328,0.98
0.003474747474747475,0.4555555555555556,3.0,17.305217635401995,0.98
0.003474747474747475,0.4555555555555556,3.5,20.18942057463566,0.98
0.003474747474747475,0.5444444444444445,2.0,12.450347281585529,0.98
0.003474747474747475,0.5444444444444445,2.5,15.562934101981911,0.98
0.003474747474747475,0.5444444444444445,3.0,18.675520922378293,0.98
0.003474747474747475,0.5444444444444445,3.5,21.788107742774674,0.98
0.003474747474747475,0.6333333333333333,2.0,13.520999525514197,0.98
0.003474747474747475,0.6333333333333333,2.5,16.90124940689275,0.98
0.003474747474747475,0.6333333333333333,3.0,20.2814992882713,0.98
0.003474747474747475,0.6333333333333333,3.5,23.66174916964985,0.98
0.003474747474747475,0.7222222222222222,2.0,14.793115204734635,0.98
0.003474747474747475,0.7222222222222222,2.5,18.49139400591829,0.98
0.003474747474747475,0.7222222222222222,3.0,22.189672807101953,0.98
0.003474747474747475,0.7222222222222222,3.5,25.887951608285608,0.98
0.003474747474747475,0.8111111111111111,2.0,16.32946366167189,0.98
0.003474747474747475,0.8111111111111111,2.5,20.41182957708986,0.98
0.003474747474747475,0.8111111111111111,3.0,24.49419549250784,0.98
0.003474747474747475,0.8111111111111111,3.5,28.57656140792581,0.98
0.003474747474747475,0.9,2.0,18.221912007222745,0.98
0.003474747474747475,0.9,2.5,22.777390009028426,0.98
0.003474747474747475,0.9,3.0,27.33286801083412,0.98
0.003474747474747475,0.9,3.5,31.888346012639804,0.98
0.00396969696969697,0.1,2.0,10.189536290365902,0.98
0.00396969696969697,0.1,2.5,12.736920362957378,0.98
0.00396969696969697,0.1,3.0,15.284304435548853,0.98
0.00396969696969697,0.1,3.5,17.83168850814033,0.98
0.00396969696969697,0.18888888888888888,2.0,10.802302510939661,0.98
0.00396969696969697,0.18888888888888888,2.5,13.502878138674577,0.98
0.00396969696969697,0.18888888888888888,3.0,16.203453766409492,0.98
0.00396969696969697,0.18888888888888888,3.5,18.90402939414441,0.98
0.00396969696969697,0.2777777777777778,2.0,11.493483988085286,0.98
0.00396969696969697,0.2777777777777778,2.5,14.366854985106606,0.98
0.00396969696969697,0.2777777777777778,3.0,17.240225982127928,0.98
0.00396969696969697,0.2777777777777778,3.5,20.11359697914925,0.98
0.00396969696969697,0.3666666666666667,2.0,12.279161779289952,0.98
0.00396969696969697,0.3666666666666667,2.5,15.34895222411244,0.98
0.00396969696969697,0.3666666666666667,3.0,18.41874266893493,0.98
0.00396969696969697,0.3666666666666667,3.5,21.488533113757416,0.98
0.00396969696969697,0.4555555555555556,2.0,13.180136687428265,0.98
0.00396969696969697,0.4555555555555556,2.5,16.47517085928533,0.98
0.00396969696969697,0.4555555555555556,3.0,19.770205031142392,0.98
0.00396969696969697,0.4555555555555556,3.5,23.065239202999464,0.98
0.00396969696969697,0.5444444444444445,2.0,14.223797911811376,0.98
0.00396969696969697,0.5444444444444445,2.5,17.77974738976422,0.98
0.00396969696969697,0.5444444444444445,3.0,21.33569686771706,0.98
0.00396969696969697,0.5444444444444445,3.5,24.891646345669912,0.98
0.00396969696969697,0.6333333333333333,2.0,15.446955853276394,0.98
0.00396969696969697,0.6333333333333333,2.5,19.308694816595494,0.98
0.00396969696969697,0.6333333333333333,3.0,23.170433779914593,0.98
0.00396969696969697,0.6333333333333333,3.5,27.032172743233698,0.98
0.00396969696969697,0.7222222222222222,2.0,16.900274056571835,0.98
0.00396969696969697,0.7222222222222222,2.5,21.125342570714796,0.98
0.00396969696969697,0.7222222222222222,3.0,25.350411084857754,0.98
0.00396969696969697,0.7222222222222222,3.5,29.575479599000715,0.98
0.00396969696969697,0.8111111111111111,2.0,18.655462846037945,0.98
0.00396969696969697,0.8111111111111111,2.5,23.319328557547433,0.98
0.00396969696969697,0.8111111111111111,3.0,27.98319426905692,0.98
0.00396969696969697,0.8111111111111111,3.5,32.647059980566404,0.98
0.00396969696969697,0.9,2.0,20.817475054763197,0.98
0.00396969696969697,0.9,2.5,26.021843818454,0.98
0.00396969696969697,0.9,3.0,31.226212582144793,0.98
0.00396969696969697,0.9,3.5,36.4305813458356,0.98
0.004464646464646465,0.1,2.0,11.459987380004398,0.98
0.004464646464646465,0.1,2.5,14.324984225005496,0.98
0.004464646464646465,0.1,3.0,17.189981070006592,0.98
0.004464646464646465,0.1,3.5,20.054977915007694,0.98
0.004464646464646465,0.18888888888888888,2.0,12.149154477952491,0.98
0.004464646464646465,0.18888888888888888,2.5,15.186443097440614,0.98
0.004464646464646465,0.18888888888888888,3.0,18.223731716928736,0.98
0.004464646464646465,0.18888888888888888,3.5,21.26102033641686,0.98
0.004464646464646465,0.2777777777777778,2.0,12.926513798304567,0.98
0.004464646464646465,0.2777777777777778,2.5,16.158142247880708,0.98
0.004464646464646465,0.2777777777777778,3.0,19.38977069745685,0.98
0.004464646464646465,0.2777777777777778,3.5,22.62139914703299,0.98
0.004464646464646465,0.3666666666666667,2.0,13.81015141589353,0.98
0.004464646464646465,0.3666666666666667,2.5,17.262689269866915,0.98
0.004464646464646465,0.3666666666666667,3.0,20.715227123840297,0.98
0.004464646464646465,0.3666666666666667,3.5,24.167764977813675,0.98
0.004464646464646465,0.4555555555555556,2.0,14.82346161792186,0.98
0.004464646464646465,0.4555555555555556,2.5,18.529327022402324,0.98
0.004464646464646465,0.4555555555555556,3.0,22.23519242688279,0.98
0.004464646464646465,0.4555555555555556,3.5,25.941057831363253,0.98
0.004464646464646465,0.5444444444444445,2.0,15.997248542037218,0.98
0.004464646464646465,0.5444444444444445,2.5,19.996560677546523,0.98
0.004464646464646465,0.5444444444444445,3.0,23.995872813055826,0.98
0.004464646464646465,0.5444444444444445,3.5,27.99518494856513,0.98
0.004464646464646465,0.6333333333333333,2.0,17.37291218103859,0.98
0.004464646464646465,0.6333333333333333,2.5,21.716140226298236,0.98
0.004464646464646465,0.6333333333333333,3.0,26.059368271557883,0.98
0.004464646464646465,0.6333333333333333,3.5,30.402596316817526,0.98
0.004464646464646465,0.7222222222222222,2.0,19.007432908409033,0.98
0.004464646464646465,0.7222222222222222,2.5,23.75929113551129,0.98
0.004464646464646465,0.7222222222222222,3.0,28.511149362613548,0.98
0.004464646464646465,0.7222222222222222,3.5,33.263007589715805,0.98
0.004464646464646465,0.8111111111111111,2.0,20.981462030403993,0.98
0.004464646464646465,0.8111111111111111,2.5,26.226827538004994,0.98
0.004464646464646465,0.8111111111111111,3.0,31.47219304560599,0.98
0.004464646464646465,0.8111111111111111,3.5,36.71755855320699,0.98
0.004464646464646465,0.9,2.0,23.41303810230364,0.98
0.004464646464646465,0.9,2.5,29.26629762787955,0.98
0.004464646464646465,0.9,3.0,35.11955715345545,0.98
0.004464646464646465,0.9,3.5,40.97281667903137,0.98
0.00495959595959596,0.1,2.0,12.730438469642893,0.98
0.00495959595959596,0.1,2.5,15.913048087053618,0.98
0.00495959595959596,0.1,3.0,19.09565770446434,0.98
0.00495959595959596,0.1,3.5,22.278267321875063,0.98
0.00495959595959596,0.18888888888888888,2.0,13.496006444965325,0.98
0.00495959595959596,0.18888888888888888,2.5,16.870008056206657,0.98
0.00495959595959596,0.18888888888888888,3.0,20.24400966744799,0.98
0.00495959595959596,0.18888888888888888,3.5,23.61801127868932,0.98
0.00495959595959596,0.2777777777777778,2.0,14.359543608523852,0.98
0.00495959595959596,0.2777777777777778,2.5,17.949429510654813,0.98
0.00495959595959596,0.2777777777777778,3.0,21.53931541278578,0.98
0.00495959595959596,0.2777777777777778,3.5,25.129201314916738,0.98
0.00495959595959596,0.3666666666666667,2.0,15.341141052497113,0.98
0.00495959595959596,0.3666666666666667,2.5,19.17642631562139,0.98
0.00495959595959596,0.3666666666666667,3.0,23.011711578745672,0.98
0.00495959595959596,0.3666666666666667,3.5,26.84699684186995,0.98
0.00495959595959596,0.4555555555555556,2.0,16.46678654841546,0.98
0.00495959595959596,0.4555555555555556,2.5,20.583483185519324,0.98
0.00495959595959596,0.4555555555555556,3.0,24.700179822623195,0.98
0.00495959595959596,0.4555555555555556,3.5,28.816876459727055,0.98
0.00495959595959596,0.5444444444444445,2.0,17.770699172263065,0.98
0.00495959595959596,0.5444444444444445,2.5,22.21337396532883,0.98
0.00495959595959596,0.5444444444444445,3.0,26.6560487583946,0.98
0.00495959595959596,0.5444444444444445,3.5,31.098723551460363,0.98
0.00495959595959596,0.6333333333333333,2.0,19.298868508800787,0.98
0.00495959595959596,0.6333333333333333,2.5,24.123585636000982,0.98
0.00495959595959596,0.6333333333333333,3.0,28.94830276320118,0.98
0.00495959595959596,0.6333333333333333,3.5,33.77301989040137,0.98
0.00495959595959596,0.7222222222222222,2.0,21.114591760246235,0.98
0.00495959595959596,0.7222222222222222,2.5,26.39323970030779,0.98
0.00495959595959596,0.7222222222222222,3.0,31.671887640369352,0.98
0.00495959595959596,0.7222222222222222,3.5,36.95053558043091,0.98
0.00495959595959596,0.8111111111111111,2.0,23.307461214770047,0.98
0.00495959595959596,0.8111111111111111,2.5,29.13432651846256,0.98
0.00495959595959596,0.8111111111111111,3.0,34.96119182215508,0.98
0.00495959595959596,0.8111111111111111,3.5,40.78805712584759,0.98
0.00495959595959596,0.9,2.0,26.008601149844093,0.98
0.00495959595959596,0.9,2.5,32.51075143730511,0.98
0.00495959595959596,0.9,3.0,39.01290172476614,0.98
0.00495959595959596,0.9,3.5,45.51505201222716,0.98
0.005454545454545455,0.1,2.0,14.00088955928139,0.98
0.005454545454545455,0.1,2.5,17.501111949101738,0.98
0.005454545454545455,0.1,3.0,21.001334338922085,0.98
0.005454545454545455,0.1,3.5,24.501556728742433,0.98
0.005454545454545455,0.18888888888888888,2.0,14.842858411978158,0.98
0.005454545454545455,0.18888888888888888,2.5,18.5535730149727,0.98
0.005454545454545455,0.18888888888888888,3.0,22.264287617967238,0.98
0.005454545454545455,0.18888888888888888,3.5,25.97500222096178,0.98
0.005454545454545455,0.2777777777777778,2.0,15.792573418743139,0.98
0.005454545454545455,0.2777777777777778,2.5,19.74071677342892,0.98
0.005454545454545455,0.2777777777777778,3.0,23.688860128114708,0.98
0.005454545454545455,0.2777777777777778,3.5,27.637003482800495,0.98
0.005454545454545455,0.3666666666666667,2.0,16.872130689100697,0.98
0.005454545454545455,0.3666666666666667,2.5,21.09016336137587,0.98
0.005454545454545455,0.3666666666666667,3.0,25.308196033651043,0.98
0.005454545454545455,0.3666666666666667,3.5,29.52622870592622,0.98
0.005454545454545455,0.4555555555555556,2.0,18.11011147890906,0.98
0.005454545454545455,0.4555555555555556,2.5,22.637639348636327,0.98
0.005454545454545455,0.4555555555555556,3.0,27.165167218363592,0.98
0.005454545454545455,0.4555555555555556,3.5,31.69269508809086,0.98
0.005454545454545455,0.5444444444444445,2.0,19.544149802488914,0.98
0.005454545454545455,0.5444444444444445,2.5,24.430187253111143,0.98
0.005454545454545455,0.5444444444444445,3.0,29.31622470373337,0.98
0.005454545454545455,0.5444444444444445,3.5,34.2022621543556,0.98
0.005454545454545455,0.6333333333333333,2.0,21.224824836562984,0.98
0.005454545454545455,0.6333333333333333,2.5,26.53103104570373,0.98
0.005454545454545455,0.6333333333333333,3.0,31.837237254844478,0.98
0.005454545454545455,0.6333333333333333,3.5,37.14344346398523,0.98
0.005454545454545455,0.7222222222222222,2.0,23.221750612083436,0.98
0.005454545454545455,0.7222222222222222,2.5,29.027188265104297,0.98
0.005454545454545455,0.7222222222222222,3.0,34.83262591812515,0.98
0.005454545454545455,0.7222222222222222,3.5,40.63806357114601,0.98
0.005454545454545455,0.8111111111111111,2.0,25.63346039913611,0.98
0.005454545454545455,0.8111111111111111,2.5,32.04182549892013,0.98
0.005454545454545455,0.8111111111111111,3.0,38.45019059870416,0.98
0.005454545454545455,0.8111111111111111,3.5,44.85855569848818,0.98
0.005454545454545455,0.9,2.0,28.604164197384538,0.98
0.005454545454545455,0.9,2.5,35.755205246730675,0.98
0.005454545454545455,0.9,3.0,42.90624629607681,0.98
0.005454545454545455,0.9,3.5,50.05728734542294,0.98
0.00594949494949495,0.1,2.0,15.271340648919889,0.98
0.00594949494949495,0.1,2.5,19.08917581114986,0.98
0.00594949494949495,0.1,3.0,22.907010973379837,0.98
0.00594949494949495,0.1,3.5,26.724846135609805,0.98
0.00594949494949495,0.18888888888888888,2.0,16.18971037899099,0.98
0.00594949494949495,0.18888888888888888,2.5,20.237137973738744,0.98
0.00594949494949495,0.18888888888888888,3.0,24.28456556848649,0.98
0.00594949494949495,0.18888888888888888,3.5,28.33199316323424,0.98
0.00594949494949495,0.2777777777777778,2.0,17.225603228962424,0.98
0.00594949494949495,0.2777777777777778,2.5,21.53200403620303,0.98
0.00594949494949495,0.2777777777777778,3.0,25.838404843443637,0.98
0.00594949494949495,0.2777777777777778,3.5,30.144805650684244,0.98
0.00594949494949495,0.3666666666666667,2.0,18.40312032570428,0.98
0.00594949494949495,0.3666666666666667,2.5,23.00390040713035,0.98
0.00594949494949495,0.3666666666666667,3.0,27.604680488556422,0.98
0.00594949494949495,0.3666666666666667,3.5,32.205460569982485,0.98
0.00594949494949495,0.4555555555555556,2.0,19.753436409402664,0.98
0.00594949494949495,0.4555555555555556,2.5,24.69179551175333,0.98
0.00594949494949495,0.4555555555555556,3.0,29.630154614103997,0.98
0.00594949494949495,0.4555555555555556,3.5,34.56851371645466,0.98
0.00594949494949495,0.5444444444444445,2.0,21.31760043271476,0.98
0.00594949494949495,0.5444444444444445,2.5,26.647000540893448,0.98
0.00594949494949495,0.5444444444444445,3.0,31.976400649072136,0.98
0.00594949494949495,0.5444444444444445,3.5,37.30580075725083,0.98
0.00594949494949495,0.6333333333333333,2.0,23.15078116432518,0.98
0.00594949494949495,0.6333333333333333,2.5,28.938476455406484,0.98
0.00594949494949495,0.6333333333333333,3.0,34.72617174648777,0.98
0.00594949494949495,0.6333333333333333,3.5,40.51386703756907,0.98
0.00594949494949495,0.7222222222222222,2.0,25.32890946392064,0.98
0.00594949494949495,0.7222222222222222,2.5,31.6611368299008,0.98
0.00594949494949495,0.7222222222222222,3.0,37.993364195880964,0.98
0.00594949494949495,0.7222222222222222,3.5,44.325591561861124,0.98
0.00594949494949495,0.8111111111111111,2.0,27.959459583502163,0.98
0.00594949494949495,0.8111111111111111,2.5,34.9493244793777,0.98
0.00594949494949495,0.8111111111111111,3.0,41.93918937525324,0.98
0.00594949494949495,0.8111111111111111,3.5,48.929054271128784,0.98
0.00594949494949495,0.9,2.0,31.19972724492499,0.98
0.00594949494949495,0.9,2.5,38.99965905615624,0.98
0.00594949494949495,0.9,3.0,46.79959086738749,0.98
0.00594949494949495,0.9,3.5,54.59952267861874,0.98
0.0064444444444444445,0.1,2.0,16.541791738558384,0.98
0.0064444444444444445,0.1,2.5,20.677239673197978,0.98
0.0064444444444444445,0.1,3.0,24.812687607837574,0.98
0.0064444444444444445,0.1,3.5,28.94813554247717,0.98
0.0064444444444444445,0.18888888888888888,2.0,17.536562346003823,0.98
0.0064444444444444445,0.18888888888888888,2.5,21.920702932504778,0.98
0.0064444444444444445,0.18888888888888888,3.0,26.304843519005733,0.98
0.0064444444444444445,0.18888888888888888,3.5,30.68898410550669,0.98
0.0064444444444444445,0.2777777777777778,2.0,18.658633039181705,0.98
0.0064444444444444445,0.2777777777777778,2.5,23.32329129897713,0.98
0.0064444444444444445,0.2777777777777778,3.0,27.98794955877256,0.98
0.0064444444444444445,0.2777777777777778,3.5,32.65260781856798,0.98
0.0064444444444444445,0.3666666666666667,2.0,19.934109962307858,0.98
0.0064444444444444445,0.3666666666666667,2.5,24.91763745288482,0.98
0.0064444444444444445,0.3666666666666667,3.0,29.901164943461783,0.98
0.0064444444444444445,0.3666666666666667,3.5,34.88469243403875,0.98
0.0064444444444444445,0.4555555555555556,2.0,21.39676133989626,0.98
0.0064444444444444445,0.4555555555555556,2.5,26.745951674870323,0.98
0.0064444444444444445,0.4555555555555556,3.0,32.09514200984439,0.98
0.0064444444444444445,0.4555555555555556,3.5,37.444332344818456,0.98
0.0064444444444444445,0.5444444444444445,2.0,23.091051062940604,0.98
0.0064444444444444445,0.5444444444444445,2.5,28.86381382867575,0.98
0.0064444444444444445,0.5444444444444445,3.0,34.636576594410904,0.98
0.0064444444444444445,0.5444444444444445,3.5,40.40933936014605,0.98
0.0064444444444444445,0.6333333333333333,2.0,25.076737492087375,0.98
0.0064444444444444445,0.6333333333333333,2.5,31.34592186510922,0.98
0.0064444444444444445,0.6333333333333333,3.0,37.61510623813106,0.98
0.0064444444444444445,0.6333333333333333,3.5,43.8842906111529,0.98
0.0064444444444444445,0.7222222222222222,2.0,27.436068315757836,0.98
0.0064444444444444445,0.7222222222222222,2.5,34.295085394697296,0.98
0.0064444444444444445,0.7222222222222222,3.0,41.154102473636755,0.98
0.0064444444444444445,0.7222222222222222,3.5,48.01311955257621,0.98
0.0064444444444444445,0.8111111111111111,2.0,30.28545876786821,0.98
0.0064444444444444445,0.8111111111111111,2.5,37.85682345983526,0.98
0.0064444444444444445,0.8111111111111111,3.0,45.42818815180232,0.98
0.0064444444444444445,0.8111111111111111,3.5,52.99955284376937,0.98
0.0064444444444444445,0.9,2.0,33.79529029246543,0.98
0.0064444444444444445,0.9,2.5,42.24411286558179,0.98
0.0064444444444444445,0.9,3.0,50.69293543869816,0.98
0.0064444444444444445,0.9,3.5,59.14175801181451,0.98
0.00693939393939394,0.1,2.0,17.812242828196876,0.98
0.00693939393939394,0.1,2.5,22.265303535246094,0.98
0.00693939393939394,0.1,3.0,26.71836424229532,0.98
0.00693939393939394,0.1,3.5,31.171424949344537,0.98
0.00693939393939394,0.18888888888888888,2.0,18.883414313016655,0.98
0.00693939393939394,0.18888888888888888,2.5,23.60426789127082,0.98
0.00693939393939394,0.18888888888888888,3.0,28.325121469524987,0.98
0.00693939393939394,0.18888888888888888,3.5,33.045975047779145,0.98
0.00693939393939394,0.2777777777777778,2.0,20.091662849400986,0.98
0.00693939393939394,0.2777777777777778,2.5,25.114578561751234,0.98
0.00693939393939394,0.2777777777777778,3.0,30.137494274101485,0.98
0.00693939393939394,0.2777777777777778,3.5,35.16040998645173,0.98
0.00693939393939394,0.3666666666666667,2.0,21.465099598911436,0.98
0.00693939393939394,0.3666666666666667,2.5,26.831374498639295,0.98
0.00693939393939394,0.3666666666666667,3.0,32.197649398367155,0.98
0.00693939393939394,0.3666666666666667,3.5,37.56392429809502,0.98
0.00693939393939394,0.4555555555555556,2.0,23.04008627038986,0.98
0.00693939393939394,0.4555555555555556,2.5,28.800107837987323,0.98
0.00693939393939394,0.4555555555555556,3.0,34.56012940558479,0.98
0.00693939393939394,0.4555555555555556,3.5,40.32015097318226,0.98
0.00693939393939394,0.5444444444444445,2.0,24.864501693166446,0.98
0.00693939393939394,0.5444444444444445,2.5,31.080627116458057,0.98
0.00693939393939394,0.5444444444444445,3.0,37.29675253974967,0.98
0.00693939393939394,0.5444444444444445,3.5,43.512877963041284,0.98
0.00693939393939394,0.6333333333333333,2.0,27.00269381984957,0.98
0.00693939393939394,0.6333333333333333,2.5,33.75336727481196,0.98
0.00693939393939394,0.6333333333333333,3.0,40.50404072977436,0.98
0.00693939393939394,0.6333333333333333,3.5,47.25471418473675,0.98
0.00693939393939394,0.7222222222222222,2.0,29.543227167595035,0.98
0.00693939393939394,0.7222222222222222,2.5,36.92903395949379,0.98
0.00693939393939394,0.7222222222222222,3.0,44.31484075139255,0.98
0.00693939393939394,0.7222222222222222,3.5,51.70064754329132,0.98
0.00693939393939394,0.8111111111111111,2.0,32.61145795223426,0.98
0.00693939393939394,0.8111111111111111,2.5,40.76432244029282,0.98
0.00693939393939394,0.8111111111111111,3.0,48.91718692835139,0.98
0.00693939393939394,0.8111111111111111,3.5,57.07005141640996,0.98
0.00693939393939394,0.9,2.0,36.39085334000588,0.98
0.00693939393939394,0.9,2.5,45.48856667500735,0.98
0.00693939393939394,0.9,3.0,54.58628001000883,0.98
0.00693939393939394,0.9,3.5,63.68399334501029,0.98
0.007434343434343435,0.1,2.0,19.082693917835375,0.98
0.007434343434343435,0.1,2.5,23.85336739729422,0.98
0.007434343434343435,0.1,3.0,28.62404087675306,0.98
0.007434343434343435,0.1,3.5,33.39471435621191,0.98
0.007434343434343435,0.18888888888888888,2.0,20.23026628002949,0.98
0.007434343434343435,0.18888888888888888,2.5,25.287832850036864,0.98
0.007434343434343435,0.18888888888888888,3.0,30.345399420044235,0.98
0.007434343434343435,0.18888888888888888,3.5,35.402965990051605,0.98
0.007434343434343435,0.2777777777777778,2.0,21.524692659620275,0.98
0.007434343434343435,0.2777777777777778,2.5,26.905865824525346,0.98
0.007434343434343435,0.2777777777777778,3.0,32.28703898943041,0.98
0.007434343434343435,0.2777777777777778,3.5,37.66821215433548,0.98
0.007434343434343435,0.3666666666666667,2.0,22.99608923551502,0.98
0.007434343434343435,0.3666666666666667,2.5,28.745111544393776,0.98
0.007434343434343435,0.3666666666666667,3.0,34.49413385327253,0.98
0.007434343434343435,0.3666666666666667,3.5,40.24315616215129,0.98
0.007434343434343435,0.4555555555555556,2.0,24.68341120088346,0.98
0.007434343434343435,0.4555555555555556,2.5,30.854264001104326,0.98
0.007434343434343435,0.4555555555555556,3.0,37.02511680132519,0.98
0.007434343434343435,0.4555555555555556,3.5,43.19596960154606,0.98
0.007434343434343435,0.5444444444444445,2.0,26.637952323392295,0.98
0.007434343434343435,0.5444444444444445,2.5,33.29744040424037,0.98
0.007434343434343435,0.5444444444444445,3.0,39.95692848508844,0.98
0.007434343434343435,0.5444444444444445,3.5,46.61641656593651,0.98
0.007434343434343435,0.6333333333333333,2.0,28.928650147611766,0.98
0.007434343434343435,0.6333333333333333,2.5,36.16081268451471,0.98
0.007434343434343435,0.6333333333333333,3.0,43.39297522141766,0.98
0.007434343434343435,0.6333333333333333,3.5,50.62513775832059,0.98
0.007434343434343435,0.7222222222222222,2.0,31.650386019432236,0.98
0.007434343434343435,0.7222222222222222,2.5,39.5629825242903,0.98
0.007434343434343435,0.7222222222222222,3.0,47.475579029148356,0.98
0.007434343434343435,0.7222222222222222,3.5,55.388175534006415,0.98
0.007434343434343435,0.8111111111111111,2.0,34.93745713660032,0.98
0.007434343434343435,0.8111111111111111,2.5,43.6718214207504,0.98
0.007434343434343435,0.8111111111111111,3.0,52.40618570490048,0.98
0.007434343434343435,0.8111111111111111,3.5,61.140549989050555,0.98
0.007434343434343435,0.9,2.0,38.986416387546335,0.98
0.007434343434343435,0.9,2.5,48.73302048443292,0.98
0.007434343434343435,0.9,3.0,58.479624581319506,0.98
0.007434343434343435,0.9,3.5,68.22622867820608,0.98
0.007929292929292928,0.1,2.0,20.35314500747387,0.98
0.007929292929292928,0.1,2.5,25.441431259342334,0.98
0.007929292929292928,0.1,3.0,30.529717511210805,0.98
0.007929292929292928,0.1,3.5,35.61800376307927,0.98
0.007929292929292928,0.18888888888888888,2.0,21.57711824704232,0.98
0.007929292929292928,0.18888888888888888,2.5,26.971397808802895,0.98
0.007929292929292928,0.18888888888888888,3.0,32.36567737056348,0.98
0.007929292929292928,0.18888888888888888,3.5,37.75995693232406,0.98
0.007929292929292928,0.2777777777777778,2.0,22.957722469839556,0.98
0.007929292929292928,0.2777777777777778,2.5,28.69715308729944,0.98
0.007929292929292928,0.2777777777777778,3.0,34.436583704759336,0.98
0.007929292929292928,0.2777777777777778,3.5,40.176014322219224,0.98
0.007929292929292928,0.3666666666666667,2.0,24.527078872118597,0.98
0.007929292929292928,0.3666666666666667,2.5,30.658848590148242,0.98
0.007929292929292928,0.3666666666666667,3.0,36.7906183081779,0.98
0.007929292929292928,0.3666666666666667,3.5,42.92238802620755,0.98
0.007929292929292928,0.4555555555555556,2.0,26.326736131377057,0.98
0.007929292929292928,0.4555555555555556,2.5,32.90842016422132,0.98
0.007929292929292928,0.4555555555555556,3.0,39.490104197065584,0.98
0.007929292929292928,0.4555555555555556,3.5,46.07178822990985,0.98
0.007929292929292928,0.5444444444444445,2.0,28.411402953618133,0.98
0.007929292929292928,0.5444444444444445,2.5,35.51425369202266,0.98
0.007929292929292928,0.5444444444444445,3.0,42.6171044304272,0.98
0.007929292929292928,0.5444444444444445,3.5,49.71995516883174,0.98
0.007929292929292928,0.6333333333333333,2.0,30.85460647537396,0.98
0.007929292929292928,0.6333333333333333,2.5,38.56825809421745,0.98
0.007929292929292928,0.6333333333333333,3.0,46.28190971306094,0.98
0.007929292929292928,0.6333333333333333,3.5,53.99556133190443,0.98
0.007929292929292928,0.7222222222222222,2.0,33.75754487126943,0.98
0.007929292929292928,0.7222222222222222,2.5,42.19693108908679,0.98
0.007929292929292928,0.7222222222222222,3.0,50.63631730690415,0.98
0.007929292929292928,0.7222222222222222,3.5,59.07570352472151,0.98
0.007929292929292928,0.8111111111111111,2.0,37.26345632096637,0.98
0.007929292929292928,0.8111111111111111,2.5,46.57932040120796,0.98
0.007929292929292928,0.8111111111111111,3.0,55.89518448144955,0.98
0.007929292929292928,0.8111111111111111,3.5,65.21104856169114,0.98
0.007929292929292928,0.9,2.0,41.58197943508677,0.98
0.007929292929292928,0.9,2.5,51.97747429385847,0.98
0.007929292929292928,0.9,3.0,62.37296915263016,0.98
0.007929292929292928,0.9,3.5,72.76846401140186,0.98
0.008424242424242424,0.1,2.0,21.62359609711237,0.98
0.008424242424242424,0.1,2.5,27.029495121390465,0.98
0.008424242424242424,0.1,3.0,32.43539414566856,0.98
0.008424242424242424,0.1,3.5,37.84129316994665,0.98
0.008424242424242424,0.18888888888888888,2.0,22.923970214055156,0.98
0.008424242424242424,0.18888888888888888,2.5,28.654962767568946,0.98
0.008424242424242424,0.18888888888888888,3.0,34.38595532108274,0.98
0.008424242424242424,0.18888888888888888,3.5,40.116947874596526,0.98
0.008424242424242424,0.2777777777777778,2.0,24.390752280058845,0.98
0.008424242424242424,0.2777777777777778,2.5,30.488440350073557,0.98
0.008424242424242424,0.2777777777777778,3.0,36.586128420088265,0.98
0.008424242424242424,0.2777777777777778,3.5,42.68381649010298,0.98
0.008424242424242424,0.3666666666666667,2.0,26.058068508722187,0.98
0.008424242424242424,0.3666666666666667,2.5,32.57258563590273,0.98
0.008424242424242424,0.3666666666666667,3.0,39.08710276308328,0.98
0.008424242424242424,0.3666666666666667,3.5,45.60161989026383,0.98
0.008424242424242424,0.4555555555555556,2.0,27.970061061870663,0.98
0.008424242424242424,0.4555555555555556,2.5,34.962576327338326,0.98
0.008424242424242424,0.4555555555555556,3.0,41.95509159280599,0.98
0.008424242424242424,0.4555555555555556,3.5,48.947606858273666,0.98
0.008424242424242424,0.5444444444444445,2.0,30.184853583843985,0.98
0.008424242424242424,0.5444444444444445,2.5,37.73106697980498,0.98
0.008424242424242424,0.5444444444444445,3.0,45.277280375765976,0.98
0.008424242424242424,0.5444444444444445,3.5,52.82349377172698,0.98
0.008424242424242424,0.6333333333333333,2.0,32.78056280313616,0.98
0.008424242424242424,0.6333333333333333,2.5,40.9757035039202,0.98
0.008424242424242424,0.6333333333333333,3.0,49.170844204704245,0.98
0.008424242424242424,0.6333333333333333,3.5,57.36598490548829,0.98
0.008424242424242424,0.7222222222222222,2.0,35.86470372310664,0.98
0.008424242424242424,0.7222222222222222,2.5,44.8308796538833,0.98
0.008424242424242424,0.7222222222222222,3.0,53.797055584659965,0.98
0.008424242424242424,0.7222222222222222,3.5,62.76323151543662,0.98
0.008424242424242424,0.8111111111111111,2.0,39.58945550533243,0.98
0.008424242424242424,0.8111111111111111,2.5,49.48681938166553,0.98
0.008424242424242424,0.8111111111111111,3.0,59.38418325799864,0.98
0.008424242424242424,0.8111111111111111,3.5,69.28154713433176,0.98
0.008424242424242424,0.9,2.0,44.17754248262724,0.98
0.008424242424242424,0.9,2.5,55.221928103284036,0.98
0.008424242424242424,0.9,3.0,66.26631372394085,0.98
0.008424242424242424,0.9,3.5,77.31069934459767,0.98
0.00891919191919192,0.1,2.0,22.894047186750868,0.98
0.00891919191919192,0.1,2.5,28.617558983438585,0.98
0.00891919191919192,0.1,3.0,34.34107078012631,0.98
0.00891919191919192,0.1,3.5,40.06458257681402,0.98
0.00891919191919192,0.18888888888888888,2.0,24.270822181067988,0.98
0.00891919191919192,0.18888888888888888,2.5,30.338527726334988,0.98
0.00891919191919192,0.18888888888888888,3.0,36.40623327160199,0.98
0.00891919191919192,0.18888888888888888,3.5,42.47393881686899,0.98
0.00891919191919192,0.2777777777777778,2.0,25.82378209027813,0.98
0.00891919191919192,0.2777777777777778,2.5,32.279727612847665,0.98
0.00891919191919192,0.2777777777777778,3.0,38.7356731354172,0.98
0.00891919191919192,0.2777777777777778,3.5,45.19161865798673,0.98
0.00891919191919192,0.3666666666666667,2.0,27.58905814532577,0.98
0.00891919191919192,0.3666666666666667,2.5,34.48632268165721,0.98
0.00891919191919192,0.3666666666666667,3.0,41.383587217988655,0.98
0.00891919191919192,0.3666666666666667,3.5,48.28085175432009,0.98
0.00891919191919192,0.4555555555555556,2.0,29.61338599236426,0.98
0.00891919191919192,0.4555555555555556,2.5,37.01673249045533,0.98
0.00891919191919192,0.4555555555555556,3.0,44.4200789885464,0.98
0.00891919191919192,0.4555555555555556,3.5,51.82342548663746,0.98
0.00891919191919192,0.5444444444444445,2.0,31.95830421406983,0.98
0.00891919191919192,0.5444444444444445,2.5,39.94788026758729,0.98
0.00891919191919192,0.5444444444444445,3.0,47.93745632110475,0.98
0.00891919191919192,0.5444444444444445,3.5,55.92703237462221,0.98
0.00891919191919192,0.6333333333333333,2.0,34.706519130898364,0.98
0.00891919191919192,0.6333333333333333,2.5,43.383148913622954,0.98
0.00891919191919192,0.6333333333333333,3.0,52.05977869634754,0.98
0.00891919191919192,0.6333333333333333,3.5,60.73640847907214,0.98
0.00891919191919192,0.7222222222222222,2.0,37.97186257494384,0.98
0.00891919191919192,0.7222222222222222,2.5,47.4648282186798,0.98
0.00891919191919192,0.7222222222222222,3.0,56.95779386241577,0.98
0.00891919191919192,0.7222222222222222,3.5,66.45075950615173,0.98
0.00891919191919192,0.8111111111111111,2.0,41.915454689698485,0.98
0.00891919191919192,0.8111111111111111,2.5,52.3943183621231,0.98
0.00891919191919192,0.8111111111111111,3.0,62.87318203454773,0.98
0.00891919191919192,0.8111111111111111,3.5,73.35204570697236,0.98
0.00891919191919192,0.9,2.0,46.77310553016769,0.98
0.00891919191919192,0.9,2.5,58.46638191270961,0.98
0.00891919191919192,0.9,3.0,70.15965829525153,0.98
0.00891919191919192,0.9,3.5,81.85293467779346,0.98
0.009414141414141413,0.1,2.0,24.164498276389356,0.98
0.009414141414141413,0.1,2.5,30.2056228454867,0.98
0.009414141414141413,0.1,3.0,36.246747414584036,0.98
0.009414141414141413,0.1,3.5,42.28787198368138,0.98
0.009414141414141413,0.18888888888888888,2.0,25.61767414808082,0.98
0.009414141414141413,0.18888888888888888,2.5,32.02209268510102,0.98
0.009414141414141413,0.18888888888888888,3.0,38.42651122212122,0.98
0.009414141414141413,0.18888888888888888,3.5,44.83092975914143,0.98
0.009414141414141413,0.2777777777777778,2.0,27.25681190049741,0.98
0.009414141414141413,0.2777777777777778,2.5,34.07101487562176,0.98
0.009414141414141413,0.2777777777777778,3.0,40.88521785074611,0.98
0.009414141414141413,0.2777777777777778,3.5,47.69942082587047,0.98
0.009414141414141413,0.3666666666666667,2.0,29.120047781929344,0.98
0.009414141414141413,0.3666666666666667,2.5,36.40005972741168,0.98
0.009414141414141413,0.3666666666666667,3.0,43.68007167289401,0.98
0.009414141414141413,0.3666666666666667,3.5,50.96008361837635,0.98
0.009414141414141413,0.4555555555555556,2.0,31.256710922857852,0.98
0.009414141414141413,0.4555555555555556,2.5,39.07088865357232,0.98
0.009414141414141413,0.4555555555555556,3.0,46.88506638428677,0.98
0.009414141414141413,0.4555555555555556,3.5,54.69924411500124,0.98
0.009414141414141413,0.5444444444444445,2.0,33.73175484429567,0.98
0.009414141414141413,0.5444444444444445,2.5,42.16469355536959,0.98
0.009414141414141413,0.5444444444444445,3.0,50.5976322664435,0.98
0.009414141414141413,0.5444444444444445,3.5,59.03057097751742,0.98
0.009414141414141413,0.6333333333333333,2.0,36.63247545866055,0.98
0.009414141414141413,0.6333333333333333,2.5,45.790594323325685,0.98
0.009414141414141413,0.6333333333333333,3.0,54.94871318799082,0.98
0.009414141414141413,0.6333333333333333,3.5,64.10683205265596,0.98
0.009414141414141413,0.7222222222222222,2.0,40.07902142678103,0.98
0.009414141414141413,0.7222222222222222,2.5,50.098776783476296,0.98
0.009414141414141413,0.7222222222222222,3.0,60.118532140171546,0.98
0.009414141414141413,0.7222222222222222,3.5,70.13828749686681,0.98
0.009414141414141413,0.8111111111111111,2.0,44.241453874064526,0.98
0.009414141414141413,0.8111111111111111,2.5,55.30181734258067,0.98
0.009414141414141413,0.8111111111111111,3.0,66.36218081109679,0.98
0.009414141414141413,0.8111111111111111,3.5,77.42254427961292,0.98
0.009414141414141413,0.9,2.0,49.36866857770812,0.98
0.009414141414141413,0.9,2.5,61.71083572213516,0.98
0.009414141414141413,0.9,3.0,74.05300286656218,0.98
0.009414141414141413,0.9,3.5,86.3951700109892,0.98
0.009909090909090909,0.1,2.0,25.434949366027862,0.98
0.009909090909090909,0.1,2.5,31.793686707534828,0.98
0.009909090909090909,0.1,3.0,38.152424049041784,0.98
0.009909090909090909,0.1,3.5,44.51116139054875,0.98
0.009909090909090909,0.18888888888888888,2.0,26.96452611509366,0.98
0.009909090909090909,0.18888888888888888,2.5,33.70565764386707,0.98
0.009909090909090909,0.18888888888888888,3.0,40.44678917264048,0.98
0.009909090909090909,0.18888888888888888,3.5,47.187920701413894,0.98
0.009909090909090909,0.2777777777777778,2.0,28.689841710716696,0.98
0.009909090909090909,0.2777777777777778,2.5,35.862302138395876,0.98
0.009909090909090909,0.2777777777777778,3.0,43.034762566075045,0.98
0.009909090909090909,0.2777777777777778,3.5,50.20722299375422,0.98
0.009909090909090909,0.3666666666666667,2.0,30.651037418532926,0.98
0.009909090909090909,0.3666666666666667,2.5,38.31379677316617,0.98
0.009909090909090909,0.3666666666666667,3.0,45.97655612779939,0.98
0.009909090909090909,0.3666666666666667,3.5,53.63931548243263,0.98
0.009909090909090909,0.4555555555555556,2.0,32.90003585335146,0.98
0.009909090909090909,0.4555555555555556,2.5,41.12504481668933,0.98
0.009909090909090909,0.4555555555555556,3.0,49.35005378002719,0.98
0.009909090909090909,0.4555555555555556,3.5,57.57506274336506,0.98
0.009909090909090909,0.5444444444444445,2.0,35.505205474521524,0.98
0.009909090909090909,0.5444444444444445,2.5,44.381506843151904,0.98
0.009909090909090909,0.5444444444444445,3.0,53.257808211782276,0.98
0.009909090909090909,0.5444444444444445,3.5,62.13410958041266,0.98
0.009909090909090909,0.6333333333333333,2.0,38.55843178642275,0.98
0.009909090909090909,0.6333333333333333,2.5,48.198039733028445,0.98
0.009909090909090909,0.6333333333333333,3.0,57.837647679634124,0.98
0.009909090909090909,0.6333333333333333,3.5,67.47725562623982,0.98
0.009909090909090909,0.7222222222222222,2.0,42.186180278618245,0.98
0.009909090909090909,0.7222222222222222,2.5,52.7327253482728,0.98
0.009909090909090909,0.7222222222222222,3.0,63.27927041792736,0.98
0.009909090909090909,0.7222222222222222,3.5,73.82581548758192,0.98
0.009909090909090909,0.8111111111111111,2.0,46.567453058430594,0.98
0.009909090909090909,0.8111111111111111,2.5,58.209316323038244,0.98
0.009909090909090909,0.8111111111111111,3.0,69.85117958764589,0.98
0.009909090909090909,0.8111111111111111,3.5,81.49304285225354,0.98
0.009909090909090909,0.9,2.0,51.96423162524858,0.98
0.009909090909090909,0.9,2.5,64.95528953156072,0.98
0.009909090909090909,0.9,3.0,77.94634743787286,0.98
0.009909090909090909,0.9,3.5,90.93740534418502,0.98
0.010404040404040405,0.1,2.0,26.705400455666354,0.98
0.010404040404040405,0.1,2.5,33.38175056958294,0.98
0.010404040404040405,0.1,3.0,40.05810068349954,0.98
0.010404040404040405,0.1,3.5,46.73445079741612,0.98
0.010404040404040405,0.18888888888888888,2.0,28.31137808210649,0.98
0.010404040404040405,0.18888888888888888,2.5,35.38922260263311,0.98
0.010404040404040405,0.18888888888888888,3.0,42.46706712315974,0.98
0.010404040404040405,0.18888888888888888,3.5,49.544911643686355,0.98
0.010404040404040405,0.2777777777777778,2.0,30.122871520935984,0.98
0.010404040404040405,0.2777777777777778,2.5,37.65358940116998,0.98
0.010404040404040405,0.2777777777777778,3.0,45.18430728140398,0.98
0.010404040404040405,0.2777777777777778,3.5,52.715025161637975,0.98
0.010404040404040405,0.3666666666666667,2.0,32.18202705513651,0.98
0.010404040404040405,0.3666666666666667,2.5,40.22753381892064,0.98
0.010404040404040405,0.3666666666666667,3.0,48.273040582704766,0.98
0.010404040404040405,0.3666666666666667,3.5,56.31854734648889,0.98
0.010404040404040405,0.4555555555555556,2.0,34.54336078384507,0.98
0.010404040404040405,0.4555555555555556,2.5,43.179200979806325,0.98
0.010404040404040405,0.4555555555555556,3.0,51.8150411757676,0.98
0.010404040404040405,0.4555555555555556,3.5,60.450881371728855,0.98
0.010404040404040405,0.5444444444444445,2.0,37.27865610474737,0.98
0.010404040404040405,0.5444444444444445,2.5,46.59832013093421,0.98
0.010404040404040405,0.5444444444444445,3.0,55.917984157121055,0.98
0.010404040404040405,0.5444444444444445,3.5,65.23764818330788,0.98
0.010404040404040405,0.6333333333333333,2.0,40.48438811418495,0.98
0.010404040404040405,0.6333333333333333,2.5,50.60548514273119,0.98
0.010404040404040405,0.6333333333333333,3.0,60.726582171277435,0.98
0.010404040404040405,0.6333333333333333,3.5,70.84767919982366,0.98
0.010404040404040405,0.7222222222222222,2.0,44.29333913045544,0.98
0.010404040404040405,0.7222222222222222,2.5,55.3666739130693,0.98
0.010404040404040405,0.7222222222222222,3.0,66.44000869568318,0.98
0.010404040404040405,0.7222222222222222,3.5,77.51334347829702,0.98
0.010404040404040405,0.8111111111111111,2.0,48.89345224279665,0.98
0.010404040404040405,0.8111111111111111,2.5,61.116815303495805,0.98
0.010404040404040405,0.8111111111111111,3.0,73.34017836419497,0.98
0.010404040404040405,0.8111111111111111,3.5,85.56354142489413,0.98
0.010404040404040405,0.9,2.0,54.55979467278903,0.98
0.010404040404040405,0.9,2.5,68.19974334098629,0.98
0.010404040404040405,0.9,3.0,81.83969200918355,0.98
0.010404040404040405,0.9,3.5,95.4796406773808,0.98
0.010898989898989901,0.1,2.0,27.97585154530486,0.98
0.010898989898989901,0.1,2.5,34.96981443163107,0.98
0.010898989898989901,0.1,3.0,41.96377731795729,0.98
0.010898989898989901,0.1,3.5,48.9577402042835,0.98
0.010898989898989901,0.18888888888888888,2.0,29.658230049119325,0.98
0.010898989898989901,0.18888888888888888,2.5,37.07278756139916,0.98
0.010898989898989901,0.18888888888888888,3.0,44.487345073678995,0.98
0.010898989898989901,0.18888888888888888,3.5,51.90190258595882,0.98
0.010898989898989901,0.2777777777777778,2.0,31.555901331155273,0.98
0.010898989898989901,0.2777777777777778,2.5,39.44487666394409,0.98
0.010898989898989901,0.2777777777777778,3.0,47.33385199673291,0.98
0.010898989898989901,0.2777777777777778,3.5,55.22282732952173,0.98
0.010898989898989901,0.3666666666666667,2.0,33.7130166917401,0.98
0.010898989898989901,0.3666666666666667,2.5,42.14127086467512,0.98
0.010898989898989901,0.3666666666666667,3.0,50.569525037610155,0.98
0.010898989898989901,0.3666666666666667,3.5,58.99777921054517,0.98
0.010898989898989901,0.4555555555555556,2.0,36.18668571433867,0.98
0.010898989898989901,0.4555555555555556,2.5,45.23335714292333,0.98
0.010898989898989901,0.4555555555555556,3.0,54.280028571508005,0.98
0.010898989898989901,0.4555555555555556,3.5,63.326700000092664,0.98
0.010898989898989901,0.5444444444444445,2.0,39.05210673497322,0.98
0.010898989898989901,0.5444444444444445,2.5,48.81513341871653,0.98
0.010898989898989901,0.5444444444444445,3.0,58.57816010245983,0.98
0.010898989898989901,0.5444444444444445,3.5,68.34118678620312,0.98
0.010898989898989901,0.6333333333333333,2.0,42.41034444194715,0.98
0.010898989898989901,0.6333333333333333,2.5,53.01293055243394,0.98
0.010898989898989901,0.6333333333333333,3.0,63.61551666292073,0.98
0.010898989898989901,0.6333333333333333,3.5,74.21810277340752,0.98
0.010898989898989901,0.7222222222222222,2.0,46.40049798229265,0.98
0.010898989898989901,0.7222222222222222,2.5,58.00062247786582,0.98
0.010898989898989901,0.7222222222222222,3.0,69.60074697343897,0.98
0.010898989898989901,0.7222222222222222,3.5,81.20087146901214,0.98
0.010898989898989901,0.8111111111111111,2.0,51.21945142716271,0.98
0.010898989898989901,0.8111111111111111,2.5,64.02431428395339,0.98
0.010898989898989901,0.8111111111111111,3.0,76.82917714074406,0.98
0.010898989898989901,0.8111111111111111,3.5,89.63403999753473,0.98
0.010898989898989901,0.9,2.0,57.155357720329484,0.98
0.010898989898989901,0.9,2.5,71.44419715041185,0.98
0.010898989898989901,0.9,3.0,85.73303658049423,0.98
0.010898989898989901,0.9,3.5,100.0218760105766,0.98
0.011393939393939394,0.1,2.0,29.246302634943348,0.98
0.011393939393939394,0.1,2.5,36.55787829367918,0.98
0.011393939393939394,0.1,3.0,43.86945395241503,0.98
0.011393939393939394,0.1,3.5,51.181029611150855,0.98
0.011393939393939394,0.18888888888888888,2.0,31.005082016132153,0.98
0.011393939393939394,0.18888888888888888,2.5,38.75635252016519,0.98
0.011393939393939394,0.18888888888888888,3.0,46.50762302419823,0.98
0.011393939393939394,0.18888888888888888,3.5,54.258893528231276,0.98
0.011393939393939394,0.2777777777777778,2.0,32.98893114137455,0.98
0.011393939393939394,0.2777777777777778,2.5,41.236163926718184,0.98
0.011393939393939394,0.2777777777777778,3.0,49.483396712061825,0.98
0.011393939393939394,0.2777777777777778,3.5,57.73062949740547,0.98
0.011393939393939394,0.3666666666666667,2.0,35.24400632834367,0.98
0.011393939393939394,0.3666666666666667,2.5,44.05500791042959,0.98
0.011393939393939394,0.3666666666666667,3.0,52.86600949251551,0.98
0.011393939393939394,0.3666666666666667,3.5,61.67701107460143,0.98
0.011393939393939394,0.4555555555555556,2.0,37.830010644832264,0.98
0.011393939393939394,0.4555555555555556,2.5,47.287513306040324,0.98
0.011393939393939394,0.4555555555555556,3.0,56.7450159672484,0.98
0.011393939393939394,0.4555555555555556,3.5,66.20251862845646,0.98
0.011393939393939394,0.5444444444444445,2.0,40.82555736519905,0.98
0.011393939393939394,0.5444444444444445,2.5,51.031946706498815,0.98
0.011393939393939394,0.5444444444444445,3.0,61.23833604779859,0.98
0.011393939393939394,0.5444444444444445,3.5,71.44472538909835,0.98
0.011393939393939394,0.6333333333333333,2.0,44.33630076970934,0.98
0.011393939393939394,0.6333333333333333,2.5,55.42037596213668,0.98
0.011393939393939394,0.6333333333333333,3.0,66.50445115456402,0.98
0.011393939393939394,0.6333333333333333,3.5,77.58852634699134,0.98
0.011393939393939394,0.7222222222222222,2.0,48.50765683412985,0.98
0.011393939393939394,0.7222222222222222,2.5,60.634571042662294,0.98
0.011393939393939394,0.7222222222222222,3.0,72.76148525119477,0.98
0.011393939393939394,0.7222222222222222,3.5,84.88839945972722,0.98
0.011393939393939394,0.8111111111111111,2.0,53.54545061152876,0.98
0.011393939393939394,0.8111111111111111,2.5,66.93181326441093,0.98
0.011393939393939394,0.8111111111111111,3.0,80.31817591729313,0.98
0.011393939393939394,0.8111111111111111,3.5,93.70453857017532,0.98
0.011393939393939394,0.9,2.0,59.75092076786993,0.98
0.011393939393939394,0.9,2.5,74.6886509598374,0.98
0.011393939393939394,0.9,3.0,89.62638115180489,0.98
0.011393939393939394,0.9,3.5,104.56411134377237,0.98
0.01188888888888889,0.1,2.0,30.516753724581847,0.98
0.01188888888888889,0.1,2.5,38.14594215572731,0.98
0.01188888888888889,0.1,3.0,45.77513058687277,0.98
0.01188888888888889,0.1,3.5,53.404319018018235,0.98
0.01188888888888889,0.18888888888888888,2.0,32.35193398314499,0.98
0.01188888888888889,0.18888888888888888,2.5,40.439917478931235,0.98
0.01188888888888889,0.18888888888888888,3.0,48.52790097471748,0.98
0.01188888888888889,0.18888888888888888,3.5,56.61588447050372,0.98
0.01188888888888889,0.2777777777777778,2.0,34.42196095159384,0.98
0.01188888888888889,0.2777777777777778,2.5,43.0274511894923,0.98
0.01188888888888889,0.2777777777777778,3.0,51.63294142739076,0.98
0.01188888888888889,0.2777777777777778,3.5,60.23843166528922,0.98
0.01188888888888889,0.3666666666666667,2.0,36.77499596494726,0.98
0.01188888888888889,0.3666666666666667,2.5,45.968744956184075,0.98
0.01188888888888889,0.3666666666666667,3.0,55.16249394742089,0.98
0.01188888888888889,0.3666666666666667,3.5,64.3562429386577,0.98
0.01188888888888889,0.4555555555555556,2.0,39.47333557532586,0.98
0.01188888888888889,0.4555555555555556,2.5,49.34166946915733,0.98
0.01188888888888889,0.4555555555555556,3.0,59.21000336298879,0.98
0.01188888888888889,0.4555555555555556,3.5,69.07833725682026,0.98
0.01188888888888889,0.5444444444444445,2.0,42.599007995424905,0.98
0.01188888888888889,0.5444444444444445,2.5,53.24875999428113,0.98
0.01188888888888889,0.5444444444444445,3.0,63.89851199313736,0.98
0.01188888888888889,0.5444444444444445,3.5,74.54826399199358,0.98
0.01188888888888889,0.6333333333333333,2.0,46.26225709747154,0.98
0.01188888888888889,0.6333333333333333,2.5,57.827821371839434,0.98
0.01188888888888889,0.6333333333333333,3.0,69.3933856462073,0.98
0.01188888888888889,0.6333333333333333,3.5,80.9589499205752,0.98
0.01188888888888889,0.7222222222222222,2.0,50.614815685967045,0.98
0.01188888888888889,0.7222222222222222,2.5,63.26851960745881,0.98
0.01188888888888889,0.7222222222222222,3.0,75.92222352895057,0.98
0.01188888888888889,0.7222222222222222,3.5,88.57592745044234,0.98
0.01188888888888889,0.8111111111111111,2.0,55.87144979589481,0.98
0.01188888888888889,0.8111111111111111,2.5,69.83931224486851,0.98
0.01188888888888889,0.8111111111111111,3.0,83.80717469384221,0.98
0.01188888888888889,0.8111111111111111,3.5,97.77503714281592,0.98
0.01188888888888889,0.9,2.0,62.34648381541038,0.98
0.01188888888888889,0.9,2.5,77.93310476926298,0.98
0.01188888888888889,0.9,3.0,93.51972572311557,0.98
0.01188888888888889,0.9,3.5,109.10634667696816,0.98
0.012383838383838386,0.1,2.0,31.787204814220345,0.98
0.012383838383838386,0.1,2.5,39.734006017775435,0.98
0.012383838383838386,0.1,3.0,47.680807221330525,0.98
0.012383838383838386,0.1,3.5,55.62760842488561,0.98
0.012383838383838386,0.18888888888888888,2.0,33.69878595015783,0.98
0.012383838383838386,0.18888888888888888,2.5,42.123482437697284,0.98
0.012383838383838386,0.18888888888888888,3.0,50.54817892523673,0.98
0.012383838383838386,0.18888888888888888,3.5,58.9728754127762,0.98
0.012383838383838386,0.2777777777777778,2.0,35.85499076181313,0.98
0.012383838383838386,0.2777777777777778,2.5,44.818738452266416,0.98
0.012383838383838386,0.2777777777777778,3.0,53.7824861427197,0.98
0.012383838383838386,0.2777777777777778,3.5,62.74623383317297,0.98
0.012383838383838386,0.3666666666666667,2.0,38.305985601550844,0.98
0.012383838383838386,0.3666666666666667,2.5,47.88248200193856,0.98
0.012383838383838386,0.3666666666666667,3.0,57.45897840232627,0.98
0.012383838383838386,0.3666666666666667,3.5,67.03547480271398,0.98
0.012383838383838386,0.4555555555555556,2.0,41.11666050581947,0.98
0.012383838383838386,0.4555555555555556,2.5,51.39582563227433,0.98
0.012383838383838386,0.4555555555555556,3.0,61.6749907587292,0.98
0.012383838383838386,0.4555555555555556,3.5,71.95415588518406,0.98
0.012383838383838386,0.5444444444444445,2.0,44.37245862565076,0.98
0.012383838383838386,0.5444444444444445,2.5,55.465573282063446,0.98
0.012383838383838386,0.5444444444444445,3.0,66.55868793847614,0.98
0.012383838383838386,0.5444444444444445,3.5,77.65180259488882,0.98
0.012383838383838386,0.6333333333333333,2.0,48.18821342523375,0.98
0.012383838383838386,0.6333333333333333,2.5,60.23526678154219,0.98
0.012383838383838386,0.6333333333333333,3.0,72.28232013785062,0.98
0.012383838383838386,0.6333333333333333,3.5,84.32937349415906,0.98
0.012383838383838386,0.7222222222222222,2.0,52.72197453780425,0.98
0.012383838383838386,0.7222222222222222,2.5,65.90246817225533,0.98
0.012383838383838386,0.7222222222222222,3.0,79.08296180670638,0.98
0.012383838383838386,0.7222222222222222,3.5,92.26345544115743,0.98
0.012383838383838386,0.8111111111111111,2.0,58.19744898026087,0.98
0.012383838383838386,0.8111111111111111,2.5,72.74681122532608,0.98
0.012383838383838386,0.8111111111111111,3.0,87.29617347039131,0.98
0.012383838383838386,0.8111111111111111,3.5,101.84553571545653,0.98
0.012383838383838386,0.9,2.0,64.94204686295083,0.98
0.012383838383838386,0.9,2.5,81.17755857868855,0.98
0.012383838383838386,0.9,3.0,97.41307029442625,0.98
0.012383838383838386,0.9,3.5,113.64858201016396,0.98
0.012878787878787878,0.1,2.0,33.05765590385884,0.98
0.012878787878787878,0.1,2.5,41.32206987982355,0.98
0.012878787878787878,0.1,3.0,49.58648385578825,0.98
0.012878787878787878,0.1,3.5,57.85089783175297,0.98
0.012878787878787878,0.18888888888888888,2.0,35.04563791717065,0.98
0.012878787878787878,0.18888888888888888,2.5,43.80704739646331,0.98
0.012878787878787878,0.18888888888888888,3.0,52.56845687575597,0.98
0.012878787878787878,0.18888888888888888,3.5,61.32986635504864,0.98
0.012878787878787878,0.2777777777777778,2.0,37.2880205720324,0.98
0.012878787878787878,0.2777777777777778,2.5,46.61002571504051,0.98
0.012878787878787878,0.2777777777777778,3.0,55.9320308580486,0.98
0.012878787878787878,0.2777777777777778,3.5,65.2540360010567,0.98
0.012878787878787878,0.3666666666666667,2.0,39.836975238154416,0.98
0.012878787878787878,0.3666666666666667,2.5,49.79621904769302,0.98
0.012878787878787878,0.3666666666666667,3.0,59.75546285723163,0.98
0.012878787878787878,0.3666666666666667,3.5,69.71470666677023,0.98
0.012878787878787878,0.4555555555555556,2.0,42.75998543631306,0.98
0.012878787878787878,0.4555555555555556,2.5,53.449981795391324,0.98
0.012878787878787878,0.4555555555555556,3.0,64.13997815446959,0.98
0.012878787878787878,0.4555555555555556,3.5,74.82997451354785,0.98
0.012878787878787878,0.5444444444444445,2.0,46.145909255876596,0.98
0.012878787878787878,0.5444444444444445,2.5,57.68238656984574,0.98
0.012878787878787878,0.5444444444444445,3.0,69.21886388381488,0.98
0.012878787878787878,0.5444444444444445,3.5,80.75534119778403,0.98
0.012878787878787878,0.6333333333333333,2.0,50.114169752995934,0.98
0.012878787878787878,0.6333333333333333,2.5,62.64271219124492,0.98
0.012878787878787878,0.6333333333333333,3.0,75.17125462949389,0.98
0.012878787878787878,0.6333333333333333,3.5,87.69979706774286,0.98
0.012878787878787878,0.7222222222222222,2.0,54.82913338964144,0.98
0.012878787878787878,0.7222222222222222,2.5,68.53641673705181,0.98
0.012878787878787878,0.7222222222222222,3.0,82.24370008446216,0.98
0.012878787878787878,0.7222222222222222,3.5,95.95098343187253,0.98
0.012878787878787878,0.8111111111111111,2.0,60.523448164626906,0.98
0.012878787878787878,0.8111111111111111,2.5,75.65431020578364,0.98
0.012878787878787878,0.8111111111111111,3.0,90.78517224694036,0.98
0.012878787878787878,0.8111111111111111,3.5,105.9160342880971,0.98
0.012878787878787878,0.9,2.0,67.53760991049127,0.98
0.012878787878787878,0.9,2.5,84.42201238811408,0.98
0.012878787878787878,0.9,3.0,101.3064148657369,0.98
0.012878787878787878,0.9,3.5,118.19081734335971,0.98
0.013373737373737375,0.1,2.0,34.328106993497336,0.98
0.013373737373737375,0.1,2.5,42.910133741871675,0.98
0.013373737373737375,0.1,3.0,51.492160490246,0.98
0.013373737373737375,0.1,3.5,60.07418723862034,0.98
0.013373737373737375,0.18888888888888888,2.0,36.39248988418349,0.98
0.013373737373737375,0.18888888888888888,2.5,45.49061235522936,0.98
0.013373737373737375,0.18888888888888888,3.0,54.588734826275235,0.98
0.013373737373737375,0.18888888888888888,3.5,63.686857297321104,0.98
0.013373737373737375,0.2777777777777778,2.0,38.7210503822517,0.98
0.013373737373737375,0.2777777777777778,2.5,48.40131297781462,0.98
0.013373737373737375,0.2777777777777778,3.0,58.081575573377535,0.98
0.013373737373737375,0.2777777777777778,3.5,67.76183816894046,0.98
0.013373737373737375,0.3666666666666667,2.0,41.367964874758,0.98
0.013373737373737375,0.3666666666666667,2.5,51.70995609344751,0.98
0.013373737373737375,0.3666666666666667,3.0,62.051947312137,0.98
0.013373737373737375,0.3666666666666667,3.5,72.3939385308265,0.98
0.013373737373737375,0.4555555555555556,2.0,44.403310366806664,0.98
0.013373737373737375,0.4555555555555556,2.5,55.50413795850833,0.98
0.013373737373737375,0.4555555555555556,3.0,66.60496555021,0.98
0.013373737373737375,0.4555555555555556,3.5,77.70579314191166,0.98
0.013373737373737375,0.5444444444444445,2.0,47.91935988610245,0.98
0.013373737373737375,0.5444444444444445,2.5,59.899199857628055,0.98
0.013373737373737375,0.5444444444444445,3.0,71.87903982915365,0.98
0.013373737373737375,0.5444444444444445,3.5,83.85887980067928,0.98
0.013373737373737375,0.6333333333333333,2.0,52.040126080758135,0.98
0.013373737373737375,0.6333333333333333,2.5,65.05015760094767,0.98
0.013373737373737375,0.6333333333333333,3.0,78.0601891211372,0.98
0.013373737373737375,0.6333333333333333,3.5,91.07022064132673,0.98
0.013373737373737375,0.7222222222222222,2.0,56.93629224147865,0.98
0.013373737373737375,0.7222222222222222,2.5,71.17036530184832,0.98
0.013373737373737375,0.7222222222222222,3.0,85.40443836221796,0.98
0.013373737373737375,0.7222222222222222,3.5,99.63851142258763,0.98
0.013373737373737375,0.8111111111111111,2.0,62.849447348992975,0.98
0.013373737373737375,0.8111111111111111,2.5,78.56180918624122,0.98
0.013373737373737375,0.8111111111111111,3.0,94.27417102348944,0.98
0.013373737373737375,0.8111111111111111,3.5,109.98653286073771,0.98
0.013373737373737375,0.9,2.0,70.13317295803172,0.98
0.013373737373737375,0.9,2.5,87.66646619753966,0.98
0.013373737373737375,0.9,3.0,105.19975943704759,0.98
0.013373737373737375,0.9,3.5,122.73305267655553,0.98
0.01386868686868687,0.1,2.0,35.598558083135835,0.98
0.01386868686868687,0.1,2.5,44.498197603919785,0.98
0.01386868686868687,0.1,3.0,53.39783712470375,0.98
0.01386868686868687,0.1,3.5,62.297476645487706,0.98
0.01386868686868687,0.18888888888888888,2.0,37.73934185119632,0.98
0.01386868686868687,0.18888888888888888,2.5,47.17417731399539,0.98
0.01386868686868687,0.18888888888888888,3.0,56.60901277679448,0.98
0.01386868686868687,0.18888888888888888,3.5,66.04384823959356,0.98
0.01386868686868687,0.2777777777777778,2.0,40.15408019247098,0.98
0.01386868686868687,0.2777777777777778,2.5,50.19260024058872,0.98
0.01386868686868687,0.2777777777777778,3.0,60.23112028870647,0.98
0.01386868686868687,0.2777777777777778,3.5,70.26964033682421,0.98
0.01386868686868687,0.3666666666666667,2.0,42.89895451136158,0.98
0.01386868686868687,0.3666666666666667,2.5,53.623693139201976,0.98
0.01386868686868687,0.3666666666666667,3.0,64.34843176704237,0.98
0.01386868686868687,0.3666666666666667,3.5,75.07317039488278,0.98
0.01386868686868687,0.4555555555555556,2.0,46.04663529730026,0.98
0.01386868686868687,0.4555555555555556,2.5,57.55829412162532,0.98
0.01386868686868687,0.4555555555555556,3.0,69.06995294595039,0.98
0.01386868686868687,0.4555555555555556,3.5,80.58161177027546,0.98
0.01386868686868687,0.5444444444444445,2.0,49.69281051632829,0.98
0.01386868686868687,0.5444444444444445,2.5,62.116013145410356,0.98
0.01386868686868687,0.5444444444444445,3.0,74.53921577449243,0.98
0.01386868686868687,0.5444444444444445,3.5,86.96241840357452,0.98
0.01386868686868687,0.6333333333333333,2.0,53.96608240852033,0.98
0.01386868686868687,0.6333333333333333,2.5,67.4576030106504,0.98
0.01386868686868687,0.6333333333333333,3.0,80.9491236127805,0.98
0.01386868686868687,0.6333333333333333,3.5,94.44064421491059,0.98
0.01386868686868687,0.7222222222222222,2.0,59.043451093315845,0.98
0.01386868686868687,0.7222222222222222,2.5,73.8043138666448,0.98
0.01386868686868687,0.7222222222222222,3.0,88.56517663997379,0.98
0.01386868686868687,0.7222222222222222,3.5,103.32603941330274,0.98
0.01386868686868687,0.8111111111111111,2.0,65.17544653335902,0.98
0.01386868686868687,0.8111111111111111,2.5,81.46930816669878,0.98
0.01386868686868687,0.8111111111111111,3.0,97.76316980003854,0.98
0.01386868686868687,0.8111111111111111,3.5,114.0570314333783,0.98
0.01386868686868687,0.9,2.0,72.72873600557217,0.98
0.01386868686868687,0.9,2.5,90.91092000696521,0.98
0.01386868686868687,0.9,3.0,109.09310400835825,0.98
0.01386868686868687,0.9,3.5,127.2752880097513,0.98
0.014363636363636363,0.1,2.0,36.86900917277433,0.98
0.014363636363636363,0.1,2.5,46.08626146596791,0.98
0.014363636363636363,0.1,3.0,55.30351375916149,0.98
0.014363636363636363,0.1,3.5,64.52076605235507,0.98
0.014363636363636363,0.18888888888888888,2.0,39.086193818209146,0.98
0.014363636363636363,0.18888888888888888,2.5,48.857742272761435,0.98
0.014363636363636363,0.18888888888888888,3.0,58.62929072731373,0.98
0.014363636363636363,0.18888888888888888,3.5,68.400839181866,0.98
0.014363636363636363,0.2777777777777778,2.0,41.58711000269026,0.98
0.014363636363636363,0.2777777777777778,2.5,51.983887503362816,0.98
0.014363636363636363,0.2777777777777778,3.0,62.38066500403539,0.98
0.014363636363636363,0.2777777777777778,3.5,72.77744250470795,0.98
0.014363636363636363,0.3666666666666667,2.0,44.42994414796516,0.98
0.014363636363636363,0.3666666666666667,2.5,55.53743018495644,0.98
0.014363636363636363,0.3666666666666667,3.0,66.64491622194775,0.98
0.014363636363636363,0.3666666666666667,3.5,77.75240225893903,0.98
0.014363636363636363,0.4555555555555556,2.0,47.689960227793854,0.98
0.014363636363636363,0.4555555555555556,2.5,59.61245028474232,0.98
0.014363636363636363,0.4555555555555556,3.0,71.53494034169078,0.98
0.014363636363636363,0.4555555555555556,3.5,83.45743039863926,0.98
0.014363636363636363,0.5444444444444445,2.0,51.46626114655413,0.98
0.014363636363636363,0.5444444444444445,2.5,64.33282643319266,0.98
0.014363636363636363,0.5444444444444445,3.0,77.1993917198312,0.98
0.014363636363636363,0.5444444444444445,3.5,90.06595700646973,0.98
0.014363636363636363,0.6333333333333333,2.0,55.89203873628252,0.98
0.014363636363636363,0.6333333333333333,2.5,69.86504842035315,0.98
0.014363636363636363,0.6333333333333333,3.0,83.83805810442378,0.98
0.014363636363636363,0.6333333333333333,3.5,97.81106778849441,0.98
0.014363636363636363,0.7222222222222222,2.0,61.15060994515304,0.98
0.014363636363636363,0.7222222222222222,2.5,76.4382624314413,0.98
0.014363636363636363,0.7222222222222222,3.0,91.72591491772958,0.98
0.014363636363636363,0.7222222222222222,3.5,107.01356740401782,0.98
0.014363636363636363,0.8111111111111111,2.0,67.50144571772508,0.98
0.014363636363636363,0.8111111111111111,2.5,84.37680714715633,0.98
0.014363636363636363,0.8111111111111111,3.0,101.25216857658762,0.98
0.014363636363636363,0.8111111111111111,3.5,118.12753000601889,0.98
0.014363636363636363,0.9,2.0,75.32429905311261,0.98
0.014363636363636363,0.9,2.5,94.15537381639076,0.98
0.014363636363636363,0.9,3.0,112.98644857966893,0.98
0.014363636363636363,0.9,3.5,131.81752334294708,0.98
0.01485858585858586,0.1,2.0,38.139460262412825,0.98
0.01485858585858586,0.1,2.5,47.67432532801603,0.98
0.01485858585858586,0.1,3.0,57.209190393619245,0.98
0.01485858585858586,0.1,3.5,66.74405545922245,0.98
0.01485858585858586,0.18888888888888888,2.0,40.433045785221985,0.98
0.01485858585858586,0.18888888888888888,2.5,50.541307231527476,0.98
0.01485858585858586,0.18888888888888888,3.0,60.64956867783298,0.98
0.01485858585858586,0.18888888888888888,3.5,70.75783012413848,0.98
0.01485858585858586,0.2777777777777778,2.0,43.02013981290955,0.98
0.01485858585858586,0.2777777777777778,2.5,53.77517476613693,0.98
0.01485858585858586,0.2777777777777778,3.0,64.53020971936432,0.98
0.01485858585858586,0.2777777777777778,3.5,75.2852446725917,0.98
0.01485858585858586,0.3666666666666667,2.0,45.960933784568745,0.98
0.01485858585858586,0.3666666666666667,2.5,57.45116723071093,0.98
0.01485858585858586,0.3666666666666667,3.0,68.94140067685312,0.98
0.01485858585858586,0.3666666666666667,3.5,80.4316341229953,0.98
0.01485858585858586,0.4555555555555556,2.0,49.33328515828746,0.98
0.01485858585858586,0.4555555555555556,2.5,61.66660644785933,0.98
0.01485858585858586,0.4555555555555556,3.0,73.99992773743121,0.98
0.01485858585858586,0.4555555555555556,3.5,86.33324902700308,0.98
0.01485858585858586,0.5444444444444445,2.0,53.239711776779984,0.98
0.01485858585858586,0.5444444444444445,2.5,66.54963972097498,0.98
0.01485858585858586,0.5444444444444445,3.0,79.85956766516998,0.98
0.01485858585858586,0.5444444444444445,3.5,93.16949560936497,0.98
0.01485858585858586,0.6333333333333333,2.0,57.81799506404473,0.98
0.01485858585858586,0.6333333333333333,2.5,72.2724938300559,0.98
0.01485858585858586,0.6333333333333333,3.0,86.72699259606709,0.98
0.01485858585858586,0.6333333333333333,3.5,101.18149136207826,0.98
0.01485858585858586,0.7222222222222222,2.0,63.257768796990256,0.98
0.01485858585858586,0.7222222222222222,2.5,79.07221099623781,0.98
0.01485858585858586,0.7222222222222222,3.0,94.8866531954854,0.98
0.01485858585858586,0.7222222222222222,3.5,110.70109539473295,0.98
0.01485858585858586,0.8111111111111111,2.0,69.82744490209113,0.98
0.01485858585858586,0.8111111111111111,2.5,87.2843061276139,0.98
0.01485858585858586,0.8111111111111111,3.0,104.7411673531367,0.98
0.01485858585858586,0.8111111111111111,3.5,122.19802857865949,0.98
0.01485858585858586,0.9,2.0,77.91986210065308,0.98
0.01485858585858586,0.9,2.5,97.39982762581634,0.98
0.01485858585858586,0.9,3.0,116.87979315097961,0.98
0.01485858585858586,0.9,3.5,136.3597586761429,0.98
0.015353535353535355,0.1,2.0,39.40991135205132,0.98
0.015353535353535355,0.1,2.5,49.26238919006415,0.98
0.015353535353535355,0.1,3.0,59.11486702807698,0.98
0.015353535353535355,0.1,3.5,68.96734486608982,0.98
0.015353535353535355,0.18888888888888888,2.0,41.77989775223482,0.98
0.015353535353535355,0.18888888888888888,2.5,52.224872190293524,0.98
0.015353535353535355,0.18888888888888888,3.0,62.669846628352225,0.98
0.015353535353535355,0.18888888888888888,3.5,73.11482106641093,0.98
0.015353535353535355,0.2777777777777778,2.0,44.45316962312882,0.98
0.015353535353535355,0.2777777777777778,2.5,55.56646202891104,0.98
0.015353535353535355,0.2777777777777778,3.0,66.67975443469324,0.98
0.015353535353535355,0.2777777777777778,3.5,77.79304684047545,0.98
0.015353535353535355,0.3666666666666667,2.0,47.491923421172324,0.98
0.015353535353535355,0.3666666666666667,2.5,59.36490427646541,0.98
0.015353535353535355,0.3666666666666667,3.0,71.23788513175849,0.98
0.015353535353535355,0.3666666666666667,3.5,83.11086598705157,0.98
0.015353535353535355,0.4555555555555556,2.0,50.97661008878106,0.98
0.015353535353535355,0.4555555555555556,2.5,63.72076261097632,0.98
0.015353535353535355,0.4555555555555556,3.0,76.46491513317159,0.98
0.015353535353535355,0.4555555555555556,3.5,89.20906765536687,0.98
0.015353535353535355,0.5444444444444445,2.0,55.01316240700583,0.98
0.015353535353535355,0.5444444444444445,2.5,68.76645300875728,0.98
0.015353535353535355,0.5444444444444445,3.0,82.51974361050874,0.98
0.015353535353535355,0.5444444444444445,3.5,96.27303421226019,0.98
0.015353535353535355,0.6333333333333333,2.0,59.74395139180692,0.98
0.015353535353535355,0.6333333333333333,2.5,74.67993923975864,0.98
0.015353535353535355,0.6333333333333333,3.0,89.61592708771038,0.98
0.015353535353535355,0.6333333333333333,3.5,104.55191493566211,0.98
0.015353535353535355,0.7222222222222222,2.0,65.36492764882745,0.98
0.015353535353535355,0.7222222222222222,2.5,81.70615956103431,0.98
0.015353535353535355,0.7222222222222222,3.0,98.04739147324118,0.98
0.015353535353535355,0.7222222222222222,3.5,114.38862338544804,0.98
0.015353535353535355,0.8111111111111111,2.0,72.15344408645718,0.98
0.015353535353535355,0.8111111111111111,2.5,90.19180510807148,0.98
0.015353535353535355,0.8111111111111111,3.0,108.23016612968577,0.98
0.015353535353535355,0.8111111111111111,3.5,126.26852715130008,0.98
0.015353535353535355,0.9,2.0,80.51542514819351,0.98
0.015353535353535355,0.9,2.5,100.6442814352419,0.98
0.015353535353535355,0.9,3.0,120.77313772229029,0.98
0.015353535353535355,0.9,3.5,140.90199400933867,0.98
0.015848484848484848,0.1,2.0,40.680362441689816,0.98
0.015848484848484848,0.1,2.5,50.85045305211227,0.98
0.015848484848484848,0.1,3.0,61.02054366253472,0.98
0.015848484848484848,0.1,3.5,71.19063427295717,0.98
0.015848484848484848,0.18888888888888888,2.0,43.12674971924765,0.98
0.015848484848484848,0.18888888888888888,2.5,53.90843714905956,0.98
0.015848484848484848,0.18888888888888888,3.0,64.69012457887146,0.98
0.015848484848484848,0.18888888888888888,3.5,75.47181200868339,0.98
0.015848484848484848,0.2777777777777778,2.0,45.88619943334811,0.98
0.015848484848484848,0.2777777777777778,2.5,57.35774929168514,0.98
0.015848484848484848,0.2777777777777778,3.0,68.82929915002217,0.98
0.015848484848484848,0.2777777777777778,3.5,80.3008490083592,0.98
0.015848484848484848,0.3666666666666667,2.0,49.0229130577759,0.98
0.015848484848484848,0.3666666666666667,2.5,61.278641322219876,0.98
0.015848484848484848,0.3666666666666667,3.0,73.53436958666386,0.98
0.015848484848484848,0.3666666666666667,3.5,85.79009785110783,0.98
0.015848484848484848,0.4555555555555556,2.0,52.619935019274656,0.98
0.015848484848484848,0.4555555555555556,2.5,65.77491877409332,0.98
0.015848484848484848,0.4555555555555556,3.0,78.92990252891198,0.98
0.015848484848484848,0.4555555555555556,3.5,92.08488628373065,0.98
0.015848484848484848,0.5444444444444445,2.0,56.78661303723166,0.98
0.015848484848484848,0.5444444444444445,2.5,70.98326629653958,0.98
0.015848484848484848,0.5444444444444445,3.0,85.17991955584749,0.98
0.015848484848484848,0.5444444444444445,3.5,99.3765728151554,0.98
0.015848484848484848,0.6333333333333333,2.0,61.6699077195691,0.98
0.015848484848484848,0.6333333333333333,2.5,77.08738464946138,0.98
0.015848484848484848,0.6333333333333333,3.0,92.50486157935366,0.98
0.015848484848484848,0.6333333333333333,3.5,107.92233850924593,0.98
0.015848484848484848,0.7222222222222222,2.0,67.47208650066464,0.98
0.015848484848484848,0.7222222222222222,2.5,84.34010812583081,0.98
0.015848484848484848,0.7222222222222222,3.0,101.20812975099697,0.98
0.015848484848484848,0.7222222222222222,3.5,118.07615137616312,0.98
0.015848484848484848,0.8111111111111111,2.0,74.47944327082324,0.98
0.015848484848484848,0.8111111111111111,2.5,93.09930408852904,0.98
0.015848484848484848,0.8111111111111111,3.0,111.71916490623484,0.98
0.015848484848484848,0.8111111111111111,3.5,130.33902572394064,0.98
0.015848484848484848,0.9,2.0,83.11098819573395,0.98
0.015848484848484848,0.9,2.5,103.88873524466744,0.98
0.015848484848484848,0.9,3.0,124.66648229360094,0.98
0.015848484848484848,0.9,3.5,145.44422934253444,0.98
0.016343434343434344,0.1,2.0,41.950813531328315,0.98
0.016343434343434344,0.1,2.5,52.438516914160395,0.98
0.016343434343434344,0.1,3.0,62.926220296992476,0.98
0.016343434343434344,0.1,3.5,73.41392367982455,0.98
0.016343434343434344,0.18888888888888888,2.0,44.47360168626048,0.98
0.016343434343434344,0.18888888888888888,2.5,55.59200210782561,0.98
0.016343434343434344,0.18888888888888888,3.0,66.71040252939072,0.98
0.016343434343434344,0.18888888888888888,3.5,77.82880295095585,0.98
0.016343434343434344,0.2777777777777778,2.0,47.3192292435674,0.98
0.016343434343434344,0.2777777777777778,2.5,59.14903655445925,0.98
0.016343434343434344,0.2777777777777778,3.0,70.9788438653511,0.98
0.016343434343434344,0.2777777777777778,3.5,82.80865117624295,0.98
0.016343434343434344,0.3666666666666667,2.0,50.553902694379495,0.98
0.016343434343434344,0.3666666666666667,2.5,63.192378367974364,0.98
0.016343434343434344,0.3666666666666667,3.0,75.83085404156922,0.98
0.016343434343434344,0.3666666666666667,3.5,88.46932971516411,0.98
0.016343434343434344,0.4555555555555556,2.0,54.26325994976826,0.98
0.016343434343434344,0.4555555555555556,2.5,67.82907493721034,0.98
0.016343434343434344,0.4555555555555556,3.0,81.39488992465239,0.98
0.016343434343434344,0.4555555555555556,3.5,94.96070491209446,0.98
0.016343434343434344,0.5444444444444445,2.0,58.56006366745751,0.98
0.016343434343434344,0.5444444444444445,2.5,73.2000795843219,0.98
0.016343434343434344,0.5444444444444445,3.0,87.84009550118627,0.98
0.016343434343434344,0.5444444444444445,3.5,102.48011141805064,0.98
0.016343434343434344,0.6333333333333333,2.0,63.59586404733131,0.98
0.016343434343434344,0.6333333333333333,2.5,79.49483005916414,0.98
0.016343434343434344,0.6333333333333333,3.0,95.39379607099697,0.98
0.016343434343434344,0.6333333333333333,3.5,111.29276208282978,0.98
0.016343434343434344,0.7222222222222222,2.0,69.57924535250186,0.98
0.016343434343434344,0.7222222222222222,2.5,86.97405669062732,0.98
0.016343434343434344,0.7222222222222222,3.0,104.36886802875277,0.98
0.016343434343434344,0.7222222222222222,3.5,121.76367936687824,0.98
0.016343434343434344,0.8111111111111111,2.0,76.8054424551893,0.98
0.016343434343434344,0.8111111111111111,2.5,96.00680306898663,0.98
0.016343434343434344,0.8111111111111111,3.0,115.20816368278393,0.98
0.016343434343434344,0.8111111111111111,3.5,134.40952429658128,0.98
0.016343434343434344,0.9,2.0,85.70655124327442,0.98
0.016343434343434344,0.9,2.5,107.13318905409302,0.98
0.016343434343434344,0.9,3.0,128.55982686491163,0.98
0.016343434343434344,0.9,3.5,149.98646467573022,0.98
0.01683838383838384,0.1,2.0,43.221264620966814,0.98
0.01683838383838384,0.1,2.5,54.02658077620851,0.98
0.01683838383838384,0.1,3.0,64.83189693145022,0.98
0.01683838383838384,0.1,3.5,75.63721308669192,0.98
0.01683838383838384,0.18888888888888888,2.0,45.82045365327332,0.98
0.01683838383838384,0.18888888888888888,2.5,57.27556706659164,0.98
0.01683838383838384,0.18888888888888888,3.0,68.73068047990996,0.98
0.01683838383838384,0.18888888888888888,3.5,80.1857938932283,0.98
0.01683838383838384,0.2777777777777778,2.0,48.75225905378668,0.98
0.01683838383838384,0.2777777777777778,2.5,60.940323817233356,0.98
0.01683838383838384,0.2777777777777778,3.0,73.12838858068002,0.98
0.01683838383838384,0.2777777777777778,3.5,85.31645334412669,0.98
0.01683838383838384,0.3666666666666667,2.0,52.084892330983074,0.98
0.01683838383838384,0.3666666666666667,2.5,65.10611541372884,0.98
0.01683838383838384,0.3666666666666667,3.0,78.12733849647461,0.98
0.01683838383838384,0.3666666666666667,3.5,91.14856157922037,0.98
0.01683838383838384,0.4555555555555556,2.0,55.90658488026185,0.98
0.01683838383838384,0.4555555555555556,2.5,69.88323110032734,0.98
0.01683838383838384,0.4555555555555556,3.0,83.85987732039278,0.98
0.01683838383838384,0.4555555555555556,3.5,97.83652354045824,0.98
0.01683838383838384,0.5444444444444445,2.0,60.33351429768336,0.98
0.01683838383838384,0.5444444444444445,2.5,75.4168928721042,0.98
0.01683838383838384,0.5444444444444445,3.0,90.50027144652505,0.98
0.01683838383838384,0.5444444444444445,3.5,105.58365002094587,0.98
0.01683838383838384,0.6333333333333333,2.0,65.5218203750935,0.98
0.01683838383838384,0.6333333333333333,2.5,81.90227546886689,0.98
0.01683838383838384,0.6333333333333333,3.0,98.28273056264025,0.98
0.01683838383838384,0.6333333333333333,3.5,114.66318565641363,0.98
0.01683838383838384,0.7222222222222222,2.0,71.68640420433904,0.98
0.01683838383838384,0.7222222222222222,2.5,89.6080052554238,0.98
0.01683838383838384,0.7222222222222222,3.0,107.52960630650857,0.98
0.01683838383838384,0.7222222222222222,3.5,125.45120735759333,0.98
0.01683838383838384,0.8111111111111111,2.0,79.13144163955535,0.98
0.01683838383838384,0.8111111111111111,2.5,98.91430204944419,0.98
0.01683838383838384,0.8111111111111111,3.0,118.69716245933301,0.98
0.01683838383838384,0.8111111111111111,3.5,138.48002286922184,0.98
0.01683838383838384,0.9,2.0,88.30211429081487,0.98
0.01683838383838384,0.9,2.5,110.37764286351859,0.98
0.01683838383838384,0.9,3.0,132.45317143622228,0.98
0.01683838383838384,0.9,3.5,154.528700008926,0.98
0.017333333333333336,0.1,2.0,44.49171571060531,0.98
0.017333333333333336,0.1,2.5,55.61464463825664,0.98
0.017333333333333336,0.1,3.0,66.73757356590797,0.98
0.017333333333333336,0.1,3.5,77.86050249355928,0.98
0.017333333333333336,0.18888888888888888,2.0,47.16730562028615,0.98
0.017333333333333336,0.18888888888888888,2.5,58.9591320253577,0.98
0.017333333333333336,0.18888888888888888,3.0,70.75095843042924,0.98
0.017333333333333336,0.18888888888888888,3.5,82.54278483550077,0.98
0.017333333333333336,0.2777777777777778,2.0,50.18528886400597,0.98
0.017333333333333336,0.2777777777777778,2.5,62.73161108000747,0.98
0.017333333333333336,0.2777777777777778,3.0,75.27793329600895,0.98
0.017333333333333336,0.2777777777777778,3.5,87.82425551201044,0.98
0.017333333333333336,0.3666666666666667,2.0,53.61588196758666,0.98
0.017333333333333336,0.3666666666666667,2.5,67.01985245948332,0.98
0.017333333333333336,0.3666666666666667,3.0,80.42382295137999,0.98
0.017333333333333336,0.3666666666666667,3.5,93.82779344327663,0.98
0.017333333333333336,0.4555555555555556,2.0,57.54990981075546,0.98
0.017333333333333336,0.4555555555555556,2.5,71.93738726344434,0.98
0.017333333333333336,0.4555555555555556,3.0,86.3248647161332,0.98
0.017333333333333336,0.4555555555555556,3.5,100.71234216882205,0.98
0.017333333333333336,0.5444444444444445,2.0,62.10696492790921,0.98
0.017333333333333336,0.5444444444444445,2.5,77.63370615988651,0.98
0.017333333333333336,0.5444444444444445,3.0,93.16044739186383,0.98
0.017333333333333336,0.5444444444444445,3.5,108.68718862384111,0.98
0.017333333333333336,0.6333333333333333,2.0,67.4477767028557,0.98
0.017333333333333336,0.6333333333333333,2.5,84.30972087856965,0.98
0.017333333333333336,0.6333333333333333,3.0,101.17166505428357,0.98
0.017333333333333336,0.6333333333333333,3.5,118.03360922999748,0.98
0.017333333333333336,0.7222222222222222,2.0,73.79356305617625,0.98
0.017333333333333336,0.7222222222222222,2.5,92.24195382022033,0.98
0.017333333333333336,0.7222222222222222,3.0,110.69034458426438,0.98
0.017333333333333336,0.7222222222222222,3.5,129.13873534830844,0.98
0.017333333333333336,0.8111111111111111,2.0,81.4574408239214,0.98
0.017333333333333336,0.8111111111111111,2.5,101.82180102990178,0.98
0.017333333333333336,0.8111111111111111,3.0,122.1861612358821,0.98
0.017333333333333336,0.8111111111111111,3.5,142.55052144186246,0.98
0.017333333333333336,0.9,2.0,90.89767733835532,0.98
0.017333333333333336,0.9,2.5,113.62209667294417,0.98
0.017333333333333336,0.9,3.0,136.34651600753298,0.98
0.017333333333333336,0.9,3.5,159.0709353421218,0.98
0.01782828282828283,0.1,2.0,45.76216680024381,0.98
0.01782828282828283,0.1,2.5,57.20270850030476,0.98
0.01782828282828283,0.1,3.0,68.64325020036571,0.98
0.01782828282828283,0.1,3.5,80.08379190042665,0.98
0.01782828282828283,0.18888888888888888,2.0,48.51415758729899,0.98
0.01782828282828283,0.18888888888888888,2.5,60.642696984123724,0.98
0.01782828282828283,0.18888888888888888,3.0,72.77123638094848,0.98
0.01782828282828283,0.18888888888888888,3.5,84.89977577777321,0.98
0.01782828282828283,0.2777777777777778,2.0,51.61831867422526,0.98
0.01782828282828283,0.2777777777777778,2.5,64.52289834278157,0.98
0.01782828282828283,0.2777777777777778,3.0,77.42747801133788,0.98
0.01782828282828283,0.2777777777777778,3.5,90.33205767989419,0.98
0.01782828282828283,0.3666666666666667,2.0,55.14687160419024,0.98
0.01782828282828283,0.3666666666666667,2.5,68.93358950523779,0.98
0.01782828282828283,0.3666666666666667,3.0,82.72030740628536,0.98
0.01782828282828283,0.3666666666666667,3.5,96.50702530733291,0.98
0.01782828282828283,0.4555555555555556,2.0,59.193234741249064,0.98
0.01782828282828283,0.4555555555555556,2.5,73.99154342656132,0.98
0.01782828282828283,0.4555555555555556,3.0,88.7898521118736,0.98
0.01782828282828283,0.4555555555555556,3.5,103.58816079718586,0.98
0.01782828282828283,0.5444444444444445,2.0,63.88041555813505,0.98
0.01782828282828283,0.5444444444444445,2.5,79.85051944766882,0.98
0.01782828282828283,0.5444444444444445,3.0,95.82062333720258,0.98
0.01782828282828283,0.5444444444444445,3.5,111.79072722673634,0.98
0.01782828282828283,0.6333333333333333,2.0,69.3737330306179,0.98
0.01782828282828283,0.6333333333333333,2.5,86.71716628827238,0.98
0.01782828282828283,0.6333333333333333,3.0,104.06059954592685,0.98
0.01782828282828283,0.6333333333333333,3.5,121.40403280358133,0.98
0.01782828282828283,0.7222222222222222,2.0,75.90072190801345,0.98
0.01782828282828283,0.7222222222222222,2.5,94.8759023850168,0.98
0.01782828282828283,0.7222222222222222,3.0,113.85108286202018,0.98
0.01782828282828283,0.7222222222222222,3.5,132.82626333902354,0.98
0.01782828282828283,0.8111111111111111,2.0,83.78344000828746,0.98
0.01782828282828283,0.8111111111111111,2.5,104.72930001035932,0.98
0.01782828282828283,0.8111111111111111,3.0,125.67516001243119,0.98
0.01782828282828283,0.8111111111111111,3.5,146.62102001450305,0.98
0.01782828282828283,0.9,2.0,93.49324038589576,0.98
0.01782828282828283,0.9,2.5,116.8665504823697,0.98
0.01782828282828283,0.9,3.0,140.23986057884366,0.98
0.01782828282828283,0.9,3.5,163.61317067531758,0.98
0.018323232323232325,0.1,2.0,47.032617889882296,0.98
0.018323232323232325,0.1,2.5,58.790772362352875,0.98
0.018323232323232325,0.1,3.0,70.54892683482345,0.98
0.018323232323232325,0.1,3.5,82.30708130729401,0.98
0.018323232323232325,0.18888888888888888,2.0,49.86100955431181,0.98
0.018323232323232325,0.18888888888888888,2.5,62.326261942889765,0.98
0.018323232323232325,0.18888888888888888,3.0,74.79151433146772,0.98
0.018323232323232325,0.18888888888888888,3.5,87.25676672004566,0.98
0.018323232323232325,0.2777777777777778,2.0,53.05134848444453,0.98
0.018323232323232325,0.2777777777777778,2.5,66.31418560555566,0.98
0.018323232323232325,0.2777777777777778,3.0,79.57702272666681,0.98
0.018323232323232325,0.2777777777777778,3.5,92.83985984777793,0.98
0.018323232323232325,0.3666666666666667,2.0,56.67786124079382,0.98
0.018323232323232325,0.3666666666666667,2.5,70.84732655099226,0.98
0.018323232323232325,0.3666666666666667,3.0,85.01679186119073,0.98
0.018323232323232325,0.3666666666666667,3.5,99.18625717138917,0.98
0.018323232323232325,0.4555555555555556,2.0,60.83655967174266,0.98
0.018323232323232325,0.4555555555555556,2.5,76.04569958967832,0.98
0.018323232323232325,0.4555555555555556,3.0,91.254839507614,0.98
0.018323232323232325,0.4555555555555556,3.5,106.46397942554965,0.98
0.018323232323232325,0.5444444444444445,2.0,65.6538661883609,0.98
0.018323232323232325,0.5444444444444445,2.5,82.06733273545112,0.98
0.018323232323232325,0.5444444444444445,3.0,98.48079928254134,0.98
0.018323232323232325,0.5444444444444445,3.5,114.89426582963155,0.98
0.018323232323232325,0.6333333333333333,2.0,71.29968935838009,0.98
0.018323232323232325,0.6333333333333333,2.5,89.12461169797511,0.98
0.018323232323232325,0.6333333333333333,3.0,106.94953403757013,0.98
0.018323232323232325,0.6333333333333333,3.5,124.77445637716515,0.98
0.018323232323232325,0.7222222222222222,2.0,78.00788075985065,0.98
0.018323232323232325,0.7222222222222222,2.5,97.50985094981331,0.98
0.018323232323232325,0.7222222222222222,3.0,117.01182113977598,0.98
0.018323232323232325,0.7222222222222222,3.5,136.5137913297386,0.98
0.018323232323232325,0.8111111111111111,2.0,86.1094391926535,0.98
0.018323232323232325,0.8111111111111111,2.5,107.63679899081689,0.98
0.018323232323232325,0.8111111111111111,3.0,129.16415878898025,0.98
0.018323232323232325,0.8111111111111111,3.5,150.69151858714363,0.98
0.018323232323232325,0.9,2.0,96.08880343343621,0.98
0.018323232323232325,0.9,2.5,120.11100429179527,0.98
0.018323232323232325,0.9,3.0,144.1332051501543,0.98
0.018323232323232325,0.9,3.5,168.15540600851335,0.98
0.01881818181818182,0.1,2.0,48.303068979520795,0.98
0.01881818181818182,0.1,2.5,60.378836224401,0.98
0.01881818181818182,0.1,3.0,72.4546034692812,0.98
0.01881818181818182,0.1,3.5,84.53037071416139,0.98
0.01881818181818182,0.18888888888888888,2.0,51.20786152132465,0.98
0.01881818181818182,0.18888888888888888,2.5,64.00982690165581,0.98
0.01881818181818182,0.18888888888888888,3.0,76.81179228198697,0.98
0.01881818181818182,0.18888888888888888,3.5,89.61375766231812,0.98
0.01881818181818182,0.2777777777777778,2.0,54.48437829466383,0.98
0.01881818181818182,0.2777777777777778,2.5,68.10547286832978,0.98
0.01881818181818182,0.2777777777777778,3.0,81.72656744199574,0.98
0.01881818181818182,0.2777777777777778,3.5,95.34766201566168,0.98
0.01881818181818182,0.3666666666666667,2.0,58.2088508773974,0.98
0.01881818181818182,0.3666666666666667,2.5,72.76106359674675,0.98
0.01881818181818182,0.3666666666666667,3.0,87.31327631609611,0.98
0.01881818181818182,0.3666666666666667,3.5,101.86548903544544,0.98
0.01881818181818182,0.4555555555555556,2.0,62.47988460223627,0.98
0.01881818181818182,0.4555555555555556,2.5,78.09985575279534,0.98
0.01881818181818182,0.4555555555555556,3.0,93.71982690335439,0.98
0.01881818181818182,0.4555555555555556,3.5,109.33979805391346,0.98
0.01881818181818182,0.5444444444444445,2.0,67.42731681858675,0.98
0.01881818181818182,0.5444444444444445,2.5,84.28414602323343,0.98
0.01881818181818182,0.5444444444444445,3.0,101.14097522788012,0.98
0.01881818181818182,0.5444444444444445,3.5,117.99780443252679,0.98
0.01881818181818182,0.6333333333333333,2.0,73.2256456861423,0.98
0.01881818181818182,0.6333333333333333,2.5,91.53205710767787,0.98
0.01881818181818182,0.6333333333333333,3.0,109.83846852921344,0.98
0.01881818181818182,0.6333333333333333,3.5,128.14487995074902,0.98
0.01881818181818182,0.7222222222222222,2.0,80.11503961168786,0.98
0.01881818181818182,0.7222222222222222,2.5,100.14379951460982,0.98
0.01881818181818182,0.7222222222222222,3.0,120.17255941753179,0.98
0.01881818181818182,0.7222222222222222,3.5,140.20131932045373,0.98
0.01881818181818182,0.8111111111111111,2.0,88.43543837701957,0.98
0.01881818181818182,0.8111111111111111,2.5,110.54429797127445,0.98
0.01881818181818182,0.8111111111111111,3.0,132.65315756552934,0.98
0.01881818181818182,0.8111111111111111,3.5,154.76201715978422,0.98
0.01881818181818182,0.9,2.0,98.68436648097666,0.98
0.01881818181818182,0.9,2.5,123.35545810122083,0.98
0.01881818181818182,0.9,3.0,148.026549721465,0.98
0.01881818181818182,0.9,3.5,172.69764134170916,0.98
0.019313131313131313,0.1,2.0,49.573520069159294,0.98
0.019313131313131313,0.1,2.5,61.96690008644912,0.98
0.019313131313131313,0.1,3.0,74.36028010373893,0.98
0.019313131313131313,0.1,3.5,86.75366012102877,0.98
0.019313131313131313,0.18888888888888888,2.0,52.554713488337484,0.98
0.019313131313131313,0.18888888888888888,2.5,65.69339186042185,0.98
0.019313131313131313,0.18888888888888888,3.0,78.83207023250621,0.98
0.019313131313131313,0.18888888888888888,3.5,91.9707486045906,0.98
0.019313131313131313,0.2777777777777778,2.0,55.9174081048831,0.98
0.019313131313131313,0.2777777777777778,2.5,69.89676013110389,0.98
0.019313131313131313,0.2777777777777778,3.0,83.87611215732466,0.98
0.019313131313131313,0.2777777777777778,3.5,97.85546418354545,0.98
0.019313131313131313,0.3666666666666667,2.0,59.73984051400098,0.98
0.019313131313131313,0.3666666666666667,2.5,74.67480064250122,0.98
0.019313131313131313,0.3666666666666667,3.0,89.60976077100146,0.98
0.019313131313131313,0.3666666666666667,3.5,104.54472089950173,0.98
0.019313131313131313,0.4555555555555556,2.0,64.12320953272986,0.98
0.019313131313131313,0.4555555555555556,2.5,80.15401191591233,0.98
0.019313131313131313,0.4555555555555556,3.0,96.18481429909478,0.98
0.019313131313131313,0.4555555555555556,3.5,112.21561668227726,0.98
0.019313131313131313,0.5444444444444445,2.0,69.20076744881258,0.98
0.019313131313131313,0.5444444444444445,2.5,86.50095931101573,0.98
0.019313131313131313,0.5444444444444445,3.0,103.80115117321888,0.98
0.019313131313131313,0.5444444444444445,3.5,121.10134303542203,0.98
0.019313131313131313,0.6333333333333333,2.0,75.1516020139045,0.98
0.019313131313131313,0.6333333333333333,2.5,93.93950251738062,0.98
0.019313131313131313,0.6333333333333333,3.0,112.72740302085673,0.98
0.019313131313131313,0.6333333333333333,3.5,131.51530352433286,0.98
0.019313131313131313,0.7222222222222222,2.0,82.22219846352506,0.98
0.019313131313131313,0.7222222222222222,2.5,102.77774807940632,0.98
0.019313131313131313,0.7222222222222222,3.0,123.33329769528757,0.98
0.019313131313131313,0.7222222222222222,3.5,143.88884731116886,0.98
0.019313131313131313,0.8111111111111111,2.0,90.76143756138562,0.98
0.019313131313131313,0.8111111111111111,2.5,113.45179695173202,0.98
0.019313131313131313,0.8111111111111111,3.0,136.1421563420784,0.98
0.019313131313131313,0.8111111111111111,3.5,158.83251573242484,0.98
0.019313131313131313,0.9,2.0,101.27992952851712,0.98
0.019313131313131313,0.9,2.5,126.59991191064638,0.98
0.019313131313131313,0.9,3.0,151.91989429277564,0.98
0.019313131313131313,0.9,3.5,177.23987667490496,0.98
0.01980808080808081,0.1,2.0,50.84397115879779,0.98
0.01980808080808081,0.1,2.5,63.55496394849724,0.98
0.01980808080808081,0.1,3.0,76.26595673819669,0.98
0.01980808080808081,0.1,3.5,88.97694952789614,0.98
0.01980808080808081,0.18888888888888888,2.0,53.90156545535032,0.98
0.01980808080808081,0.18888888888888888,2.5,67.3769568191879,0.98
0.01980808080808081,0.18888888888888888,3.0,80.85234818302547,0.98
0.01980808080808081,0.18888888888888888,3.5,94.32773954686307,0.98
0.01980808080808081,0.2777777777777778,2.0,57.3504379151024,0.98
0.01980808080808081,0.2777777777777778,2.5,71.688047393878,0.98
0.01980808080808081,0.2777777777777778,3.0,86.0256568726536,0.98
0.01980808080808081,0.2777777777777778,3.5,100.3632663514292,0.98
0.01980808080808081,0.3666666666666667,2.0,61.27083015060456,0.98
0.01980808080808081,0.3666666666666667,2.5,76.58853768825571,0.98
0.01980808080808081,0.3666666666666667,3.0,91.90624522590684,0.98
0.01980808080808081,0.3666666666666667,3.5,107.22395276355799,0.98
0.01980808080808081,0.4555555555555556,2.0,65.76653446322346,0.98
0.01980808080808081,0.4555555555555556,2.5,82.20816807902933,0.98
0.01980808080808081,0.4555555555555556,3.0,98.6498016948352,0.98
0.01980808080808081,0.4555555555555556,3.5,115.09143531064107,0.98
0.01980808080808081,0.5444444444444445,2.0,70.97421807903844,0.98
0.01980808080808081,0.5444444444444445,2.5,88.71777259879805,0.98
0.01980808080808081,0.5444444444444445,3.0,106.46132711855766,0.98
0.01980808080808081,0.5444444444444445,3.5,124.20488163831727,0.98
0.01980808080808081,0.6333333333333333,2.0,77.07755834166669,0.98
0.01980808080808081,0.6333333333333333,2.5,96.34694792708336,0.98
0.01980808080808081,0.6333333333333333,3.0,115.61633751250004,0.98
0.01980808080808081,0.6333333333333333,3.5,134.8857270979167,0.98
0.01980808080808081,0.7222222222222222,2.0,84.32935731536226,0.98
0.01980808080808081,0.7222222222222222,2.5,105.41169664420283,0.98
0.01980808080808081,0.7222222222222222,3.0,126.49403597304338,0.98
0.01980808080808081,0.7222222222222222,3.5,147.57637530188399,0.98
0.01980808080808081,0.8111111111111111,2.0,93.08743674575167,0.98
0.01980808080808081,0.8111111111111111,2.5,116.3592959321896,0.98
0.01980808080808081,0.8111111111111111,3.0,139.6311551186275,0.98
0.01980808080808081,0.8111111111111111,3.5,162.90301430506545,0.98
0.01980808080808081,0.9,2.0,103.87549257605757,0.98
0.01980808080808081,0.9,2.5,129.84436572007198,0.98
0.01980808080808081,0.9,3.0,155.81323886408634,0.98
0.01980808080808081,0.9,3.5,181.78211200810074,0.98
0.020303030303030305,0.1,2.0,52.114422248436284,0.98
0.020303030303030305,0.1,2.5,65.14302781054535,0.98
0.020303030303030305,0.1,3.0,78.17163337265444,0.98
0.020303030303030305,0.1,3.5,91.2002389347635,0.98
0.020303030303030305,0.18888888888888888,2.0,55.248417422363154,0.98
0.020303030303030305,0.18888888888888888,2.5,69.06052177795392,0.98
0.020303030303030305,0.18888888888888888,3.0,82.87262613354473,0.98
0.020303030303030305,0.18888888888888888,3.5,96.68473048913552,0.98
0.020303030303030305,0.2777777777777778,2.0,58.78346772532168,0.98
0.020303030303030305,0.2777777777777778,2.5,73.47933465665209,0.98
0.020303030303030305,0.2777777777777778,3.0,88.17520158798253,0.98
0.020303030303030305,0.2777777777777778,3.5,102.87106851931294,0.98
0.020303030303030305,0.3666666666666667,2.0,62.80181978720814,0.98
0.020303030303030305,0.3666666666666667,2.5,78.50227473401017,0.98
0.020303030303030305,0.3666666666666667,3.0,94.20272968081223,0.98
0.020303030303030305,0.3666666666666667,3.5,109.90318462761427,0.98
0.020303030303030305,0.4555555555555556,2.0,67.40985939371707,0.98
0.020303030303030305,0.4555555555555556,2.5,84.26232424214632,0.98
0.020303030303030305,0.4555555555555556,3.0,101.1147890905756,0.98
0.020303030303030305,0.4555555555555556,3.5,117.96725393900486,0.98
0.020303030303030305,0.5444444444444445,2.0,72.74766870926429,0.98
0.020303030303030305,0.5444444444444445,2.5,90.93458588658035,0.98
0.020303030303030305,0.5444444444444445,3.0,109.12150306389644,0.98
0.020303030303030305,0.5444444444444445,3.5,127.3084202412125,0.98
0.020303030303030305,0.6333333333333333,2.0,79.00351466942888,0.98
0.020303030303030305,0.6333333333333333,2.5,98.75439333678611,0.98
0.020303030303030305,0.6333333333333333,3.0,118.50527200414335,0.98
0.020303030303030305,0.6333333333333333,3.5,138.25615067150056,0.98
0.020303030303030305,0.7222222222222222,2.0,86.43651616719946,0.98
0.020303030303030305,0.7222222222222222,2.5,108.04564520899932,0.98
0.020303030303030305,0.7222222222222222,3.0,129.6547742507992,0.98
0.020303030303030305,0.7222222222222222,3.5,151.26390329259905,0.98
0.020303030303030305,0.8111111111111111,2.0,95.41343593011773,0.98
0.020303030303030305,0.8111111111111111,2.5,119.26679491264714,0.98
0.020303030303030305,0.8111111111111111,3.0,143.1201538951766,0.98
0.020303030303030305,0.8111111111111111,3.5,166.97351287770604,0.98
0.020303030303030305,0.9,2.0,106.47105562359802,0.98
0.020303030303030305,0.9,2.5,133.0888195294975,0.98
0.020303030303030305,0.9,3.0,159.70658343539705,0.98
0.020303030303030305,0.9,3.5,186.32434734129652,0.98
0.0207979797979798,0.1,2.0,53.38487333807479,0.98
0.0207979797979798,0.1,2.5,66.73109167259348,0.98
0.0207979797979798,0.1,3.0,80.07731000711219,0.98
0.0207979797979798,0.1,3.5,93.4235283416309,0.98
0.0207979797979798,0.18888888888888888,2.0,56.59526938937599,0.98
0.0207979797979798,0.18888888888888888,2.5,70.74408673671998,0.98
0.0207979797979798,0.18888888888888888,3.0,84.89290408406399,0.98
0.0207979797979798,0.18888888888888888,3.5,99.04172143140799,0.98
0.0207979797979798,0.2777777777777778,2.0,60.216497535540974,0.98
0.0207979797979798,0.2777777777777778,2.5,75.2706219194262,0.98
0.0207979797979798,0.2777777777777778,3.0,90.32474630331147,0.98
0.0207979797979798,0.2777777777777778,3.5,105.3788706871967,0.98
0.0207979797979798,0.3666666666666667,2.0,64.33280942381172,0.98
0.0207979797979798,0.3666666666666667,2.5,80.41601177976466,0.98
0.0207979797979798,0.3666666666666667,3.0,96.4992141357176,0.98
0.0207979797979798,0.3666666666666667,3.5,112.58241649167053,0.98
0.0207979797979798,0.4555555555555556,2.0,69.05318432421068,0.98
0.0207979797979798,0.4555555555555556,2.5,86.31648040526333,0.98
0.0207979797979798,0.4555555555555556,3.0,103.579776486316,0.98
0.0207979797979798,0.4555555555555556,3.5,120.84307256736868,0.98
0.0207979797979798,0.5444444444444445,2.0,74.52111933949014,0.98
0.0207979797979798,0.5444444444444445,2.5,93.15139917436267,0.98
0.0207979797979798,0.5444444444444445,3.0,111.78167900923522,0.98
0.0207979797979798,0.5444444444444445,3.5,130.41195884410774,0.98
0.0207979797979798,0.6333333333333333,2.0,80.92947099719109,0.98
0.0207979797979798,0.6333333333333333,2.5,101.16183874648885,0.98
0.0207979797979798,0.6333333333333333,3.0,121.39420649578665,0.98
0.0207979797979798,0.6333333333333333,3.5,141.6265742450844,0.98
0.0207979797979798,0.7222222222222222,2.0,88.54367501903666,0.98
0.0207979797979798,0.7222222222222222,2.5,110.67959377379583,0.98
0.0207979797979798,0.7222222222222222,3.0,132.81551252855502,0.98
0.0207979797979798,0.7222222222222222,3.5,154.95143128331418,0.98
0.0207979797979798,0.8111111111111111,2.0,97.7394351144838,0.98
0.0207979797979798,0.8111111111111111,2.5,122.17429389310473,0.98
0.0207979797979798,0.8111111111111111,3.0,146.6091526717257,0.98
0.0207979797979798,0.8111111111111111,3.5,171.04401145034663,0.98
0.0207979797979798,0.9,2.0,109.06661867113847,0.98
0.0207979797979798,0.9,2.5,136.33327333892308,0.98
0.0207979797979798,0.9,3.0,163.59992800670773,0.98
0.0207979797979798,0.9,3.5,190.86658267449232,0.98
0.021292929292929294,0.1,2.0,54.65532442771328,0.98
0.021292929292929294,0.1,2.5,68.31915553464161,0.98
0.021292929292929294,0.1,3.0,81.98298664156992,0.98
0.021292929292929294,0.1,3.5,95.64681774849824,0.98
0.021292929292929294,0.18888888888888888,2.0,57.94212135638882,0.98
0.021292929292929294,0.18888888888888888,2.5,72.42765169548603,0.98
0.021292929292929294,0.18888888888888888,3.0,86.91318203458322,0.98
0.021292929292929294,0.18888888888888888,3.5,101.39871237368044,0.98
0.021292929292929294,0.2777777777777778,2.0,61.64952734576025,0.98
0.021292929292929294,0.2777777777777778,2.5,77.06190918220032,0.98
0.021292929292929294,0.2777777777777778,3.0,92.47429101864037,0.98
0.021292929292929294,0.2777777777777778,3.5,107.88667285508045,0.98
0.021292929292929294,0.3666666666666667,2.0,65.8637990604153,0.98
0.021292929292929294,0.3666666666666667,2.5,82.32974882551915,0.98
0.021292929292929294,0.3666666666666667,3.0,98.79569859062298,0.98
0.021292929292929294,0.3666666666666667,3.5,115.26164835572679,0.98
0.021292929292929294,0.4555555555555556,2.0,70.69650925470427,0.98
0.021292929292929294,0.4555555555555556,2.5,88.37063656838035,0.98
0.021292929292929294,0.4555555555555556,3.0,106.04476388205642,0.98
0.021292929292929294,0.4555555555555556,3.5,123.71889119573247,0.98
0.021292929292929294,0.5444444444444445,2.0,76.29456996971598,0.98
0.021292929292929294,0.5444444444444445,2.5,95.36821246214498,0.98
0.021292929292929294,0.5444444444444445,3.0,114.44185495457397,0.98
0.021292929292929294,0.5444444444444445,3.5,133.51549744700296,0.98
0.021292929292929294,0.6333333333333333,2.0,82.85542732495328,0.98
0.021292929292929294,0.6333333333333333,2.5,103.56928415619161,0.98
0.021292929292929294,0.6333333333333333,3.0,124.28314098742993,0.98
0.021292929292929294,0.6333333333333333,3.5,144.99699781866823,0.98
0.021292929292929294,0.7222222222222222,2.0,90.65083387087385,0.98
0.021292929292929294,0.7222222222222222,2.5,113.31354233859234,0.98
0.021292929292929294,0.7222222222222222,3.0,135.9762508063108,0.98
0.021292929292929294,0.7222222222222222,3.5,158.63895927402925,0.98
0.021292929292929294,0.8111111111111111,2.0,100.06543429884984,0.98
0.021292929292929294,0.8111111111111111,2.5,125.08179287356232,0.98
0.021292929292929294,0.8111111111111111,3.0,150.09815144827476,0.98
0.021292929292929294,0.8111111111111111,3.5,175.11451002298722,0.98
0.021292929292929294,0.9,2.0,111.66218171867892,0.98
0.021292929292929294,0.9,2.5,139.57772714834866,0.98
0.021292929292929294,0.9,3.0,167.49327257801838,0.98
0.021292929292929294,0.9,3.5,195.4088180076881,0.98
0.02178787878787879,0.1,2.0,55.92577551735178,0.98
0.02178787878787879,0.1,2.5,69.90721939668973,0.98
0.02178787878787879,0.1,3.0,83.88866327602766,0.98
0.02178787878787879,0.1,3.5,97.8701071553656,0.98
0.02178787878787879,0.18888888888888888,2.0,59.28897332340165,0.98
0.02178787878787879,0.18888888888888888,2.5,74.11121665425206,0.98
0.02178787878787879,0.18888888888888888,3.0,88.93345998510246,0.98
0.02178787878787879,0.18888888888888888,3.5,103.75570331595287,0.98
0.02178787878787879,0.2777777777777778,2.0,63.082557155979536,0.98
0.02178787878787879,0.2777777777777778,2.5,78.85319644497442,0.98
0.02178787878787879,0.2777777777777778,3.0,94.6238357339693,0.98
0.02178787878787879,0.2777777777777778,3.5,110.39447502296417,0.98
0.02178787878787879,0.3666666666666667,2.0,67.39478869701888,0.98
0.02178787878787879,0.3666666666666667,2.5,84.2434858712736,0.98
0.02178787878787879,0.3666666666666667,3.0,101.09218304552833,0.98
0.02178787878787879,0.3666666666666667,3.5,117.94088021978307,0.98
0.02178787878787879,0.4555555555555556,2.0,72.33983418519786,0.98
0.02178787878787879,0.4555555555555556,2.5,90.42479273149733,0.98
0.02178787878787879,0.4555555555555556,3.0,108.5097512777968,0.98
0.02178787878787879,0.4555555555555556,3.5,126.59470982409626,0.98
0.02178787878787879,0.5444444444444445,2.0,78.06802059994182,0.98
0.02178787878787879,0.5444444444444445,2.5,97.58502574992728,0.98
0.02178787878787879,0.5444444444444445,3.0,117.10203089991273,0.98
0.02178787878787879,0.5444444444444445,3.5,136.6190360498982,0.98
0.02178787878787879,0.6333333333333333,2.0,84.78138365271548,0.98
0.02178787878787879,0.6333333333333333,2.5,105.97672956589435,0.98
0.02178787878787879,0.6333333333333333,3.0,127.17207547907321,0.98
0.02178787878787879,0.6333333333333333,3.5,148.36742139225208,0.98
0.02178787878787879,0.7222222222222222,2.0,92.75799272271105,0.98
0.02178787878787879,0.7222222222222222,2.5,115.94749090338883,0.98
0.02178787878787879,0.7222222222222222,3.0,139.13698908406658,0.98
0.02178787878787879,0.7222222222222222,3.5,162.32648726474437,0.98
0.02178787878787879,0.8111111111111111,2.0,102.39143348321589,0.98
0.02178787878787879,0.8111111111111111,2.5,127.98929185401987,0.98
0.02178787878787879,0.8111111111111111,3.0,153.58715022482383,0.98
0.02178787878787879,0.8111111111111111,3.5,179.1850085956278,0.98
0.02178787878787879,0.9,2.0,114.25774476621935,0.98
0.02178787878787879,0.9,2.5,142.82218095777418,0.98
0.02178787878787879,0.9,3.0,171.38661714932903,0.98
0.02178787878787879,0.9,3.5,199.95105334088387,0.98
0.022282828282828286,0.1,2.0,57.19622660699028,0.98
0.022282828282828286,0.1,2.5,71.49528325873784,0.98
0.022282828282828286,0.1,3.0,85.79433991048542,0.98
0.022282828282828286,0.1,3.5,100.093396562233,0.98
0.022282828282828286,0.18888888888888888,2.0,60.63582529041449,0.98
0.022282828282828286,0.18888888888888888,2.5,75.7947816130181,0.98
0.022282828282828286,0.18888888888888888,3.0,90.95373793562173,0.98
0.022282828282828286,0.18888888888888888,3.5,106.11269425822535,0.98
0.022282828282828286,0.2777777777777778,2.0,64.51558696619882,0.98
0.022282828282828286,0.2777777777777778,2.5,80.64448370774853,0.98
0.022282828282828286,0.2777777777777778,3.0,96.77338044929824,0.98
0.022282828282828286,0.2777777777777778,3.5,112.90227719084794,0.98
0.022282828282828286,0.3666666666666667,2.0,68.92577833362247,0.98
0.022282828282828286,0.3666666666666667,2.5,86.1572229170281,0.98
0.022282828282828286,0.3666666666666667,3.0,103.38866750043371,0.98
0.022282828282828286,0.3666666666666667,3.5,120.62011208383933,0.98
0.022282828282828286,0.4555555555555556,2.0,73.98315911569146,0.98
0.022282828282828286,0.4555555555555556,2.5,92.47894889461433,0.98
0.022282828282828286,0.4555555555555556,3.0,110.9747386735372,0.98
0.022282828282828286,0.4555555555555556,3.5,129.47052845246006,0.98
0.022282828282828286,0.5444444444444445,2.0,79.84147123016767,0.98
0.022282828282828286,0.5444444444444445,2.5,99.8018390377096,0.98
0.022282828282828286,0.5444444444444445,3.0,119.76220684525151,0.98
0.022282828282828286,0.5444444444444445,3.5,139.72257465279344,0.98
0.022282828282828286,0.6333333333333333,2.0,86.70733998047768,0.98
0.022282828282828286,0.6333333333333333,2.5,108.38417497559709,0.98
0.022282828282828286,0.6333333333333333,3.0,130.06100997071653,0.98
0.022282828282828286,0.6333333333333333,3.5,151.73784496583593,0.98
0.022282828282828286,0.7222222222222222,2.0,94.86515157454828,0.98
0.022282828282828286,0.7222222222222222,2.5,118.58143946818534,0.98
0.022282828282828286,0.7222222222222222,3.0,142.2977273618224,0.98
0.022282828282828286,0.7222222222222222,3.5,166.01401525545947,0.98
0.022282828282828286,0.8111111111111111,2.0,104.71743266758195,0.98
0.022282828282828286,0.8111111111111111,2.5,130.89679083447743,0.98
0.022282828282828286,0.8111111111111111,3.0,157.07614900137293,0.98
0.022282828282828286,0.8111111111111111,3.5,183.25550716826842,0.98
0.022282828282828286,0.9,2.0,116.85330781375983,0.98
0.022282828282828286,0.9,2.5,146.06663476719976,0.98
0.022282828282828286,0.9,3.0,175.2799617206397,0.98
0.022282828282828286,0.9,3.5,204.49328867407965,0.98
0.02277777777777778,0.1,2.0,58.46667769662877,0.98
0.02277777777777778,0.1,2.5,73.08334712078596,0.98
0.02277777777777778,0.1,3.0,87.70001654494315,0.98
0.02277777777777778,0.1,3.5,102.31668596910036,0.98
0.02277777777777778,0.18888888888888888,2.0,61.98267725742732,0.98
0.02277777777777778,0.18888888888888888,2.5,77.47834657178414,0.98
0.02277777777777778,0.18888888888888888,3.0,92.97401588614098,0.98
0.02277777777777778,0.18888888888888888,3.5,108.46968520049779,0.98
0.02277777777777778,0.2777777777777778,2.0,65.9486167764181,0.98
0.02277777777777778,0.2777777777777778,2.5,82.43577097052263,0.98
0.02277777777777778,0.2777777777777778,3.0,98.92292516462715,0.98
0.02277777777777778,0.2777777777777778,3.5,115.41007935873166,0.98
0.02277777777777778,0.3666666666666667,2.0,70.45676797022605,0.98
0.02277777777777778,0.3666666666666667,2.5,88.07095996278257,0.98
0.02277777777777778,0.3666666666666667,3.0,105.68515195533907,0.98
0.02277777777777778,0.3666666666666667,3.5,123.2993439478956,0.98
0.02277777777777778,0.4555555555555556,2.0,75.62648404618507,0.98
0.02277777777777778,0.4555555555555556,2.5,94.53310505773133,0.98
0.02277777777777778,0.4555555555555556,3.0,113.43972606927758,0.98
0.02277777777777778,0.4555555555555556,3.5,132.34634708082385,0.98
0.02277777777777778,0.5444444444444445,2.0,81.61492186039351,0.98
0.02277777777777778,0.5444444444444445,2.5,102.01865232549189,0.98
0.02277777777777778,0.5444444444444445,3.0,122.42238279059025,0.98
0.02277777777777778,0.5444444444444445,3.5,142.82611325568863,0.98
0.02277777777777778,0.6333333333333333,2.0,88.63329630823988,0.98
0.02277777777777778,0.6333333333333333,2.5,110.79162038529984,0.98
0.02277777777777778,0.6333333333333333,3.0,132.9499444623598,0.98
0.02277777777777778,0.6333333333333333,3.5,155.10826853941975,0.98
0.02277777777777778,0.7222222222222222,2.0,96.97231042638548,0.98
0.02277777777777778,0.7222222222222222,2.5,121.21538803298182,0.98
0.02277777777777778,0.7222222222222222,3.0,145.45846563957818,0.98
0.02277777777777778,0.7222222222222222,3.5,169.70154324617457,0.98
0.02277777777777778,0.8111111111111111,2.0,107.043431851948,0.98
0.02277777777777778,0.8111111111111111,2.5,133.804289814935,0.98
0.02277777777777778,0.8111111111111111,3.0,160.565147777922,0.98
0.02277777777777778,0.8111111111111111,3.5,187.32600574090898,0.98
0.02277777777777778,0.9,2.0,119.44887086130025,0.98
0.02277777777777778,0.9,2.5,149.3110885766253,0.98
0.02277777777777778,0.9,3.0,179.17330629195035,0.98
0.02277777777777778,0.9,3.5,209.03552400727543,0.98
0.023272727272727275,0.1,2.0,59.73712878626727,0.98
0.023272727272727275,0.1,2.5,74.67141098283409,0.98
0.023272727272727275,0.1,3.0,89.60569317940089,0.98
0.023272727272727275,0.1,3.5,104.5399753759677,0.98
0.023272727272727275,0.18888888888888888,2.0,63.329529224440144,0.98
0.023272727272727275,0.18888888888888888,2.5,79.16191153055019,0.98
0.023272727272727275,0.18888888888888888,3.0,94.99429383666022,0.98
0.023272727272727275,0.18888888888888888,3.5,110.82667614277024,0.98
0.023272727272727275,0.2777777777777778,2.0,67.38164658663739,0.98
0.023272727272727275,0.2777777777777778,2.5,84.22705823329673,0.98
0.023272727272727275,0.2777777777777778,3.0,101.07246987995607,0.98
0.023272727272727275,0.2777777777777778,3.5,117.91788152661542,0.98
0.023272727272727275,0.3666666666666667,2.0,71.98775760682963,0.98
0.023272727272727275,0.3666666666666667,2.5,89.98469700853705,0.98
0.023272727272727275,0.3666666666666667,3.0,107.98163641024445,0.98
0.023272727272727275,0.3666666666666667,3.5,125.97857581195184,0.98
0.023272727272727275,0.4555555555555556,2.0,77.26980897667866,0.98
0.023272727272727275,0.4555555555555556,2.5,96.58726122084833,0.98
0.023272727272727275,0.4555555555555556,3.0,115.90471346501799,0.98
0.023272727272727275,0.4555555555555556,3.5,135.22216570918764,0.98
0.023272727272727275,0.5444444444444445,2.0,83.38837249061935,0.98
0.023272727272727275,0.5444444444444445,2.5,104.2354656132742,0.98
0.023272727272727275,0.5444444444444445,3.0,125.08255873592901,0.98
0.023272727272727275,0.5444444444444445,3.5,145.92965185858387,0.98
0.023272727272727275,0.6333333333333333,2.0,90.55925263600206,0.98
0.023272727272727275,0.6333333333333333,2.5,113.19906579500258,0.98
0.023272727272727275,0.6333333333333333,3.0,135.8388789540031,0.98
0.023272727272727275,0.6333333333333333,3.5,158.4786921130036,0.98
0.023272727272727275,0.7222222222222222,2.0,99.07946927822265,0.98
0.023272727272727275,0.7222222222222222,2.5,123.84933659777833,0.98
0.023272727272727275,0.7222222222222222,3.0,148.61920391733398,0.98
0.023272727272727275,0.7222222222222222,3.5,173.38907123688966,0.98
0.023272727272727275,0.8111111111111111,2.0,109.36943103631404,0.98
0.023272727272727275,0.8111111111111111,2.5,136.71178879539255,0.98
0.023272727272727275,0.8111111111111111,3.0,164.05414655447106,0.98
0.023272727272727275,0.8111111111111111,3.5,191.39650431354957,0.98
0.023272727272727275,0.9,2.0,122.0444339088407,0.98
0.023272727272727275,0.9,2.5,152.5555423860509,0.98
0.023272727272727275,0.9,3.0,183.06665086326106,0.98
0.023272727272727275,0.9,3.5,213.5777593404712,0.98
0.02376767676767677,0.1,2.0,61.00757987590577,0.98
0.02376767676767677,0.1,2.5,76.2594748448822,0.98
0.02376767676767677,0.1,3.0,91.51136981385865,0.98
0.02376767676767677,0.1,3.5,106.7632647828351,0.98
0.02376767676767677,0.18888888888888888,2.0,64.67638119145299,0.98
0.02376767676767677,0.18888888888888888,2.5,80.84547648931623,0.98
0.02376767676767677,0.18888888888888888,3.0,97.01457178717946,0.98
0.02376767676767677,0.18888888888888888,3.5,113.18366708504271,0.98
0.02376767676767677,0.2777777777777778,2.0,68.81467639685668,0.98
0.02376767676767677,0.2777777777777778,2.5,86.01834549607084,0.98
0.02376767676767677,0.2777777777777778,3.0,103.22201459528499,0.98
0.02376767676767677,0.2777777777777778,3.5,120.42568369449917,0.98
0.02376767676767677,0.3666666666666667,2.0,73.51874724343322,0.98
0.02376767676767677,0.3666666666666667,2.5,91.89843405429154,0.98
0.02376767676767677,0.3666666666666667,3.0,110.27812086514983,0.98
0.02376767676767677,0.3666666666666667,3.5,128.65780767600813,0.98
0.02376767676767677,0.4555555555555556,2.0,78.91313390717227,0.98
0.02376767676767677,0.4555555555555556,2.5,98.64141738396535,0.98
0.02376767676767677,0.4555555555555556,3.0,118.36970086075839,0.98
0.02376767676767677,0.4555555555555556,3.5,138.09798433755148,0.98
0.02376767676767677,0.5444444444444445,2.0,85.1618231208452,0.98
0.02376767676767677,0.5444444444444445,2.5,106.45227890105652,0.98
0.02376767676767677,0.5444444444444445,3.0,127.74273468126779,0.98
0.02376767676767677,0.5444444444444445,3.5,149.0331904614791,0.98
0.02376767676767677,0.6333333333333333,2.0,92.48520896376426,0.98
0.02376767676767677,0.6333333333333333,2.5,115.60651120470534,0.98
0.02376767676767677,0.6333333333333333,3.0,138.72781344564638,0.98
0.02376767676767677,0.6333333333333333,3.5,161.84911568658745,0.98
0.02376767676767677,0.7222222222222222,2.0,101.18662813005987,0.98
0.02376767676767677,0.7222222222222222,2.5,126.48328516257483,0.98
0.02376767676767677,0.7222222222222222,3.0,151.77994219508977,0.98
0.02376767676767677,0.7222222222222222,3.5,177.07659922760476,0.98
0.02376767676767677,0.8111111111111111,2.0,111.69543022068011,0.98
0.02376767676767677,0.8111111111111111,2.5,139.61928777585015,0.98
0.02376767676767677,0.8111111111111111,3.0,167.54314533102016,0.98
0.02376767676767677,0.8111111111111111,3.5,195.46700288619016,0.98
0.02376767676767677,0.9,2.0,124.63999695638115,0.98
0.02376767676767677,0.9,2.5,155.79999619547644,0.98
0.02376767676767677,0.9,3.0,186.95999543457174,0.98
0.02376767676767677,0.9,3.5,218.11999467366704,0.98
0.024262626262626263,0.1,2.0,62.27803096554427,0.98
0.024262626262626263,0.1,2.5,77.84753870693032,0.98
0.024262626262626263,0.1,3.0,93.4170464483164,0.98
0.024262626262626263,0.1,3.5,108.98655418970246,0.98
0.024262626262626263,0.18888888888888888,2.0,66.02323315846581,0.98
0.024262626262626263,0.18888888888888888,2.5,82.52904144808225,0.98
0.024262626262626263,0.18888888888888888,3.0,99.03484973769872,0.98
0.024262626262626263,0.18888888888888888,3.5,115.54065802731516,0.98
0.024262626262626263,0.2777777777777778,2.0,70.24770620707595,0.98
0.024262626262626263,0.2777777777777778,2.5,87.80963275884494,0.98
0.024262626262626263,0.2777777777777778,3.0,105.37155931061393,0.98
0.024262626262626263,0.2777777777777778,3.5,122.93348586238291,0.98
0.024262626262626263,0.3666666666666667,2.0,75.0497368800368,0.98
0.024262626262626263,0.3666666666666667,2.5,93.81217110004599,0.98
0.024262626262626263,0.3666666666666667,3.0,112.5746053200552,0.98
0.024262626262626263,0.3666666666666667,3.5,131.33703954006438,0.98
0.024262626262626263,0.4555555555555556,2.0,80.55645883766586,0.98
0.024262626262626263,0.4555555555555556,2.5,100.69557354708233,0.98
0.024262626262626263,0.4555555555555556,3.0,120.8346882564988,0.98
0.024262626262626263,0.4555555555555556,3.5,140.97380296591527,0.98
0.024262626262626263,0.5444444444444445,2.0,86.93527375107105,0.98
0.024262626262626263,0.5444444444444445,2.5,108.6690921888388,0.98
0.024262626262626263,0.5444444444444445,3.0,130.40291062660657,0.98
0.024262626262626263,0.5444444444444445,3.5,152.13672906437432,0.98
0.024262626262626263,0.6333333333333333,2.0,94.41116529152646,0.98
0.024262626262626263,0.6333333333333333,2.5,118.01395661440807,0.98
0.024262626262626263,0.6333333333333333,3.0,141.6167479372897,0.98
0.024262626262626263,0.6333333333333333,3.5,165.2195392601713,0.98
0.024262626262626263,0.7222222222222222,2.0,103.29378698189707,0.98
0.024262626262626263,0.7222222222222222,2.5,129.1172337273713,0.98
0.024262626262626263,0.7222222222222222,3.0,154.9406804728456,0.98
0.024262626262626263,0.7222222222222222,3.5,180.76412721831983,0.98
0.024262626262626263,0.8111111111111111,2.0,114.02142940504616,0.98
0.024262626262626263,0.8111111111111111,2.5,142.5267867563077,0.98
0.024262626262626263,0.8111111111111111,3.0,171.03214410756925,0.98
0.024262626262626263,0.8111111111111111,3.5,199.53750145883077,0.98
0.024262626262626263,0.9,2.0,127.2355600039216,0.98
0.024262626262626263,0.9,2.5,159.04445000490202,0.98
0.024262626262626263,0.9,3.0,190.85334000588242,0.98
0.024262626262626263,0.9,3.5,222.6622300068628,0.98
0.02475757575757576,0.1,2.0,63.54848205518275,0.98
0.02475757575757576,0.1,2.5,79.43560256897844,0.98
0.02475757575757576,0.1,3.0,95.32272308277413,0.98
0.02475757575757576,0.1,3.5,111.20984359656983,0.98
0.02475757575757576,0.18888888888888888,2.0,67.37008512547864,0.98
0.02475757575757576,0.18888888888888888,2.5,84.2126064068483,0.98
0.02475757575757576,0.18888888888888888,3.0,101.05512768821796,0.98
0.02475757575757576,0.18888888888888888,3.5,117.89764896958764,0.98
0.02475757575757576,0.2777777777777778,2.0,71.68073601729525,0.98
0.02475757575757576,0.2777777777777778,2.5,89.60092002161905,0.98
0.02475757575757576,0.2777777777777778,3.0,107.52110402594286,0.98
0.02475757575757576,0.2777777777777778,3.5,125.44128803026668,0.98
0.02475757575757576,0.3666666666666667,2.0,76.58072651664038,0.98
0.02475757575757576,0.3666666666666667,2.5,95.72590814580046,0.98
0.02475757575757576,0.3666666666666667,3.0,114.87108977496057,0.98
0.02475757575757576,0.3666666666666667,3.5,134.01627140412066,0.98
0.02475757575757576,0.4555555555555556,2.0,82.19978376815946,0.98
0.02475757575757576,0.4555555555555556,2.5,102.7497297101993,0.98
0.02475757575757576,0.4555555555555556,3.0,123.2996756522392,0.98
0.02475757575757576,0.4555555555555556,3.5,143.84962159427906,0.98
0.02475757575757576,0.5444444444444445,2.0,88.70872438129688,0.98
0.02475757575757576,0.5444444444444445,2.5,110.88590547662109,0.98
0.02475757575757576,0.5444444444444445,3.0,133.06308657194532,0.98
0.02475757575757576,0.5444444444444445,3.5,155.24026766726956,0.98
0.02475757575757576,0.6333333333333333,2.0,96.33712161928865,0.98
0.02475757575757576,0.6333333333333333,2.5,120.4214020241108,0.98
0.02475757575757576,0.6333333333333333,3.0,144.50568242893297,0.98
0.02475757575757576,0.6333333333333333,3.5,168.58996283375515,0.98
0.02475757575757576,0.7222222222222222,2.0,105.40094583373427,0.98
0.02475757575757576,0.7222222222222222,2.5,131.7511822921678,0.98
0.02475757575757576,0.7222222222222222,3.0,158.1014187506014,0.98
0.02475757575757576,0.7222222222222222,3.5,184.45165520903495,0.98
0.02475757575757576,0.8111111111111111,2.0,116.34742858941222,0.98
0.02475757575757576,0.8111111111111111,2.5,145.43428573676525,0.98
0.02475757575757576,0.8111111111111111,3.0,174.5211428841183,0.98
0.02475757575757576,0.8111111111111111,3.5,203.6080000314714,0.98
0.02475757575757576,0.9,2.0,129.83112305146204,0.98
0.02475757575757576,0.9,2.5,162.28890381432754,0.98
0.02475757575757576,0.9,3.0,194.74668457719307,0.98
0.02475757575757576,0.9,3.5,227.2044653400586,0.98
0.025252525252525256,0.1,2.0,64.81893314482126,0.98
0.025252525252525256,0.1,2.5,81.02366643102657,0.98
0.025252525252525256,0.1,3.0,97.22839971723188,0.98
0.025252525252525256,0.1,3.5,113.4331330034372,0.98
0.025252525252525256,0.18888888888888888,2.0,68.71693709249148,0.98
0.025252525252525256,0.18888888888888888,2.5,85.89617136561435,0.98
0.025252525252525256,0.18888888888888888,3.0,103.07540563873722,0.98
0.025252525252525256,0.18888888888888888,3.5,120.25463991186011,0.98
0.025252525252525256,0.2777777777777778,2.0,73.11376582751453,0.98
0.025252525252525256,0.2777777777777778,2.5,91.39220728439314,0.98
0.025252525252525256,0.2777777777777778,3.0,109.67064874127179,0.98
0.025252525252525256,0.2777777777777778,3.5,127.94909019815043,0.98
0.025252525252525256,0.3666666666666667,2.0,78.11171615324396,0.98
0.025252525252525256,0.3666666666666667,2.5,97.63964519155495,0.98
0.025252525252525256,0.3666666666666667,3.0,117.16757422986593,0.98
0.025252525252525256,0.3666666666666667,3.5,136.69550326817694,0.98
0.025252525252525256,0.4555555555555556,2.0,83.84310869865307,0.98
0.025252525252525256,0.4555555555555556,2.5,104.80388587331633,0.98
0.025252525252525256,0.4555555555555556,3.0,125.7646630479796,0.98
0.025252525252525256,0.4555555555555556,3.5,146.72544022264287,0.98
0.025252525252525256,0.5444444444444445,2.0,90.48217501152273,0.98
0.025252525252525256,0.5444444444444445,2.5,113.1027187644034,0.98
0.025252525252525256,0.5444444444444445,3.0,135.7232625172841,0.98
0.025252525252525256,0.5444444444444445,3.5,158.3438062701648,0.98
0.025252525252525256,0.6333333333333333,2.0,98.26307794705086,0.98
0.025252525252525256,0.6333333333333333,2.5,122.82884743381356,0.98
0.025252525252525256,0.6333333333333333,3.0,147.39461692057628,0.98
0.025252525252525256,0.6333333333333333,3.5,171.960386407339,0.98
0.025252525252525256,0.7222222222222222,2.0,107.50810468557147,0.98
0.025252525252525256,0.7222222222222222,2.5,134.3851308569643,0.98
0.025252525252525256,0.7222222222222222,3.0,161.26215702835722,0.98
0.025252525252525256,0.7222222222222222,3.5,188.13918319975008,0.98
0.025252525252525256,0.8111111111111111,2.0,118.67342777377827,0.98
0.025252525252525256,0.8111111111111111,2.5,148.34178471722282,0.98
0.025252525252525256,0.8111111111111111,3.0,178.01014166066741,0.98
0.025252525252525256,0.8111111111111111,3.5,207.67849860411198,0.98
0.025252525252525256,0.9,2.0,132.42668609900252,0.98
0.025252525252525256,0.9,2.5,165.53335762375312,0.98
0.025252525252525256,0.9,3.0,198.64002914850377,0.98
0.025252525252525256,0.9,3.5,231.7467006732544,0.98
0.025747474747474748,0.1,2.0,66.08938423445976,0.98
0.025747474747474748,0.1,2.5,82.61173029307469,0.98
0.025747474747474748,0.1,3.0,99.13407635168961,0.98
0.025747474747474748,0.1,3.5,115.65642241030457,0.98
0.025747474747474748,0.18888888888888888,2.0,70.06378905950432,0.98
0.025747474747474748,0.18888888888888888,2.5,87.57973632438039,0.98
0.025747474747474748,0.18888888888888888,3.0,105.09568358925645,0.98
0.025747474747474748,0.18888888888888888,3.5,122.61163085413256,0.98
0.025747474747474748,0.2777777777777778,2.0,74.54679563773381,0.98
0.025747474747474748,0.2777777777777778,2.5,93.18349454716726,0.98
0.025747474747474748,0.2777777777777778,3.0,111.8201934566007,0.98
0.025747474747474748,0.2777777777777778,3.5,130.45689236603417,0.98
0.025747474747474748,0.3666666666666667,2.0,79.64270578984754,0.98
0.025747474747474748,0.3666666666666667,2.5,99.55338223730944,0.98
0.025747474747474748,0.3666666666666667,3.0,119.46405868477132,0.98
0.025747474747474748,0.3666666666666667,3.5,139.3747351322332,0.98
0.025747474747474748,0.4555555555555556,2.0,85.48643362914667,0.98
0.025747474747474748,0.4555555555555556,2.5,106.85804203643333,0.98
0.025747474747474748,0.4555555555555556,3.0,128.22965044371998,0.98
0.025747474747474748,0.4555555555555556,3.5,149.60125885100666,0.98
0.025747474747474748,0.5444444444444445,2.0,92.25562564174858,0.98
0.025747474747474748,0.5444444444444445,2.5,115.31953205218572,0.98
0.025747474747474748,0.5444444444444445,3.0,138.38343846262288,0.98
0.025747474747474748,0.5444444444444445,3.5,161.44734487306002,0.98
0.025747474747474748,0.6333333333333333,2.0,100.18903427481304,0.98
0.025747474747474748,0.6333333333333333,2.5,125.23629284351631,0.98
0.025747474747474748,0.6333333333333333,3.0,150.28355141221957,0.98
0.025747474747474748,0.6333333333333333,3.5,175.33080998092285,0.98
0.025747474747474748,0.7222222222222222,2.0,109.61526353740867,0.98
0.025747474747474748,0.7222222222222222,2.5,137.01907942176084,0.98
0.025747474747474748,0.7222222222222222,3.0,164.422895306113,0.98
0.025747474747474748,0.7222222222222222,3.5,191.82671119046518,0.98
0.025747474747474748,0.8111111111111111,2.0,120.99942695814433,0.98
0.025747474747474748,0.8111111111111111,2.5,151.2492836976804,0.98
0.025747474747474748,0.8111111111111111,3.0,181.49914043721648,0.98
0.025747474747474748,0.8111111111111111,3.5,211.74899717675257,0.98
0.025747474747474748,0.9,2.0,135.02224914654295,0.98
0.025747474747474748,0.9,2.5,168.7778114331787,0.98
0.025747474747474748,0.9,3.0,202.53337371981442,0.98
0.025747474747474748,0.9,3.5,236.28893600645017,0.98
0.026242424242424244,0.1,2.0,67.35983532409824,0.98
0.026242424242424244,0.1,2.5,84.1997941551228,0.98
0.026242424242424244,0.1,3.0,101.03975298614738,0.98
0.026242424242424244,0.1,3.5,117.87971181717194,0.98
0.026242424242424244,0.18888888888888888,2.0,71.41064102651714,0.98
0.026242424242424244,0.18888888888888888,2.5,89.26330128314642,0.98
0.026242424242424244,0.18888888888888888,3.0,107.11596153977571,0.98
0.026242424242424244,0.18888888888888888,3.5,124.96862179640499,0.98
0.026242424242424244,0.2777777777777778,2.0,75.97982544795309,0.98
0.026242424242424244,0.2777777777777778,2.5,94.97478180994136,0.98
0.026242424242424244,0.2777777777777778,3.0,113.96973817192963,0.98
0.026242424242424244,0.2777777777777778,3.5,132.9646945339179,0.98
0.026242424242424244,0.3666666666666667,2.0,81.17369542645112,0.98
0.026242424242424244,0.3666666666666667,2.5,101.4671192830639,0.98
0.026242424242424244,0.3666666666666667,3.0,121.7605431396767,0.98
0.026242424242424244,0.3666666666666667,3.5,142.05396699628946,0.98
0.026242424242424244,0.4555555555555556,2.0,87.12975855964027,0.98
0.026242424242424244,0.4555555555555556,2.5,108.91219819955033,0.98
0.026242424242424244,0.4555555555555556,3.0,130.6946378394604,0.98
0.026242424242424244,0.4555555555555556,3.5,152.47707747937045,0.98
0.026242424242424244,0.5444444444444445,2.0,94.02907627197442,0.98
0.026242424242424244,0.5444444444444445,2.5,117.53634533996802,0.98
0.026242424242424244,0.5444444444444445,3.0,141.04361440796166,0.98
0.026242424242424244,0.5444444444444445,3.5,164.55088347595526,0.98
0.026242424242424244,0.6333333333333333,2.0,102.11499060257523,0.98
0.026242424242424244,0.6333333333333333,2.5,127.64373825321904,0.98
0.026242424242424244,0.6333333333333333,3.0,153.17248590386288,0.98
0.026242424242424244,0.6333333333333333,3.5,178.70123355450667,0.98
0.026242424242424244,0.7222222222222222,2.0,111.72242238924586,0.98
0.026242424242424244,0.7222222222222222,2.5,139.6530279865573,0.98
0.026242424242424244,0.7222222222222222,3.0,167.58363358386882,0.98
0.026242424242424244,0.7222222222222222,3.5,195.51423918118027,0.98
0.026242424242424244,0.8111111111111111,2.0,123.32542614251037,0.98
0.026242424242424244,0.8111111111111111,2.5,154.15678267813794,0.98
0.026242424242424244,0.8111111111111111,3.0,184.98813921376555,0.98
0.026242424242424244,0.8111111111111111,3.5,215.81949574939316,0.98
0.026242424242424244,0.9,2.0,137.6178121940834,0.98
0.026242424242424244,0.9,2.5,172.02226524260425,0.98
0.026242424242424244,0.9,3.0,206.4267182911251,0.98
0.026242424242424244,0.9,3.5,240.83117133964595,0.98
0.02673737373737374,0.1,2.0,68.63028641373674,0.98
0.02673737373737374,0.1,2.5,85.78785801717093,0.98
0.02673737373737374,0.1,3.0,102.94542962060513,0.98
0.02673737373737374,0.1,3.5,120.1030012240393,0.98
0.02673737373737374,0.18888888888888888,2.0,72.75749299352998,0.98
0.02673737373737374,0.18888888888888888,2.5,90.94686624191246,0.98
0.02673737373737374,0.18888888888888888,3.0,109.13623949029498,0.98
0.02673737373737374,0.18888888888888888,3.5,127.32561273867746,0.98
0.02673737373737374,0.2777777777777778,2.0,77.41285525817237,0.98
0.02673737373737374,0.2777777777777778,2.5,96.76606907271547,0.98
0.02673737373737374,0.2777777777777778,3.0,116.11928288725858,0.98
0.02673737373737374,0.2777777777777778,3.5,135.47249670180167,0.98
0.02673737373737374,0.3666666666666667,2.0,82.70468506305471,0.98
0.02673737373737374,0.3666666666666667,2.5,103.38085632881838,0.98
0.02673737373737374,0.3666666666666667,3.0,124.05702759458207,0.98
0.02673737373737374,0.3666666666666667,3.5,144.73319886034574,0.98
0.02673737373737374,0.4555555555555556,2.0,88.77308349013386,0.98
0.02673737373737374,0.4555555555555556,2.5,110.96635436266733,0.98
0.02673737373737374,0.4555555555555556,3.0,133.15962523520082,0.98
0.02673737373737374,0.4555555555555556,3.5,155.35289610773427,0.98
0.02673737373737374,0.5444444444444445,2.0,95.80252690220027,0.98
0.02673737373737374,0.5444444444444445,2.5,119.75315862775034,0.98
0.02673737373737374,0.5444444444444445,3.0,143.70379035330043,0.98
0.02673737373737374,0.5444444444444445,3.5,167.6544220788505,0.98
0.02673737373737374,0.6333333333333333,2.0,104.04094693033744,0.98
0.02673737373737374,0.6333333333333333,2.5,130.0511836629218,0.98
0.02673737373737374,0.6333333333333333,3.0,156.0614203955062,0.98
0.02673737373737374,0.6333333333333333,3.5,182.07165712809055,0.98
0.02673737373737374,0.7222222222222222,2.0,113.82958124108308,0.98
0.02673737373737374,0.7222222222222222,2.5,142.28697655135383,0.98
0.02673737373737374,0.7222222222222222,3.0,170.74437186162461,0.98
0.02673737373737374,0.7222222222222222,3.5,199.2017671718954,0.98
0.02673737373737374,0.8111111111111111,2.0,125.65142532687643,0.98
0.02673737373737374,0.8111111111111111,2.5,157.06428165859555,0.98
0.02673737373737374,0.8111111111111111,3.0,188.47713799031465,0.98
0.02673737373737374,0.8111111111111111,3.5,219.88999432203377,0.98
0.02673737373737374,0.9,2.0,140.21337524162385,0.98
0.02673737373737374,0.9,2.5,175.2667190520298,0.98
0.02673737373737374,0.9,3.0,210.32006286243578,0.98
0.02673737373737374,0.9,3.5,245.37340667284175,0.98
0.027232323232323233,0.1,2.0,69.90073750337523,0.98
0.027232323232323233,0.1,2.5,87.37592187921904,0.98
0.027232323232323233,0.1,3.0,104.85110625506285,0.98
0.027232323232323233,0.1,3.5,122.32629063090666,0.98
0.027232323232323233,0.18888888888888888,2.0,74.1043449605428,0.98
0.027232323232323233,0.18888888888888888,2.5,92.6304312006785,0.98
0.027232323232323233,0.18888888888888888,3.0,111.1565174408142,0.98
0.027232323232323233,0.18888888888888888,3.5,129.68260368094988,0.98
0.027232323232323233,0.2777777777777778,2.0,78.84588506839165,0.98
0.027232323232323233,0.2777777777777778,2.5,98.55735633548956,0.98
0.027232323232323233,0.2777777777777778,3.0,118.26882760258748,0.98
0.027232323232323233,0.2777777777777778,3.5,137.98029886968538,0.98
0.027232323232323233,0.3666666666666667,2.0,84.23567469965828,0.98
0.027232323232323233,0.3666666666666667,2.5,105.29459337457284,0.98
0.027232323232323233,0.3666666666666667,3.0,126.3535120494874,0.98
0.027232323232323233,0.3666666666666667,3.5,147.412430724402,0.98
0.027232323232323233,0.4555555555555556,2.0,90.41640842062746,0.98
0.027232323232323233,0.4555555555555556,2.5,113.0205105257843,0.98
0.027232323232323233,0.4555555555555556,3.0,135.6246126309412,0.98
0.027232323232323233,0.4555555555555556,3.5,158.22871473609806,0.98
0.027232323232323233,0.5444444444444445,2.0,97.57597753242611,0.98
0.027232323232323233,0.5444444444444445,2.5,121.96997191553264,0.98
0.027232323232323233,0.5444444444444445,3.0,146.36396629863916,0.98
0.027232323232323233,0.5444444444444445,3.5,170.7579606817457,0.98
0.027232323232323233,0.6333333333333333,2.0,105.96690325809963,0.98
0.027232323232323233,0.6333333333333333,2.5,132.45862907262452,0.98
0.027232323232323233,0.6333333333333333,3.0,158.95035488714944,0.98
0.027232323232323233,0.6333333333333333,3.5,185.44208070167437,0.98
0.027232323232323233,0.7222222222222222,2.0,115.93674009292026,0.98
0.027232323232323233,0.7222222222222222,2.5,144.9209251161503,0.98
0.027232323232323233,0.7222222222222222,3.0,173.90511013938035,0.98
0.027232323232323233,0.7222222222222222,3.5,202.88929516261044,0.98
0.027232323232323233,0.8111111111111111,2.0,127.97742451124248,0.98
0.027232323232323233,0.8111111111111111,2.5,159.9717806390531,0.98
0.027232323232323233,0.8111111111111111,3.0,191.96613676686368,0.98
0.027232323232323233,0.8111111111111111,3.5,223.9604928946743,0.98
0.027232323232323233,0.9,2.0,142.80893828916427,0.98
0.027232323232323233,0.9,2.5,178.51117286145532,0.98
0.027232323232323233,0.9,3.0,214.21340743374643,0.98
0.027232323232323233,0.9,3.5,249.9156420060375,0.98
0.02772727272727273,0.1,2.0,71.17118859301372,0.98
0.02772727272727273,0.1,2.5,88.96398574126717,0.98
0.02772727272727273,0.1,3.0,106.7567828895206,0.98
0.02772727272727273,0.1,3.5,124.54958003777404,0.98
0.02772727272727273,0.18888888888888888,2.0,75.45119692755564,0.98
0.02772727272727273,0.18888888888888888,2.5,94.31399615944456,0.98
0.02772727272727273,0.18888888888888888,3.0,113.17679539133344,0.98
0.02772727272727273,0.18888888888888888,3.5,132.03959462322237,0.98
0.02772727272727273,0.2777777777777778,2.0,80.27891487861093,0.98
0.02772727272727273,0.2777777777777778,2.5,100.34864359826368,0.98
0.02772727272727273,0.2777777777777778,3.0,120.41837231791641,0.98
0.02772727272727273,0.2777777777777778,3.5,140.48810103756915,0.98
0.02772727272727273,0.3666666666666667,2.0,85.76666433626185,0.98
0.02772727272727273,0.3666666666666667,2.5,107.20833042032733,0.98
0.02772727272727273,0.3666666666666667,3.0,128.6499965043928,0.98
0.02772727272727273,0.3666666666666667,3.5,150.09166258845826,0.98
0.02772727272727273,0.4555555555555556,2.0,92.05973335112105,0.98
0.02772727272727273,0.4555555555555556,2.5,115.07466668890133,0.98
0.02772727272727273,0.4555555555555556,3.0,138.08960002668158,0.98
0.02772727272727273,0.4555555555555556,3.5,161.10453336446184,0.98
0.02772727272727273,0.5444444444444445,2.0,99.34942816265196,0.98
0.02772727272727273,0.5444444444444445,2.5,124.18678520331495,0.98
0.02772727272727273,0.5444444444444445,3.0,149.02414224397793,0.98
0.02772727272727273,0.5444444444444445,3.5,173.86149928464093,0.98
0.02772727272727273,0.6333333333333333,2.0,107.89285958586184,0.98
0.02772727272727273,0.6333333333333333,2.5,134.8660744823273,0.98
0.02772727272727273,0.6333333333333333,3.0,161.83928937879276,0.98
0.02772727272727273,0.6333333333333333,3.5,188.8125042752582,0.98
0.02772727272727273,0.7222222222222222,2.0,118.04389894475746,0.98
0.02772727272727273,0.7222222222222222,2.5,147.55487368094683,0.98
0.02772727272727273,0.7222222222222222,3.0,177.06584841713618,0.98
0.02772727272727273,0.7222222222222222,3.5,206.57682315332556,0.98
0.02772727272727273,0.8111111111111111,2.0,130.30342369560853,0.98
0.02772727272727273,0.8111111111111111,2.5,162.87927961951067,0.98
0.02772727272727273,0.8111111111111111,3.0,195.45513554341278,0.98
0.02772727272727273,0.8111111111111111,3.5,228.03099146731492,0.98
0.02772727272727273,0.9,2.0,145.40450133670473,0.98
0.02772727272727273,0.9,2.5,181.75562667088093,0.98
0.02772727272727273,0.9,3.0,218.10675200505713,0.98
0.02772727272727273,0.9,3.5,254.45787733923328,0.98
0.028222222222222225,0.1,2.0,72.44163968265224,0.98
0.028222222222222225,0.1,2.5,90.5520496033153,0.98
0.028222222222222225,0.1,3.0,108.66245952397834,0.98
0.028222222222222225,0.1,3.5,126.7728694446414,0.98
0.028222222222222225,0.18888888888888888,2.0,76.79804889456848,0.98
0.028222222222222225,0.18888888888888888,2.5,95.99756111821058,0.98
0.028222222222222225,0.18888888888888888,3.0,115.19707334185271,0.98
0.028222222222222225,0.18888888888888888,3.5,134.39658556549483,0.98
0.028222222222222225,0.2777777777777778,2.0,81.71194468883023,0.98
0.028222222222222225,0.2777777777777778,2.5,102.13993086103778,0.98
0.028222222222222225,0.2777777777777778,3.0,122.56791703324535,0.98
0.028222222222222225,0.2777777777777778,3.5,142.9959032054529,0.98
0.028222222222222225,0.3666666666666667,2.0,87.29765397286546,0.98
0.028222222222222225,0.3666666666666667,2.5,109.12206746608182,0.98
0.028222222222222225,0.3666666666666667,3.0,130.94648095929819,0.98
0.028222222222222225,0.3666666666666667,3.5,152.77089445251454,0.98
0.028222222222222225,0.4555555555555556,2.0,93.70305828161467,0.98
0.028222222222222225,0.4555555555555556,2.5,117.12882285201833,0.98
0.028222222222222225,0.4555555555555556,3.0,140.554587422422,0.98
0.028222222222222225,0.4555555555555556,3.5,163.98035199282566,0.98
0.028222222222222225,0.5444444444444445,2.0,101.12287879287781,0.98
0.028222222222222225,0.5444444444444445,2.5,126.40359849109727,0.98
0.028222222222222225,0.5444444444444445,3.0,151.6843181893167,0.98
0.028222222222222225,0.5444444444444445,3.5,176.96503788753617,0.98
0.028222222222222225,0.6333333333333333,2.0,109.81881591362402,0.98
0.028222222222222225,0.6333333333333333,2.5,137.27351989203004,0.98
0.028222222222222225,0.6333333333333333,3.0,164.72822387043604,0.98
0.028222222222222225,0.6333333333333333,3.5,192.18292784884204,0.98
0.028222222222222225,0.7222222222222222,2.0,120.15105779659467,0.98
0.028222222222222225,0.7222222222222222,2.5,150.18882224574335,0.98
0.028222222222222225,0.7222222222222222,3.0,180.226586694892,0.98
0.028222222222222225,0.7222222222222222,3.5,210.2643511440407,0.98
0.028222222222222225,0.8111111111111111,2.0,132.62942287997458,0.98
0.028222222222222225,0.8111111111111111,2.5,165.78677859996824,0.98
0.028222222222222225,0.8111111111111111,3.0,198.9441343199619,0.98
0.028222222222222225,0.8111111111111111,3.5,232.1014900399555,0.98
0.028222222222222225,0.9,2.0,148.00006438424518,0.98
0.028222222222222225,0.9,2.5,185.00008048030648,0.98
0.028222222222222225,0.9,3.0,222.0000965763678,0.98
0.028222222222222225,0.9,3.5,259.0001126724291,0.98
0.028717171717171718,0.1,2.0,73.71209077229072,0.98
0.028717171717171718,0.1,2.5,92.14011346536341,0.98
0.028717171717171718,0.1,3.0,110.56813615843608,0.98
0.028717171717171718,0.1,3.5,128.99615885150874,0.98
0.028717171717171718,0.18888888888888888,2.0,78.14490086158129,0.98
0.028717171717171718,0.18888888888888888,2.5,97.68112607697662,0.98
0.028717171717171718,0.18888888888888888,3.0,117.21735129237193,0.98
0.028717171717171718,0.18888888888888888,3.5,136.75357650776726,0.98
0.028717171717171718,0.2777777777777778,2.0,83.1449744990495,0.98
0.028717171717171718,0.2777777777777778,2.5,103.93121812381189,0.98
0.028717171717171718,0.2777777777777778,3.0,124.71746174857425,0.98
0.028717171717171718,0.2777777777777778,3.5,145.50370537333663,0.98
0.028717171717171718,0.3666666666666667,2.0,88.82864360946901,0.98
0.028717171717171718,0.3666666666666667,2.5,111.03580451183628,0.98
0.028717171717171718,0.3666666666666667,3.0,133.24296541420352,0.98
0.028717171717171718,0.3666666666666667,3.5,155.4501263165708,0.98
0.028717171717171718,0.4555555555555556,2.0,95.34638321210825,0.98
0.028717171717171718,0.4555555555555556,2.5,119.18297901513533,0.98
0.028717171717171718,0.4555555555555556,3.0,143.01957481816237,0.98
0.028717171717171718,0.4555555555555556,3.5,166.85617062118942,0.98
0.028717171717171718,0.5444444444444445,2.0,102.89632942310364,0.98
0.028717171717171718,0.5444444444444445,2.5,128.62041177887957,0.98
0.028717171717171718,0.5444444444444445,3.0,154.34449413465546,0.98
0.028717171717171718,0.5444444444444445,3.5,180.06857649043138,0.98
0.028717171717171718,0.6333333333333333,2.0,111.74477224138622,0.98
0.028717171717171718,0.6333333333333333,2.5,139.68096530173275,0.98
0.028717171717171718,0.6333333333333333,3.0,167.61715836207932,0.98
0.028717171717171718,0.6333333333333333,3.5,195.55335142242586,0.98
0.028717171717171718,0.7222222222222222,2.0,122.25821664843185,0.98
0.028717171717171718,0.7222222222222222,2.5,152.82277081053982,0.98
0.028717171717171718,0.7222222222222222,3.0,183.38732497264778,0.98
0.028717171717171718,0.7222222222222222,3.5,213.95187913475573,0.98
0.028717171717171718,0.8111111111111111,2.0,134.95542206434064,0.98
0.028717171717171718,0.8111111111111111,2.5,168.6942775804258,0.98
0.028717171717171718,0.8111111111111111,3.0,202.43313309651091,0.98
0.028717171717171718,0.8111111111111111,3.5,236.1719886125961,0.98
0.028717171717171718,0.9,2.0,150.59562743178563,0.98
0.028717171717171718,0.9,2.5,188.24453428973206,0.98
0.028717171717171718,0.9,3.0,225.89344114767843,0.98
0.028717171717171718,0.9,3.5,263.54234800562483,0.98
0.029212121212121214,0.1,2.0,74.98254186192922,0.98
0.029212121212121214,0.1,2.5,93.72817732741153,0.98
0.029212121212121214,0.1,3.0,112.47381279289384,0.98
0.029212121212121214,0.1,3.5,131.21944825837613,0.98
0.029212121212121214,0.18888888888888888,2.0,79.49175282859413,0.98
0.029212121212121214,0.18888888888888888,2.5,99.36469103574268,0.98
0.029212121212121214,0.18888888888888888,3.0,119.2376292428912,0.98
0.029212121212121214,0.18888888888888888,3.5,139.11056745003972,0.98
0.029212121212121214,0.2777777777777778,2.0,84.57800430926879,0.98
0.029212121212121214,0.2777777777777778,2.5,105.72250538658601,0.98
0.029212121212121214,0.2777777777777778,3.0,126.86700646390318,0.98
0.029212121212121214,0.2777777777777778,3.5,148.0115075412204,0.98
0.029212121212121214,0.3666666666666667,2.0,90.35963324607262,0.98
0.029212121212121214,0.3666666666666667,2.5,112.94954155759076,0.98
0.029212121212121214,0.3666666666666667,3.0,135.5394498691089,0.98
0.029212121212121214,0.3666666666666667,3.5,158.12935818062707,0.98
0.029212121212121214,0.4555555555555556,2.0,96.98970814260186,0.98
0.029212121212121214,0.4555555555555556,2.5,121.23713517825233,0.98
0.029212121212121214,0.4555555555555556,3.0,145.48456221390276,0.98
0.029212121212121214,0.4555555555555556,3.5,169.73198924955324,0.98
0.029212121212121214,0.5444444444444445,2.0,104.66978005332949,0.98
0.029212121212121214,0.5444444444444445,2.5,130.8372250666619,0.98
0.029212121212121214,0.5444444444444445,3.0,157.00467007999424,0.98
0.029212121212121214,0.5444444444444445,3.5,183.17211509332662,0.98
0.029212121212121214,0.6333333333333333,2.0,113.67072856914842,0.98
0.029212121212121214,0.6333333333333333,2.5,142.08841071143553,0.98
0.029212121212121214,0.6333333333333333,3.0,170.5060928537226,0.98
0.029212121212121214,0.6333333333333333,3.5,198.9237749960097,0.98
0.029212121212121214,0.7222222222222222,2.0,124.36537550026907,0.98
0.029212121212121214,0.7222222222222222,2.5,155.45671937533635,0.98
0.029212121212121214,0.7222222222222222,3.0,186.5480632504036,0.98
0.029212121212121214,0.7222222222222222,3.5,217.63940712547085,0.98
0.029212121212121214,0.8111111111111111,2.0,137.2814212487067,0.98
0.029212121212121214,0.8111111111111111,2.5,171.6017765608834,0.98
0.029212121212121214,0.8111111111111111,3.0,205.92213187306004,0.98
0.029212121212121214,0.8111111111111111,3.5,240.24248718523668,0.98
0.029212121212121214,0.9,2.0,153.19119047932608,0.98
0.029212121212121214,0.9,2.5,191.4889880991576,0.98
0.029212121212121214,0.9,3.0,229.7867857189891,0.98
0.029212121212121214,0.9,3.5,268.08458333882066,0.98
0.02970707070707071,0.1,2.0,76.25299295156772,0.98
0.02970707070707071,0.1,2.5,95.31624118945966,0.98
0.02970707070707071,0.1,3.0,114.37948942735157,0.98
0.02970707070707071,0.1,3.5,133.44273766524353,0.98
0.02970707070707071,0.18888888888888888,2.0,80.83860479560697,0.98
0.02970707070707071,0.18888888888888888,2.5,101.04825599450872,0.98
0.02970707070707071,0.18888888888888888,3.0,121.25790719341046,0.98
0.02970707070707071,0.18888888888888888,3.5,141.4675583923122,0.98
0.02970707070707071,0.2777777777777778,2.0,86.01103411948809,0.98
0.02970707070707071,0.2777777777777778,2.5,107.5137926493601,0.98
0.02970707070707071,0.2777777777777778,3.0,129.01655117923212,0.98
0.02970707070707071,0.2777777777777778,3.5,150.51930970910414,0.98
0.02970707070707071,0.3666666666666667,2.0,91.8906228826762,0.98
0.02970707070707071,0.3666666666666667,2.5,114.86327860334525,0.98
0.02970707070707071,0.3666666666666667,3.0,137.8359343240143,0.98
0.02970707070707071,0.3666666666666667,3.5,160.80859004468334,0.98
0.02970707070707071,0.4555555555555556,2.0,98.63303307309546,0.98
0.02970707070707071,0.4555555555555556,2.5,123.29129134136933,0.98
0.02970707070707071,0.4555555555555556,3.0,147.94954960964319,0.98
0.02970707070707071,0.4555555555555556,3.5,172.60780787791705,0.98
0.02970707070707071,0.5444444444444445,2.0,106.44323068355534,0.98
0.02970707070707071,0.5444444444444445,2.5,133.0540383544442,0.98
0.02970707070707071,0.5444444444444445,3.0,159.66484602533302,0.98
0.02970707070707071,0.5444444444444445,3.5,186.27565369622187,0.98
0.02970707070707071,0.6333333333333333,2.0,115.59668489691063,0.98
0.02970707070707071,0.6333333333333333,2.5,144.49585612113827,0.98
0.02970707070707071,0.6333333333333333,3.0,173.39502734536595,0.98
0.02970707070707071,0.6333333333333333,3.5,202.2941985695936,0.98
0.02970707070707071,0.7222222222222222,2.0,126.47253435210627,0.98
0.02970707070707071,0.7222222222222222,2.5,158.09066794013285,0.98
0.02970707070707071,0.7222222222222222,3.0,189.7088015281594,0.98
0.02970707070707071,0.7222222222222222,3.5,221.32693511618595,0.98
0.02970707070707071,0.8111111111111111,2.0,139.60742043307275,0.98
0.02970707070707071,0.8111111111111111,2.5,174.50927554134094,0.98
0.02970707070707071,0.8111111111111111,3.0,209.41113064960913,0.98
0.02970707070707071,0.8111111111111111,3.5,244.3129857578773,0.98
0.02970707070707071,0.9,2.0,155.78675352686653,0.98
0.02970707070707071,0.9,2.5,194.73344190858316,0.98
0.02970707070707071,0.9,3.0,233.6801302902998,0.98
0.02970707070707071,0.9,3.5,272.62681867201644,0.98
0.030202020202020206,0.1,2.0,77.52344404120622,0.98
0.030202020202020206,0.1,2.5,96.90430505150778,0.98
0.030202020202020206,0.1,3.0,116.28516606180932,0.98
0.030202020202020206,0.1,3.5,135.6660270721109,0.98
0.030202020202020206,0.18888888888888888,2.0,82.18545676261981,0.98
0.030202020202020206,0.18888888888888888,2.5,102.73182095327478,0.98
0.030202020202020206,0.18888888888888888,3.0,123.2781851439297,0.98
0.030202020202020206,0.18888888888888888,3.5,143.82454933458467,0.98
0.030202020202020206,0.2777777777777778,2.0,87.44406392970738,0.98
0.030202020202020206,0.2777777777777778,2.5,109.30507991213422,0.98
0.030202020202020206,0.2777777777777778,3.0,131.16609589456104,0.98
0.030202020202020206,0.2777777777777778,3.5,153.0271118769879,0.98
0.030202020202020206,0.3666666666666667,2.0,93.42161251927979,0.98
0.030202020202020206,0.3666666666666667,2.5,116.77701564909972,0.98
0.030202020202020206,0.3666666666666667,3.0,140.13241877891966,0.98
0.030202020202020206,0.3666666666666667,3.5,163.48782190873962,0.98
0.030202020202020206,0.4555555555555556,2.0,100.27635800358907,0.98
0.030202020202020206,0.4555555555555556,2.5,125.34544750448634,0.98
0.030202020202020206,0.4555555555555556,3.0,150.4145370053836,0.98
0.030202020202020206,0.4555555555555556,3.5,175.48362650628087,0.98
0.030202020202020206,0.5444444444444445,2.0,108.2166813137812,0.98
0.030202020202020206,0.5444444444444445,2.5,135.27085164222652,0.98
0.030202020202020206,0.5444444444444445,3.0,162.3250219706718,0.98
0.030202020202020206,0.5444444444444445,3.5,189.3791922991171,0.98
0.030202020202020206,0.6333333333333333,2.0,117.52264122467282,0.98
0.030202020202020206,0.6333333333333333,2.5,146.90330153084105,0.98
0.030202020202020206,0.6333333333333333,3.0,176.28396183700923,0.98
0.030202020202020206,0.6333333333333333,3.5,205.66462214317744,0.98
0.030202020202020206,0.7222222222222222,2.0,128.5796932039435,0.98
0.030202020202020206,0.7222222222222222,2.5,160.72461650492934,0.98
0.030202020202020206,0.7222222222222222,3.0,192.86953980591522,0.98
0.030202020202020206,0.7222222222222222,3.5,225.01446310690108,0.98
0.030202020202020206,0.8111111111111111,2.0,141.93341961743883,0.98
0.030202020202020206,0.8111111111111111,2.5,177.41677452179852,0.98
0.030202020202020206,0.8111111111111111,3.0,212.9001294261582,0.98
0.030202020202020206,0.8111111111111111,3.5,248.38348433051792,0.98
0.030202020202020206,0.9,2.0,158.38231657440699,0.98
0.030202020202020206,0.9,2.5,197.97789571800877,0.98
0.030202020202020206,0.9,3.0,237.5734748616105,0.98
0.030202020202020206,0.9,3.5,277.1690540052122,0.98
0.0306969696969697,0.1,2.0,78.79389513084472,0.98
0.0306969696969697,0.1,2.5,98.4923689135559,0.98
0.0306969696969697,0.1,3.0,118.19084269626707,0.98
0.0306969696969697,0.1,3.5,137.88931647897823,0.98
0.0306969696969697,0.18888888888888888,2.0,83.53230872963263,0.98
0.0306969696969697,0.18888888888888888,2.5,104.41538591204079,0.98
0.0306969696969697,0.18888888888888888,3.0,125.29846309444895,0.98
0.0306969696969697,0.18888888888888888,3.5,146.1815402768571,0.98
0.0306969696969697,0.2777777777777778,2.0,88.87709373992665,0.98
0.0306969696969697,0.2777777777777778,2.5,111.09636717490832,0.98
0.0306969696969697,0.2777777777777778,3.0,133.31564060988998,0.98
0.0306969696969697,0.2777777777777778,3.5,155.5349140448716,0.98
0.0306969696969697,0.3666666666666667,2.0,94.95260215588335,0.98
0.0306969696969697,0.3666666666666667,2.5,118.6907526948542,0.98
0.0306969696969697,0.3666666666666667,3.0,142.42890323382503,0.98
0.0306969696969697,0.3666666666666667,3.5,166.16705377279587,0.98
0.0306969696969697,0.4555555555555556,2.0,101.91968293408264,0.98
0.0306969696969697,0.4555555555555556,2.5,127.39960366760333,0.98
0.0306969696969697,0.4555555555555556,3.0,152.87952440112397,0.98
0.0306969696969697,0.4555555555555556,3.5,178.35944513464463,0.98
0.0306969696969697,0.5444444444444445,2.0,109.99013194400703,0.98
0.0306969696969697,0.5444444444444445,2.5,137.4876649300088,0.98
0.0306969696969697,0.5444444444444445,3.0,164.98519791601055,0.98
0.0306969696969697,0.5444444444444445,3.5,192.48273090201232,0.98
0.0306969696969697,0.6333333333333333,2.0,119.448597552435,0.98
0.0306969696969697,0.6333333333333333,2.5,149.31074694054377,0.98
0.0306969696969697,0.6333333333333333,3.0,179.1728963286525,0.98
0.0306969696969697,0.6333333333333333,3.5,209.03504571676126,0.98
0.0306969696969697,0.7222222222222222,2.0,130.68685205578066,0.98
0.0306969696969697,0.7222222222222222,2.5,163.35856506972584,0.98
0.0306969696969697,0.7222222222222222,3.0,196.030278083671,0.98
0.0306969696969697,0.7222222222222222,3.5,228.70199109761617,0.98
0.0306969696969697,0.8111111111111111,2.0,144.25941880180486,0.98
0.0306969696969697,0.8111111111111111,2.5,180.3242735022561,0.98
0.0306969696969697,0.8111111111111111,3.0,216.38912820270727,0.98
0.0306969696969697,0.8111111111111111,3.5,252.45398290315848,0.98
0.0306969696969697,0.9,2.0,160.97787962194744,0.98
0.0306969696969697,0.9,2.5,201.2223495274343,0.98
0.0306969696969697,0.9,3.0,241.46681943292114,0.98
0.0306969696969697,0.9,3.5,281.711289338408,0.98
0.031191919191919194,0.1,2.0,80.06434622048322,0.98
0.031191919191919194,0.1,2.5,100.08043277560402,0.98
0.031191919191919194,0.1,3.0,120.0965193307248,0.98
0.031191919191919194,0.1,3.5,140.11260588584562,0.98
0.031191919191919194,0.18888888888888888,2.0,84.87916069664547,0.98
0.031191919191919194,0.18888888888888888,2.5,106.09895087080685,0.98
0.031191919191919194,0.18888888888888888,3.0,127.3187410449682,0.98
0.031191919191919194,0.18888888888888888,3.5,148.53853121912957,0.98
0.031191919191919194,0.2777777777777778,2.0,90.31012355014593,0.98
0.031191919191919194,0.2777777777777778,2.5,112.88765443768243,0.98
0.031191919191919194,0.2777777777777778,3.0,135.46518532521893,0.98
0.031191919191919194,0.2777777777777778,3.5,158.04271621275538,0.98
0.031191919191919194,0.3666666666666667,2.0,96.48359179248693,0.98
0.031191919191919194,0.3666666666666667,2.5,120.60448974060868,0.98
0.031191919191919194,0.3666666666666667,3.0,144.72538768873042,0.98
0.031191919191919194,0.3666666666666667,3.5,168.84628563685212,0.98
0.031191919191919194,0.4555555555555556,2.0,103.56300786457626,0.98
0.031191919191919194,0.4555555555555556,2.5,129.45375983072034,0.98
0.031191919191919194,0.4555555555555556,3.0,155.3445117968644,0.98
0.031191919191919194,0.4555555555555556,3.5,181.23526376300845,0.98
0.031191919191919194,0.5444444444444445,2.0,111.76358257423288,0.98
0.031191919191919194,0.5444444444444445,2.5,139.70447821779112,0.98
0.031191919191919194,0.5444444444444445,3.0,167.64537386134933,0.98
0.031191919191919194,0.5444444444444445,3.5,195.58626950490756,0.98
0.031191919191919194,0.6333333333333333,2.0,121.37455388019721,0.98
0.031191919191919194,0.6333333333333333,2.5,151.71819235024654,0.98
0.031191919191919194,0.6333333333333333,3.0,182.0618308202958,0.98
0.031191919191919194,0.6333333333333333,3.5,212.4054692903451,0.98
0.031191919191919194,0.7222222222222222,2.0,132.7940109076179,0.98
0.031191919191919194,0.7222222222222222,2.5,165.99251363452234,0.98
0.031191919191919194,0.7222222222222222,3.0,199.19101636142682,0.98
0.031191919191919194,0.7222222222222222,3.5,232.38951908833124,0.98
0.031191919191919194,0.8111111111111111,2.0,146.5854179861709,0.98
0.031191919191919194,0.8111111111111111,2.5,183.23177248271364,0.98
0.031191919191919194,0.8111111111111111,3.0,219.8781269792564,0.98
0.031191919191919194,0.8111111111111111,3.5,256.52448147579906,0.98
0.031191919191919194,0.9,2.0,163.5734426694879,0.98
0.031191919191919194,0.9,2.5,204.4668033368599,0.98
0.031191919191919194,0.9,3.0,245.36016400423182,0.98
0.031191919191919194,0.9,3.5,286.25352467160377,0.98
0.03168686868686869,0.1,2.0,81.3347973101217,0.98
0.03168686868686869,0.1,2.5,101.66849663765213,0.98
0.03168686868686869,0.1,3.0,122.00219596518257,0.98
0.03168686868686869,0.1,3.5,142.33589529271296,0.98
0.03168686868686869,0.18888888888888888,2.0,86.2260126636583,0.98
0.03168686868686869,0.18888888888888888,2.5,107.78251582957286,0.98
0.03168686868686869,0.18888888888888888,3.0,129.33901899548746,0.98
0.03168686868686869,0.18888888888888888,3.5,150.895522161402,0.98
0.03168686868686869,0.2777777777777778,2.0,91.74315336036521,0.98
0.03168686868686869,0.2777777777777778,2.5,114.6789417004565,0.98
0.03168686868686869,0.2777777777777778,3.0,137.6147300405478,0.98
0.03168686868686869,0.2777777777777778,3.5,160.5505183806391,0.98
0.03168686868686869,0.3666666666666667,2.0,98.01458142909051,0.98
0.03168686868686869,0.3666666666666667,2.5,122.51822678636313,0.98
0.03168686868686869,0.3666666666666667,3.0,147.02187214363576,0.98
0.03168686868686869,0.3666666666666667,3.5,171.52551750090836,0.98
0.03168686868686869,0.4555555555555556,2.0,105.20633279506984,0.98
0.03168686868686869,0.4555555555555556,2.5,131.50791599383732,0.98
0.03168686868686869,0.4555555555555556,3.0,157.8094991926048,0.98
0.03168686868686869,0.4555555555555556,3.5,184.1110823913722,0.98
0.03168686868686869,0.5444444444444445,2.0,113.53703320445872,0.98
0.03168686868686869,0.5444444444444445,2.5,141.9212915055734,0.98
0.03168686868686869,0.5444444444444445,3.0,170.30554980668808,0.98
0.03168686868686869,0.5444444444444445,3.5,198.68980810780272,0.98
0.03168686868686869,0.6333333333333333,2.0,123.30051020795939,0.98
0.03168686868686869,0.6333333333333333,2.5,154.12563775994923,0.98
0.03168686868686869,0.6333333333333333,3.0,184.9507653119391,0.98
0.03168686868686869,0.6333333333333333,3.5,215.7758928639289,0.98
0.03168686868686869,0.7222222222222222,2.0,134.90116975945506,0.98
0.03168686868686869,0.7222222222222222,2.5,168.6264621993188,0.98
0.03168686868686869,0.7222222222222222,3.0,202.3517546391826,0.98
0.03168686868686869,0.7222222222222222,3.5,236.07704707904634,0.98
0.03168686868686869,0.8111111111111111,2.0,148.91141717053696,0.98
0.03168686868686869,0.8111111111111111,2.5,186.13927146317118,0.98
0.03168686868686869,0.8111111111111111,3.0,223.36712575580543,0.98
0.03168686868686869,0.8111111111111111,3.5,260.59498004843965,0.98
0.03168686868686869,0.9,2.0,166.1690057170283,0.98
0.03168686868686869,0.9,2.5,207.71125714628536,0.98
0.03168686868686869,0.9,3.0,249.25350857554247,0.98
0.03168686868686869,0.9,3.5,290.79576000479955,0.98
0.03218181818181818,0.1,2.0,82.6052483997602,0.98
0.03218181818181818,0.1,2.5,103.25656049970024,0.98
0.03218181818181818,0.1,3.0,123.90787259964031,0.98
0.03218181818181818,0.1,3.5,144.55918469958033,0.98
0.03218181818181818,0.18888888888888888,2.0,87.57286463067113,0.98
0.03218181818181818,0.18888888888888888,2.5,109.46608078833891,0.98
0.03218181818181818,0.18888888888888888,3.0,131.3592969460067,0.98
0.03218181818181818,0.18888888888888888,3.5,153.25251310367446,0.98
0.03218181818181818,0.2777777777777778,2.0,93.17618317058451,0.98
0.03218181818181818,0.2777777777777778,2.5,116.47022896323062,0.98
0.03218181818181818,0.2777777777777778,3.0,139.76427475587676,0.98
0.03218181818181818,0.2777777777777778,3.5,163.05832054852286,0.98
0.03218181818181818,0.3666666666666667,2.0,99.54557106569409,0.98
0.03218181818181818,0.3666666666666667,2.5,124.43196383211762,0.98
0.03218181818181818,0.3666666666666667,3.0,149.31835659854116,0.98
0.03218181818181818,0.3666666666666667,3.5,174.20474936496464,0.98
0.03218181818181818,0.4555555555555556,2.0,106.84965772556346,0.98
0.03218181818181818,0.4555555555555556,2.5,133.56207215695432,0.98
0.03218181818181818,0.4555555555555556,3.0,160.27448658834518,0.98
0.03218181818181818,0.4555555555555556,3.5,186.98690101973602,0.98
0.03218181818181818,0.5444444444444445,2.0,115.31048383468458,0.98
0.03218181818181818,0.5444444444444445,2.5,144.13810479335572,0.98
0.03218181818181818,0.5444444444444445,3.0,172.96572575202686,0.98
0.03218181818181818,0.5444444444444445,3.5,201.79334671069796,0.98
0.03218181818181818,0.6333333333333333,2.0,125.2264665357216,0.98
0.03218181818181818,0.6333333333333333,2.5,156.53308316965197,0.98
0.03218181818181818,0.6333333333333333,3.0,187.83969980358242,0.98
0.03218181818181818,0.6333333333333333,3.5,219.14631643751275,0.98
0.03218181818181818,0.7222222222222222,2.0,137.00832861129226,0.98
0.03218181818181818,0.7222222222222222,2.5,171.26041076411533,0.98
0.03218181818181818,0.7222222222222222,3.0,205.5124929169384,0.98
0.03218181818181818,0.7222222222222222,3.5,239.76457506976143,0.98
0.03218181818181818,0.8111111111111111,2.0,151.23741635490302,0.98
0.03218181818181818,0.8111111111111111,2.5,189.04677044362873,0.98
0.03218181818181818,0.8111111111111111,3.0,226.85612453235453,0.98
0.03218181818181818,0.8111111111111111,3.5,264.66547862108024,0.98
0.03218181818181818,0.9,2.0,168.76456876456876,0.98
0.03218181818181818,0.9,2.5,210.95571095571097,0.98
0.03218181818181818,0.9,3.0,253.14685314685315,0.98
0.03218181818181818,0.9,3.5,295.3379953379953,0.98
0.03267676767676768,0.1,2.0,83.8756994893987,0.98
0.03267676767676768,0.1,2.5,104.84462436174836,0.98
0.03267676767676768,0.1,3.0,125.81354923409806,0.98
0.03267676767676768,0.1,3.5,146.78247410644772,0.98
0.03267676767676768,0.18888888888888888,2.0,88.91971659768397,0.98
0.03267676767676768,0.18888888888888888,2.5,111.14964574710496,0.98
0.03267676767676768,0.18888888888888888,3.0,133.37957489652595,0.98
0.03267676767676768,0.18888888888888888,3.5,155.60950404594692,0.98
0.03267676767676768,0.2777777777777778,2.0,94.6092129808038,0.98
0.03267676767676768,0.2777777777777778,2.5,118.26151622600474,0.98
0.03267676767676768,0.2777777777777778,3.0,141.9138194712057,0.98
0.03267676767676768,0.2777777777777778,3.5,165.56612271640662,0.98
0.03267676767676768,0.3666666666666667,2.0,101.07656070229768,0.98
0.03267676767676768,0.3666666666666667,2.5,126.3457008778721,0.98
0.03267676767676768,0.3666666666666667,3.0,151.61484105344653,0.98
0.03267676767676768,0.3666666666666667,3.5,176.88398122902095,0.98
0.03267676767676768,0.4555555555555556,2.0,108.49298265605705,0.98
0.03267676767676768,0.4555555555555556,2.5,135.61622832007131,0.98
0.03267676767676768,0.4555555555555556,3.0,162.7394739840856,0.98
0.03267676767676768,0.4555555555555556,3.5,189.86271964809984,0.98
0.03267676767676768,0.5444444444444445,2.0,117.08393446491043,0.98
0.03267676767676768,0.5444444444444445,2.5,146.35491808113804,0.98
0.03267676767676768,0.5444444444444445,3.0,175.62590169736563,0.98
0.03267676767676768,0.5444444444444445,3.5,204.8968853135932,0.98
0.03267676767676768,0.6333333333333333,2.0,127.1524228634838,0.98
0.03267676767676768,0.6333333333333333,2.5,158.94052857935475,0.98
0.03267676767676768,0.6333333333333333,3.0,190.7286342952257,0.98
0.03267676767676768,0.6333333333333333,3.5,222.51674001109663,0.98
0.03267676767676768,0.7222222222222222,2.0,139.11548746312948,0.98
0.03267676767676768,0.7222222222222222,2.5,173.89435932891183,0.98
0.03267676767676768,0.7222222222222222,3.0,208.67323119469424,0.98
0.03267676767676768,0.7222222222222222,3.5,243.45210306047656,0.98
0.03267676767676768,0.8111111111111111,2.0,153.56341553926907,0.98
0.03267676767676768,0.8111111111111111,2.5,191.95426942408633,0.98
0.03267676767676768,0.8111111111111111,3.0,230.3451233089036,0.98
0.03267676767676768,0.8111111111111111,3.5,268.7359771937209,0.98
0.03267676767676768,0.9,2.0,171.36013181210922,0.98
0.03267676767676768,0.9,2.5,214.20016476513652,0.98
0.03267676767676768,0.9,3.0,257.0401977181638,0.98
0.03267676767676768,0.9,3.5,299.8802306711911,0.98
0.03317171717171717,0.1,2.0,85.14615057903718,0.98
0.03317171717171717,0.1,2.5,106.43268822379649,0.98
0.03317171717171717,0.1,3.0,127.71922586855578,0.98
0.03317171717171717,0.1,3.5,149.0057635133151,0.98
0.03317171717171717,0.18888888888888888,2.0,90.2665685646968,0.98
0.03317171717171717,0.18888888888888888,2.5,112.833210705871,0.98
0.03317171717171717,0.18888888888888888,3.0,135.3998528470452,0.98
0.03317171717171717,0.18888888888888888,3.5,157.9664949882194,0.98
0.03317171717171717,0.2777777777777778,2.0,96.04224279102306,0.98
0.03317171717171717,0.2777777777777778,2.5,120.05280348877882,0.98
0.03317171717171717,0.2777777777777778,3.0,144.06336418653459,0.98
0.03317171717171717,0.2777777777777778,3.5,168.0739248842904,0.98
0.03317171717171717,0.3666666666666667,2.0,102.60755033890125,0.98
0.03317171717171717,0.3666666666666667,2.5,128.25943792362656,0.98
0.03317171717171717,0.3666666666666667,3.0,153.9113255083519,0.98
0.03317171717171717,0.3666666666666667,3.5,179.56321309307722,0.98
0.03317171717171717,0.4555555555555556,2.0,110.13630758655064,0.98
0.03317171717171717,0.4555555555555556,2.5,137.67038448318831,0.98
0.03317171717171717,0.4555555555555556,3.0,165.20446137982597,0.98
0.03317171717171717,0.4555555555555556,3.5,192.73853827646363,0.98
0.03317171717171717,0.5444444444444445,2.0,118.85738509513625,0.98
0.03317171717171717,0.5444444444444445,2.5,148.5717313689203,0.98
0.03317171717171717,0.5444444444444445,3.0,178.28607764270438,0.98
0.03317171717171717,0.5444444444444445,3.5,208.00042391648844,0.98
0.03317171717171717,0.6333333333333333,2.0,129.07837919124597,0.98
0.03317171717171717,0.6333333333333333,2.5,161.34797398905746,0.98
0.03317171717171717,0.6333333333333333,3.0,193.617568786869,0.98
0.03317171717171717,0.6333333333333333,3.5,225.88716358468048,0.98
0.03317171717171717,0.7222222222222222,2.0,141.22264631496665,0.98
0.03317171717171717,0.7222222222222222,2.5,176.5283078937083,0.98
0.03317171717171717,0.7222222222222222,3.0,211.83396947244998,0.98
0.03317171717171717,0.7222222222222222,3.5,247.13963105119169,0.98
0.03317171717171717,0.8111111111111111,2.0,155.8894147236351,0.98
0.03317171717171717,0.8111111111111111,2.5,194.86176840454388,0.98
0.03317171717171717,0.8111111111111111,3.0,233.83412208545266,0.98
0.03317171717171717,0.8111111111111111,3.5,272.8064757663615,0.98
0.03317171717171717,0.9,2.0,173.95569485964964,0.98
0.03317171717171717,0.9,2.5,217.4446185745621,0.98
0.03317171717171717,0.9,3.0,260.9335422894745,0.98
0.03317171717171717,0.9,3.5,304.42246600438693,0.98
0.03366666666666667,0.1,2.0,86.4166016686757,0.98
0.03366666666666667,0.1,2.5,108.02075208584462,0.98
0.03366666666666667,0.1,3.0,129.62490250301354,0.98
0.03366666666666667,0.1,3.5,151.22905292018245,0.98
0.03366666666666667,0.18888888888888888,2.0,91.61342053170965,0.98
0.03366666666666667,0.18888888888888888,2.5,114.51677566463705,0.98
0.03366666666666667,0.18888888888888888,3.0,137.42013079756447,0.98
0.03366666666666667,0.18888888888888888,3.5,160.32348593049187,0.98
0.03366666666666667,0.2777777777777778,2.0,97.47527260124237,0.98
0.03366666666666667,0.2777777777777778,2.5,121.84409075155297,0.98
0.03366666666666667,0.2777777777777778,3.0,146.21290890186356,0.98
0.03366666666666667,0.2777777777777778,3.5,170.58172705217413,0.98
0.03366666666666667,0.3666666666666667,2.0,104.13853997550486,0.98
0.03366666666666667,0.3666666666666667,2.5,130.17317496938105,0.98
0.03366666666666667,0.3666666666666667,3.0,156.2078099632573,0.98
0.03366666666666667,0.3666666666666667,3.5,182.24244495713347,0.98
0.03366666666666667,0.4555555555555556,2.0,111.77963251704428,0.98
0.03366666666666667,0.4555555555555556,2.5,139.72454064630534,0.98
0.03366666666666667,0.4555555555555556,3.0,167.66944877556642,0.98
0.03366666666666667,0.4555555555555556,3.5,195.61435690482745,0.98
0.03366666666666667,0.5444444444444445,2.0,120.63083572536213,0.98
0.03366666666666667,0.5444444444444445,2.5,150.78854465670267,0.98
0.03366666666666667,0.5444444444444445,3.0,180.9462535880432,0.98
0.03366666666666667,0.5444444444444445,3.5,211.10396251938369,0.98
0.03366666666666667,0.6333333333333333,2.0,131.0043355190082,0.98
0.03366666666666667,0.6333333333333333,2.5,163.75541939876027,0.98
0.03366666666666667,0.6333333333333333,3.0,196.50650327851233,0.98
0.03366666666666667,0.6333333333333333,3.5,229.25758715826433,0.98
0.03366666666666667,0.7222222222222222,2.0,143.32980516680388,0.98
0.03366666666666667,0.7222222222222222,2.5,179.16225645850486,0.98
0.03366666666666667,0.7222222222222222,3.0,214.99470775020586,0.98
0.03366666666666667,0.7222222222222222,3.5,250.8271590419068,0.98
0.03366666666666667,0.8111111111111111,2.0,158.21541390800118,0.98
0.03366666666666667,0.8111111111111111,2.5,197.76926738500148,0.98
0.03366666666666667,0.8111111111111111,3.0,237.32312086200182,0.98
0.03366666666666667,0.8111111111111111,3.5,276.87697433900206,0.98
0.03366666666666667,0.9,2.0,176.55125790719015,0.98
0.03366666666666667,0.9,2.5,220.68907238398768,0.98
0.03366666666666667,0.9,3.0,264.82688686078524,0.98
0.03366666666666667,0.9,3.5,308.96470133758277,0.98
0.034161616161616164,0.1,2.0,87.68705275831418,0.98
0.034161616161616164,0.1,2.5,109.60881594789272,0.98
0.034161616161616164,0.1,3.0,131.53057913747128,0.98
0.034161616161616164,0.1,3.5,153.45234232704985,0.98
0.034161616161616164,0.18888888888888888,2.0,92.96027249872247,0.98
0.034161616161616164,0.18888888888888888,2.5,116.20034062340308,0.98
0.034161616161616164,0.18888888888888888,3.0,139.44040874808368,0.98
0.034161616161616164,0.18888888888888888,3.5,162.68047687276433,0.98
0.034161616161616164,0.2777777777777778,2.0,98.90830241146165,0.98
0.034161616161616164,0.2777777777777778,2.5,123.63537801432706,0.98
0.034161616161616164,0.2777777777777778,3.0,148.36245361719247,0.98
0.034161616161616164,0.2777777777777778,3.5,173.0895292200579,0.98
0.034161616161616164,0.3666666666666667,2.0,105.66952961210842,0.98
0.034161616161616164,0.3666666666666667,2.5,132.08691201513554,0.98
0.034161616161616164,0.3666666666666667,3.0,158.50429441816263,0.98
0.034161616161616164,0.3666666666666667,3.5,184.92167682118975,0.98
0.034161616161616164,0.4555555555555556,2.0,113.42295744753785,0.98
0.034161616161616164,0.4555555555555556,2.5,141.7786968094223,0.98
0.034161616161616164,0.4555555555555556,3.0,170.1344361713068,0.98
0.034161616161616164,0.4555555555555556,3.5,198.4901755331913,0.98
0.034161616161616164,0.5444444444444445,2.0,122.40428635558796,0.98
0.034161616161616164,0.5444444444444445,2.5,153.00535794448493,0.98
0.034161616161616164,0.5444444444444445,3.0,183.60642953338194,0.98
0.034161616161616164,0.5444444444444445,3.5,214.20750112227893,0.98
0.034161616161616164,0.6333333333333333,2.0,132.9302918467704,0.98
0.034161616161616164,0.6333333333333333,2.5,166.16286480846298,0.98
0.034161616161616164,0.6333333333333333,3.0,199.39543777015558,0.98
0.034161616161616164,0.6333333333333333,3.5,232.6280107318482,0.98
0.034161616161616164,0.7222222222222222,2.0,145.43696401864108,0.98
0.034161616161616164,0.7222222222222222,2.5,181.79620502330135,0.98
0.034161616161616164,0.7222222222222222,3.0,218.1554460279616,0.98
0.034161616161616164,0.7222222222222222,3.5,254.51468703262188,0.98
0.034161616161616164,0.8111111111111111,2.0,160.54141309236724,0.98
0.034161616161616164,0.8111111111111111,2.5,200.67676636545903,0.98
0.034161616161616164,0.8111111111111111,3.0,240.81211963855085,0.98
0.034161616161616164,0.8111111111111111,3.5,280.9474729116427,0.98
0.034161616161616164,0.9,2.0,179.1468209547306,0.98
0.034161616161616164,0.9,2.5,223.9335261934132,0.98
0.034161616161616164,0.9,3.0,268.7202314320959,0.98
0.034161616161616164,0.9,3.5,313.50693667077854,0.98
0.034656565656565656,0.1,2.0,88.95750384795268,0.98
0.034656565656565656,0.1,2.5,111.19687980994085,0.98
0.034656565656565656,0.1,3.0,133.436255771929,0.98
0.034656565656565656,0.1,3.5,155.67563173391719,0.98
0.034656565656565656,0.18888888888888888,2.0,94.30712446573528,0.98
0.034656565656565656,0.18888888888888888,2.5,117.88390558216912,0.98
0.034656565656565656,0.18888888888888888,3.0,141.46068669860293,0.98
0.034656565656565656,0.18888888888888888,3.5,165.03746781503676,0.98
0.034656565656565656,0.2777777777777778,2.0,100.34133222168093,0.98
0.034656565656565656,0.2777777777777778,2.5,125.42666527710115,0.98
0.034656565656565656,0.2777777777777778,3.0,150.51199833252136,0.98
0.034656565656565656,0.2777777777777778,3.5,175.5973313879416,0.98
0.034656565656565656,0.3666666666666667,2.0,107.200519248712,0.98
0.034656565656565656,0.3666666666666667,2.5,134.00064906089,0.98
0.034656565656565656,0.3666666666666667,3.0,160.80077887306797,0.98
0.034656565656565656,0.3666666666666667,3.5,187.60090868524603,0.98
0.034656565656565656,0.4555555555555556,2.0,115.06628237803146,0.98
0.034656565656565656,0.4555555555555556,2.5,143.8328529725393,0.98
0.034656565656565656,0.4555555555555556,3.0,172.59942356704718,0.98
0.034656565656565656,0.4555555555555556,3.5,201.36599416155505,0.98
0.034656565656565656,0.5444444444444445,2.0,124.1777369858138,0.98
0.034656565656565656,0.5444444444444445,2.5,155.22217123226724,0.98
0.034656565656565656,0.5444444444444445,3.0,186.26660547872066,0.98
0.034656565656565656,0.5444444444444445,3.5,217.31103972517414,0.98
0.034656565656565656,0.6333333333333333,2.0,134.85624817453257,0.98
0.034656565656565656,0.6333333333333333,2.5,168.5703102181657,0.98
0.034656565656565656,0.6333333333333333,3.0,202.28437226179884,0.98
0.034656565656565656,0.6333333333333333,3.5,235.99843430543203,0.98
0.034656565656565656,0.7222222222222222,2.0,147.54412287047825,0.98
0.034656565656565656,0.7222222222222222,2.5,184.43015358809782,0.98
0.034656565656565656,0.7222222222222222,3.0,221.31618430571737,0.98
0.034656565656565656,0.7222222222222222,3.5,258.202215023337,0.98
0.034656565656565656,0.8111111111111111,2.0,162.86741227673326,0.98
0.034656565656565656,0.8111111111111111,2.5,203.5842653459166,0.98
0.034656565656565656,0.8111111111111111,3.0,244.30111841509986,0.98
0.034656565656565656,0.8111111111111111,3.5,285.01797148428324,0.98
0.034656565656565656,0.9,2.0,181.742384002271,0.98
0.034656565656565656,0.9,2.5,227.17798000283878,0.98
0.034656565656565656,0.9,3.0,272.6135760034065,0.98
0.034656565656565656,0.9,3.5,318.04917200397426,0.98
0.035151515151515156,0.1,2.0,90.22795493759118,0.98
0.035151515151515156,0.1,2.5,112.78494367198898,0.98
0.035151515151515156,0.1,3.0,135.3419324063868,0.98
0.035151515151515156,0.1,3.5,157.8989211407846,0.98
0.035151515151515156,0.18888888888888888,2.0,95.65397643274814,0.98
0.035151515151515156,0.18888888888888888,2.5,119.56747054093518,0.98
0.035151515151515156,0.18888888888888888,3.0,143.48096464912223,0.98
0.035151515151515156,0.18888888888888888,3.5,167.39445875730925,0.98
0.035151515151515156,0.2777777777777778,2.0,101.77436203190022,0.98
0.035151515151515156,0.2777777777777778,2.5,127.21795253987528,0.98
0.035151515151515156,0.2777777777777778,3.0,152.66154304785033,0.98
0.035151515151515156,0.2777777777777778,3.5,178.1051335558254,0.98
0.035151515151515156,0.3666666666666667,2.0,108.73150888531559,0.98
0.035151515151515156,0.3666666666666667,2.5,135.9143861066445,0.98
0.035151515151515156,0.3666666666666667,3.0,163.0972633279734,0.98
0.035151515151515156,0.3666666666666667,3.5,190.28014054930233,0.98
0.035151515151515156,0.4555555555555556,2.0,116.70960730852507,0.98
0.035151515151515156,0.4555555555555556,2.5,145.88700913565634,0.98
0.035151515151515156,0.4555555555555556,3.0,175.0644109627876,0.98
0.035151515151515156,0.4555555555555556,3.5,204.2418127899189,0.98
0.035151515151515156,0.5444444444444445,2.0,125.95118761603966,0.98
0.035151515151515156,0.5444444444444445,2.5,157.43898452004956,0.98
0.035151515151515156,0.5444444444444445,3.0,188.9267814240595,0.98
0.035151515151515156,0.5444444444444445,3.5,220.4145783280694,0.98
0.035151515151515156,0.6333333333333333,2.0,136.7822045022948,0.98
0.035151515151515156,0.6333333333333333,2.5,170.9777556278685,0.98
0.035151515151515156,0.6333333333333333,3.0,205.17330675344218,0.98
0.035151515151515156,0.6333333333333333,3.5,239.3688578790159,0.98
0.035151515151515156,0.7222222222222222,2.0,149.65128172231547,0.98
0.035151515151515156,0.7222222222222222,2.5,187.06410215289438,0.98
0.035151515151515156,0.7222222222222222,3.0,224.47692258347323,0.98
0.035151515151515156,0.7222222222222222,3.5,261.88974301405216,0.98
0.035151515151515156,0.8111111111111111,2.0,165.19341146109937,0.98
0.035151515151515156,0.8111111111111111,2.5,206.4917643263742,0.98
0.035151515151515156,0.8111111111111111,3.0,247.79011719164905,0.98
0.035151515151515156,0.8111111111111111,3.5,289.0884700569239,0.98
0.035151515151515156,0.9,2.0,184.3379470498115,0.98
0.035151515151515156,0.9,2.5,230.42243381226436,0.98
0.035151515151515156,0.9,3.0,276.50692057471724,0.98
0.035151515151515156,0.9,3.5,322.59140733717015,0.98
0.03564646464646465,0.1,2.0,91.49840602722968,0.98
0.03564646464646465,0.1,2.5,114.37300753403711,0.98
0.03564646464646465,0.1,3.0,137.2476090408445,0.98
0.03564646464646465,0.1,3.5,160.12221054765195,0.98
0.03564646464646465,0.18888888888888888,2.0,97.00082839976096,0.98
0.03564646464646465,0.18888888888888888,2.5,121.25103549970122,0.98
0.03564646464646465,0.18888888888888888,3.0,145.50124259964144,0.98
0.03564646464646465,0.18888888888888888,3.5,169.75144969958168,0.98
0.03564646464646465,0.2777777777777778,2.0,103.20739184211949,0.98
0.03564646464646465,0.2777777777777778,2.5,129.00923980264938,0.98
0.03564646464646465,0.2777777777777778,3.0,154.81108776317924,0.98
0.03564646464646465,0.2777777777777778,3.5,180.61293572370914,0.98
0.03564646464646465,0.3666666666666667,2.0,110.26249852191917,0.98
0.03564646464646465,0.3666666666666667,2.5,137.82812315239897,0.98
0.03564646464646465,0.3666666666666667,3.0,165.39374778287876,0.98
0.03564646464646465,0.3666666666666667,3.5,192.95937241335855,0.98
0.03564646464646465,0.4555555555555556,2.0,118.35293223901867,0.98
0.03564646464646465,0.4555555555555556,2.5,147.9411652987733,0.98
0.03564646464646465,0.4555555555555556,3.0,177.52939835852797,0.98
0.03564646464646465,0.4555555555555556,3.5,207.11763141828268,0.98
0.03564646464646465,0.5444444444444445,2.0,127.7246382462655,0.98
0.03564646464646465,0.5444444444444445,2.5,159.65579780783187,0.98
0.03564646464646465,0.5444444444444445,3.0,191.58695736939822,0.98
0.03564646464646465,0.5444444444444445,3.5,223.51811693096462,0.98
0.03564646464646465,0.6333333333333333,2.0,138.70816083005698,0.98
0.03564646464646465,0.6333333333333333,2.5,173.38520103757125,0.98
0.03564646464646465,0.6333333333333333,3.0,208.06224124508546,0.98
0.03564646464646465,0.6333333333333333,3.5,242.73928145259973,0.98
0.03564646464646465,0.7222222222222222,2.0,151.75844057415267,0.98
0.03564646464646465,0.7222222222222222,2.5,189.69805071769085,0.98
0.03564646464646465,0.7222222222222222,3.0,227.63766086122902,0.98
0.03564646464646465,0.7222222222222222,3.5,265.57727100476717,0.98
0.03564646464646465,0.8111111111111111,2.0,167.5194106454654,0.98
0.03564646464646465,0.8111111111111111,2.5,209.39926330683173,0.98
0.03564646464646465,0.8111111111111111,3.0,251.27911596819808,0.98
0.03564646464646465,0.8111111111111111,3.5,293.15896862956447,0.98
0.03564646464646465,0.9,2.0,186.93351009735193,0.98
0.03564646464646465,0.9,2.5,233.66688762168988,0.98
0.03564646464646465,0.9,3.0,280.40026514602783,0.98
0.03564646464646465,0.9,3.5,327.1336426703659,0.98
0.03614141414141414,0.1,2.0,92.76885711686816,0.98
0.03614141414141414,0.1,2.5,115.96107139608519,0.98
0.03614141414141414,0.1,3.0,139.15328567530227,0.98
0.03614141414141414,0.1,3.5,162.34549995451928,0.98
0.03614141414141414,0.18888888888888888,2.0,98.34768036677379,0.98
0.03614141414141414,0.18888888888888888,2.5,122.93460045846723,0.98
0.03614141414141414,0.18888888888888888,3.0,147.5215205501607,0.98
0.03614141414141414,0.18888888888888888,3.5,172.10844064185414,0.98
0.03614141414141414,0.2777777777777778,2.0,104.64042165233877,0.98
0.03614141414141414,0.2777777777777778,2.5,130.80052706542344,0.98
0.03614141414141414,0.2777777777777778,3.0,156.9606324785082,0.98
0.03614141414141414,0.2777777777777778,3.5,183.12073789159285,0.98
0.03614141414141414,0.3666666666666667,2.0,111.79348815852273,0.98
0.03614141414141414,0.3666666666666667,2.5,139.74186019815343,0.98
0.03614141414141414,0.3666666666666667,3.0,167.69023223778413,0.98
0.03614141414141414,0.3666666666666667,3.5,195.63860427741483,0.98
0.03614141414141414,0.4555555555555556,2.0,119.99625716951225,0.98
0.03614141414141414,0.4555555555555556,2.5,149.9953214618903,0.98
0.03614141414141414,0.4555555555555556,3.0,179.9943857542684,0.98
0.03614141414141414,0.4555555555555556,3.5,209.99345004664644,0.98
0.03614141414141414,0.5444444444444445,2.0,129.49808887649132,0.98
0.03614141414141414,0.5444444444444445,2.5,161.87261109561413,0.98
0.03614141414141414,0.5444444444444445,3.0,194.247133314737,0.98
0.03614141414141414,0.5444444444444445,3.5,226.6216555338598,0.98
0.03614141414141414,0.6333333333333333,2.0,140.63411715781916,0.98
0.03614141414141414,0.6333333333333333,2.5,175.79264644727394,0.98
0.03614141414141414,0.6333333333333333,3.0,210.95117573672874,0.98
0.03614141414141414,0.6333333333333333,3.5,246.10970502618352,0.98
0.03614141414141414,0.7222222222222222,2.0,153.86559942598987,0.98
0.03614141414141414,0.7222222222222222,2.5,192.33199928248732,0.98
0.03614141414141414,0.7222222222222222,3.0,230.79839913898482,0.98
0.03614141414141414,0.7222222222222222,3.5,269.2647989954823,0.98
0.03614141414141414,0.8111111111111111,2.0,169.84540982983142,0.98
0.03614141414141414,0.8111111111111111,2.5,212.30676228728927,0.98
0.03614141414141414,0.8111111111111111,3.0,254.76811474474718,0.98
0.03614141414141414,0.8111111111111111,3.5,297.229467202205,0.98
0.03614141414141414,0.9,2.0,189.52907314489235,0.98
0.03614141414141414,0.9,2.5,236.9113414311154,0.98
0.03614141414141414,0.9,3.0,284.29360971733854,0.98
0.03614141414141414,0.9,3.5,331.67587800356165,0.98
0.03663636363636364,0.1,2.0,94.03930820650669,0.98
0.03663636363636364,0.1,2.5,117.54913525813335,0.98
0.03663636363636364,0.1,3.0,141.05896230976,0.98
0.03663636363636364,0.1,3.5,164.5687893613867,0.98
0.03663636363636364,0.18888888888888888,2.0,99.69453233378664,0.98
0.03663636363636364,0.18888888888888888,2.5,124.6181654172333,0.98
0.03663636363636364,0.18888888888888888,3.0,149.54179850067996,0.98
0.03663636363636364,0.18888888888888888,3.5,174.4654315841266,0.98
0.03663636363636364,0.2777777777777778,2.0,106.07345146255807,0.98
0.03663636363636364,0.2777777777777778,2.5,132.59181432819761,0.98
0.03663636363636364,0.2777777777777778,3.0,159.1101771938371,0.98
0.03663636363636364,0.2777777777777778,3.5,185.62854005947665,0.98
0.03663636363636364,0.3666666666666667,2.0,113.32447779512636,0.98
0.03663636363636364,0.3666666666666667,2.5,141.65559724390792,0.98
0.03663636363636364,0.3666666666666667,3.0,169.9867166926895,0.98
0.03663636363636364,0.3666666666666667,3.5,198.31783614147113,0.98
0.03663636363636364,0.4555555555555556,2.0,121.63958210000588,0.98
0.03663636363636364,0.4555555555555556,2.5,152.04947762500734,0.98
0.03663636363636364,0.4555555555555556,3.0,182.4593731500088,0.98
0.03663636363636364,0.4555555555555556,3.5,212.8692686750103,0.98
0.03663636363636364,0.5444444444444445,2.0,131.2715395067172,0.98
0.03663636363636364,0.5444444444444445,2.5,164.0894243833965,0.98
0.03663636363636364,0.5444444444444445,3.0,196.90730926007578,0.98
0.03663636363636364,0.5444444444444445,3.5,229.7251941367551,0.98
0.03663636363636364,0.6333333333333333,2.0,142.5600734855814,0.98
0.03663636363636364,0.6333333333333333,2.5,178.20009185697674,0.98
0.03663636363636364,0.6333333333333333,3.0,213.84011022837205,0.98
0.03663636363636364,0.6333333333333333,3.5,249.48012859976745,0.98
0.03663636363636364,0.7222222222222222,2.0,155.9727582778271,0.98
0.03663636363636364,0.7222222222222222,2.5,194.96594784728384,0.98
0.03663636363636364,0.7222222222222222,3.0,233.95913741674062,0.98
0.03663636363636364,0.7222222222222222,3.5,272.9523269861974,0.98
0.03663636363636364,0.8111111111111111,2.0,172.1714090141975,0.98
0.03663636363636364,0.8111111111111111,2.5,215.2142612677469,0.98
0.03663636363636364,0.8111111111111111,3.0,258.2571135212963,0.98
0.03663636363636364,0.8111111111111111,3.5,301.2999657748457,0.98
0.03663636363636364,0.9,2.0,192.12463619243283,0.98
0.03663636363636364,0.9,2.5,240.15579524054104,0.98
0.03663636363636364,0.9,3.0,288.18695428864925,0.98
0.03663636363636364,0.9,3.5,336.2181133367575,0.98
0.03713131313131313,0.1,2.0,95.30975929614516,0.98
0.03713131313131313,0.1,2.5,119.13719912018145,0.98
0.03713131313131313,0.1,3.0,142.96463894421777,0.98
0.03713131313131313,0.1,3.5,166.79207876825404,0.98
0.03713131313131313,0.18888888888888888,2.0,101.04138430079946,0.98
0.03713131313131313,0.18888888888888888,2.5,126.30173037599933,0.98
0.03713131313131313,0.18888888888888888,3.0,151.5620764511992,0.98
0.03713131313131313,0.18888888888888888,3.5,176.8224225263991,0.98
0.03713131313131313,0.2777777777777778,2.0,107.50648127277735,0.98
0.03713131313131313,0.2777777777777778,2.5,134.38310159097168,0.98
0.03713131313131313,0.2777777777777778,3.0,161.25972190916605,0.98
0.03713131313131313,0.2777777777777778,3.5,188.1363422273604,0.98
0.03713131313131313,0.3666666666666667,2.0,114.8554674317299,0.98
0.03713131313131313,0.3666666666666667,2.5,143.56933428966238,0.98
0.03713131313131313,0.3666666666666667,3.0,172.2832011475949,0.98
0.03713131313131313,0.3666666666666667,3.5,200.99706800552735,0.98
0.03713131313131313,0.4555555555555556,2.0,123.28290703049946,0.98
0.03713131313131313,0.4555555555555556,2.5,154.1036337881243,0.98
0.03713131313131313,0.4555555555555556,3.0,184.9243605457492,0.98
0.03713131313131313,0.4555555555555556,3.5,215.74508730337405,0.98
0.03713131313131313,0.5444444444444445,2.0,133.04499013694303,0.98
0.03713131313131313,0.5444444444444445,2.5,166.30623767117876,0.98
0.03713131313131313,0.5444444444444445,3.0,199.56748520541456,0.98
0.03713131313131313,0.5444444444444445,3.5,232.8287327396503,0.98
0.03713131313131313,0.6333333333333333,2.0,144.48602981334355,0.98
0.03713131313131313,0.6333333333333333,2.5,180.60753726667943,0.98
0.03713131313131313,0.6333333333333333,3.0,216.72904472001537,0.98
0.03713131313131313,0.6333333333333333,3.5,252.85055217335125,0.98
0.03713131313131313,0.7222222222222222,2.0,158.07991712966427,0.98
0.03713131313131313,0.7222222222222222,2.5,197.5998964120803,0.98
0.03713131313131313,0.7222222222222222,3.0,237.11987569449641,0.98
0.03713131313131313,0.7222222222222222,3.5,276.6398549769125,0.98
0.03713131313131313,0.8111111111111111,2.0,174.49740819856356,0.98
0.03713131313131313,0.8111111111111111,2.5,218.12176024820442,0.98
0.03713131313131313,0.8111111111111111,3.0,261.74611229784534,0.98
0.03713131313131313,0.8111111111111111,3.5,305.37046434748623,0.98
0.03713131313131313,0.9,2.0,194.72019923997325,0.98
0.03713131313131313,0.9,2.5,243.40024904996656,0.98
0.03713131313131313,0.9,3.0,292.0802988599599,0.98
0.03713131313131313,0.9,3.5,340.7603486699532,0.98
0.037626262626262626,0.1,2.0,96.58021038578364,0.98
0.037626262626262626,0.1,2.5,120.72526298222955,0.98
0.037626262626262626,0.1,3.0,144.87031557867547,0.98
0.037626262626262626,0.1,3.5,169.01536817512138,0.98
0.037626262626262626,0.18888888888888888,2.0,102.38823626781227,0.98
0.037626262626262626,0.18888888888888888,2.5,127.98529533476535,0.98
0.037626262626262626,0.18888888888888888,3.0,153.58235440171845,0.98
0.037626262626262626,0.18888888888888888,3.5,179.17941346867153,0.98
0.037626262626262626,0.2777777777777778,2.0,108.93951108299662,0.98
0.037626262626262626,0.2777777777777778,2.5,136.17438885374577,0.98
0.037626262626262626,0.2777777777777778,3.0,163.40926662449496,0.98
0.037626262626262626,0.2777777777777778,3.5,190.6441443952441,0.98
0.037626262626262626,0.3666666666666667,2.0,116.38645706833348,0.98
0.037626262626262626,0.3666666666666667,2.5,145.48307133541684,0.98
0.037626262626262626,0.3666666666666667,3.0,174.57968560250023,0.98
0.037626262626262626,0.3666666666666667,3.5,203.67629986958357,0.98
0.037626262626262626,0.4555555555555556,2.0,124.92623196099305,0.98
0.037626262626262626,0.4555555555555556,2.5,156.1577899512413,0.98
0.037626262626262626,0.4555555555555556,3.0,187.3893479414896,0.98
0.037626262626262626,0.4555555555555556,3.5,218.62090593173784,0.98
0.037626262626262626,0.5444444444444445,2.0,134.81844076716885,0.98
0.037626262626262626,0.5444444444444445,2.5,168.52305095896108,0.98
0.037626262626262626,0.5444444444444445,3.0,202.2276611507533,0.98
0.037626262626262626,0.5444444444444445,3.5,235.9322713425455,0.98
0.037626262626262626,0.6333333333333333,2.0,146.41198614110576,0.98
0.037626262626262626,0.6333333333333333,2.5,183.01498267638217,0.98
0.037626262626262626,0.6333333333333333,3.0,219.61797921165862,0.98
0.037626262626262626,0.6333333333333333,3.5,256.22097574693504,0.98
0.037626262626262626,0.7222222222222222,2.0,160.18707598150147,0.98
0.037626262626262626,0.7222222222222222,2.5,200.23384497687684,0.98
0.037626262626262626,0.7222222222222222,3.0,240.2806139722522,0.98
0.037626262626262626,0.7222222222222222,3.5,280.32738296762756,0.98
0.037626262626262626,0.8111111111111111,2.0,176.82340738292962,0.98
0.037626262626262626,0.8111111111111111,2.5,221.02925922866197,0.98
0.037626262626262626,0.8111111111111111,3.0,265.2351110743944,0.98
0.037626262626262626,0.8111111111111111,3.5,309.44096292012676,0.98
0.037626262626262626,0.9,2.0,197.3157622875137,0.98
0.037626262626262626,0.9,2.5,246.64470285939208,0.98
0.037626262626262626,0.9,3.0,295.97364343127055,0.98
0.037626262626262626,0.9,3.5,345.302584003149,0.98
0.038121212121212125,0.1,2.0,97.85066147542217,0.98
0.038121212121212125,0.1,2.5,122.3133268442777,0.98
0.038121212121212125,0.1,3.0,146.77599221313326,0.98
0.038121212121212125,0.1,3.5,171.2386575819888,0.98
0.038121212121212125,0.18888888888888888,2.0,103.73508823482514,0.98
0.038121212121212125,0.18888888888888888,2.5,129.66886029353142,0.98
0.038121212121212125,0.18888888888888888,3.0,155.60263235223772,0.98
0.038121212121212125,0.18888888888888888,3.5,181.536404410944,0.98
0.038121212121212125,0.2777777777777778,2.0,110.37254089321594,0.98
0.038121212121212125,0.2777777777777778,2.5,137.96567611651992,0.98
0.038121212121212125,0.2777777777777778,3.0,165.5588113398239,0.98
0.038121212121212125,0.2777777777777778,3.5,193.1519465631279,0.98
0.038121212121212125,0.3666666666666667,2.0,117.91744670493709,0.98
0.038121212121212125,0.3666666666666667,2.5,147.39680838117135,0.98
0.038121212121212125,0.3666666666666667,3.0,176.87617005740563,0.98
0.038121212121212125,0.3666666666666667,3.5,206.35553173363994,0.98
0.038121212121212125,0.4555555555555556,2.0,126.56955689148667,0.98
0.038121212121212125,0.4555555555555556,2.5,158.2119461143583,0.98
0.038121212121212125,0.4555555555555556,3.0,189.85433533723003,0.98
0.038121212121212125,0.4555555555555556,3.5,221.49672456010168,0.98
0.038121212121212125,0.5444444444444445,2.0,136.59189139739473,0.98
0.038121212121212125,0.5444444444444445,2.5,170.7398642467434,0.98
0.038121212121212125,0.5444444444444445,3.0,204.8878370960921,0.98
0.038121212121212125,0.5444444444444445,3.5,239.03580994544077,0.98
0.038121212121212125,0.6333333333333333,2.0,148.33794246886796,0.98
0.038121212121212125,0.6333333333333333,2.5,185.42242808608498,0.98
0.038121212121212125,0.6333333333333333,3.0,222.506913703302,0.98
0.038121212121212125,0.6333333333333333,3.5,259.591399320519,0.98
0.038121212121212125,0.7222222222222222,2.0,162.2942348333387,0.98
0.038121212121212125,0.7222222222222222,2.5,202.86779354167334,0.98
0.038121212121212125,0.7222222222222222,3.0,243.44135225000807,0.98
0.038121212121212125,0.7222222222222222,3.5,284.01491095834274,0.98
0.038121212121212125,0.8111111111111111,2.0,179.1494065672957,0.98
0.038121212121212125,0.8111111111111111,2.5,223.9367582091196,0.98
0.038121212121212125,0.8111111111111111,3.0,268.72410985094353,0.98
0.038121212121212125,0.8111111111111111,3.5,313.51146149276747,0.98
0.038121212121212125,0.9,2.0,199.91132533505416,0.98
0.038121212121212125,0.9,2.5,249.88915666881772,0.98
0.038121212121212125,0.9,3.0,299.8669880025813,0.98
0.038121212121212125,0.9,3.5,349.84481933634487,0.98
0.03861616161616162,0.1,2.0,99.12111256506064,0.98
0.03861616161616162,0.1,2.5,123.90139070632581,0.98
0.03861616161616162,0.1,3.0,148.681668847591,0.98
0.03861616161616162,0.1,3.5,173.46194698885617,0.98
0.03861616161616162,0.18888888888888888,2.0,105.08194020183795,0.98
0.03861616161616162,0.18888888888888888,2.5,131.35242525229745,0.98
0.03861616161616162,0.18888888888888888,3.0,157.62291030275694,0.98
0.03861616161616162,0.18888888888888888,3.5,183.89339535321642,0.98
0.03861616161616162,0.2777777777777778,2.0,111.80557070343521,0.98
0.03861616161616162,0.2777777777777778,2.5,139.756963379294,0.98
0.03861616161616162,0.2777777777777778,3.0,167.70835605515282,0.98
0.03861616161616162,0.2777777777777778,3.5,195.6597487310116,0.98
0.03861616161616162,0.3666666666666667,2.0,119.44843634154067,0.98
0.03861616161616162,0.3666666666666667,2.5,149.3105454269258,0.98
0.03861616161616162,0.3666666666666667,3.0,179.17265451231097,0.98
0.03861616161616162,0.3666666666666667,3.5,209.03476359769616,0.98
0.03861616161616162,0.4555555555555556,2.0,128.21288182198026,0.98
0.03861616161616162,0.4555555555555556,2.5,160.2661022774753,0.98
0.03861616161616162,0.4555555555555556,3.0,192.3193227329704,0.98
0.03861616161616162,0.4555555555555556,3.5,224.37254318846544,0.98
0.03861616161616162,0.5444444444444445,2.0,138.36534202762056,0.98
0.03861616161616162,0.5444444444444445,2.5,172.9566775345257,0.98
0.03861616161616162,0.5444444444444445,3.0,207.54801304143086,0.98
0.03861616161616162,0.5444444444444445,3.5,242.139348548336,0.98
0.03861616161616162,0.6333333333333333,2.0,150.26389879663017,0.98
0.03861616161616162,0.6333333333333333,2.5,187.82987349578767,0.98
0.03861616161616162,0.6333333333333333,3.0,225.39584819494522,0.98
0.03861616161616162,0.6333333333333333,3.5,262.9618228941028,0.98
0.03861616161616162,0.7222222222222222,2.0,164.40139368517586,0.98
0.03861616161616162,0.7222222222222222,2.5,205.50174210646983,0.98
0.03861616161616162,0.7222222222222222,3.0,246.60209052776383,0.98
0.03861616161616162,0.7222222222222222,3.5,287.7024389490578,0.98
0.03861616161616162,0.8111111111111111,2.0,181.4754057516617,0.98
0.03861616161616162,0.8111111111111111,2.5,226.84425718957712,0.98
0.03861616161616162,0.8111111111111111,3.0,272.2131086274926,0.98
0.03861616161616162,0.8111111111111111,3.5,317.581960065408,0.98
0.03861616161616162,0.9,2.0,202.5068883825946,0.98
0.03861616161616162,0.9,2.5,253.13361047824324,0.98
0.03861616161616162,0.9,3.0,303.76033257389196,0.98
0.03861616161616162,0.9,3.5,354.38705466954053,0.98
0.03911111111111111,0.1,2.0,100.39156365469914,0.98
0.03911111111111111,0.1,2.5,125.48945456837392,0.98
0.03911111111111111,0.1,3.0,150.5873454820487,0.98
0.03911111111111111,0.1,3.5,175.68523639572348,0.98
0.03911111111111111,0.18888888888888888,2.0,106.42879216885079,0.98
0.03911111111111111,0.18888888888888888,2.5,133.03599021106348,0.98
0.03911111111111111,0.18888888888888888,3.0,159.64318825327618,0.98
0.03911111111111111,0.18888888888888888,3.5,186.25038629548885,0.98
0.03911111111111111,0.2777777777777778,2.0,113.23860051365448,0.98
0.03911111111111111,0.2777777777777778,2.5,141.5482506420681,0.98
0.03911111111111111,0.2777777777777778,3.0,169.8579007704817,0.98
0.03911111111111111,0.2777777777777778,3.5,198.16755089889534,0.98
0.03911111111111111,0.3666666666666667,2.0,120.97942597814422,0.98
0.03911111111111111,0.3666666666666667,2.5,151.2242824726803,0.98
0.03911111111111111,0.3666666666666667,3.0,181.46913896721637,0.98
0.03911111111111111,0.3666666666666667,3.5,211.71399546175238,0.98
0.03911111111111111,0.4555555555555556,2.0,129.85620675247384,0.98
0.03911111111111111,0.4555555555555556,2.5,162.3202584405923,0.98
0.03911111111111111,0.4555555555555556,3.0,194.78431012871076,0.98
0.03911111111111111,0.4555555555555556,3.5,227.2483618168292,0.98
0.03911111111111111,0.5444444444444445,2.0,140.13879265784638,0.98
0.03911111111111111,0.5444444444444445,2.5,175.17349082230797,0.98
0.03911111111111111,0.5444444444444445,3.0,210.2081889867696,0.98
0.03911111111111111,0.5444444444444445,3.5,245.2428871512312,0.98
0.03911111111111111,0.6333333333333333,2.0,152.18985512439232,0.98
0.03911111111111111,0.6333333333333333,2.5,190.2373189054904,0.98
0.03911111111111111,0.6333333333333333,3.0,228.2847826865885,0.98
0.03911111111111111,0.6333333333333333,3.5,266.3322464676866,0.98
0.03911111111111111,0.7222222222222222,2.0,166.50855253701306,0.98
0.03911111111111111,0.7222222222222222,2.5,208.1356906712663,0.98
0.03911111111111111,0.7222222222222222,3.0,249.76282880551958,0.98
0.03911111111111111,0.7222222222222222,3.5,291.3899669397728,0.98
0.03911111111111111,0.8111111111111111,2.0,183.80140493602775,0.98
0.03911111111111111,0.8111111111111111,2.5,229.7517561700347,0.98
0.03911111111111111,0.8111111111111111,3.0,275.7021074040416,0.98
0.03911111111111111,0.8111111111111111,3.5,321.6524586380486,0.98
0.03911111111111111,0.9,2.0,205.10245143013503,0.98
0.03911111111111111,0.9,2.5,256.3780642876688,0.98
0.03911111111111111,0.9,3.0,307.65367714520255,0.98
0.03911111111111111,0.9,3.5,358.9292900027363,0.98
0.03960606060606061,0.1,2.0,101.66201474433767,0.98
0.03960606060606061,0.1,2.5,127.07751843042206,0.98
0.03960606060606061,0.1,3.0,152.4930221165065,0.98
0.03960606060606061,0.1,3.5,177.9085258025909,0.98
0.03960606060606061,0.18888888888888888,2.0,107.77564413586363,0.98
0.03960606060606061,0.18888888888888888,2.5,134.71955516982953,0.98
0.03960606060606061,0.18888888888888888,3.0,161.66346620379548,0.98
0.03960606060606061,0.18888888888888888,3.5,188.60737723776137,0.98
0.03960606060606061,0.2777777777777778,2.0,114.67163032387379,0.98
0.03960606060606061,0.2777777777777778,2.5,143.33953790484222,0.98
0.03960606060606061,0.2777777777777778,3.0,172.00744548581068,0.98
0.03960606060606061,0.2777777777777778,3.5,200.67535306677914,0.98
0.03960606060606061,0.3666666666666667,2.0,122.51041561474783,0.98
0.03960606060606061,0.3666666666666667,2.5,153.1380195184348,0.98
0.03960606060606061,0.3666666666666667,3.0,183.76562342212176,0.98
0.03960606060606061,0.3666666666666667,3.5,214.39322732580874,0.98
0.03960606060606061,0.4555555555555556,2.0,131.49953168296747,0.98
0.03960606060606061,0.4555555555555556,2.5,164.37441460370934,0.98
0.03960606060606061,0.4555555555555556,3.0,197.2492975244512,0.98
0.03960606060606061,0.4555555555555556,3.5,230.12418044519305,0.98
0.03960606060606061,0.5444444444444445,2.0,141.91224328807226,0.98
0.03960606060606061,0.5444444444444445,2.5,177.39030411009034,0.98
0.03960606060606061,0.5444444444444445,3.0,212.86836493210842,0.98
0.03960606060606061,0.5444444444444445,3.5,248.34642575412647,0.98
0.03960606060606061,0.6333333333333333,2.0,154.11581145215456,0.98
0.03960606060606061,0.6333333333333333,2.5,192.6447643151932,0.98
0.03960606060606061,0.6333333333333333,3.0,231.17371717823187,0.98
0.03960606060606061,0.6333333333333333,3.5,269.7026700412705,0.98
0.03960606060606061,0.7222222222222222,2.0,168.6157113888503,0.98
0.03960606060606061,0.7222222222222222,2.5,210.76963923606286,0.98
0.03960606060606061,0.7222222222222222,3.0,252.92356708327546,0.98
0.03960606060606061,0.7222222222222222,3.5,295.077494930488,0.98
0.03960606060606061,0.8111111111111111,2.0,186.12740412039383,0.98
0.03960606060606061,0.8111111111111111,2.5,232.6592551504923,0.98
0.03960606060606061,0.8111111111111111,3.0,279.1911061805908,0.98
0.03960606060606061,0.8111111111111111,3.5,325.72295721068923,0.98
0.03960606060606061,0.9,2.0,207.69801447767554,0.98
0.03960606060606061,0.9,2.5,259.6225180970944,0.98
0.03960606060606061,0.9,3.0,311.5470217165133,0.98
0.03960606060606061,0.9,3.5,363.4715253359322,0.98
0.0401010101010101,0.1,2.0,102.93246583397615,0.98
0.0401010101010101,0.1,2.5,128.6655822924702,0.98
0.0401010101010101,0.1,3.0,154.3986987509642,0.98
0.0401010101010101,0.1,3.5,180.13181520945827,0.98
0.0401010101010101,0.18888888888888888,2.0,109.12249610287647,0.98
0.0401010101010101,0.18888888888888888,2.5,136.4031201285956,0.98
0.0401010101010101,0.18888888888888888,3.0,163.6837441543147,0.98
0.0401010101010101,0.18888888888888888,3.5,190.9643681800338,0.98
0.0401010101010101,0.2777777777777778,2.0,116.10466013409307,0.98
0.0401010101010101,0.2777777777777778,2.5,145.13082516761634,0.98
0.0401010101010101,0.2777777777777778,3.0,174.1569902011396,0.98
0.0401010101010101,0.2777777777777778,3.5,203.18315523466285,0.98
0.0401010101010101,0.3666666666666667,2.0,124.0414052513514,0.98
0.0401010101010101,0.3666666666666667,2.5,155.05175656418925,0.98
0.0401010101010101,0.3666666666666667,3.0,186.0621078770271,0.98
0.0401010101010101,0.3666666666666667,3.5,217.07245918986496,0.98
0.0401010101010101,0.4555555555555556,2.0,133.14285661346105,0.98
0.0401010101010101,0.4555555555555556,2.5,166.4285707668263,0.98
0.0401010101010101,0.4555555555555556,3.0,199.7142849201916,0.98
0.0401010101010101,0.4555555555555556,3.5,232.99999907355686,0.98
0.0401010101010101,0.5444444444444445,2.0,143.68569391829809,0.98
0.0401010101010101,0.5444444444444445,2.5,179.6071173978726,0.98
0.0401010101010101,0.5444444444444445,3.0,215.52854087744717,0.98
0.0401010101010101,0.5444444444444445,3.5,251.44996435702168,0.98
0.0401010101010101,0.6333333333333333,2.0,156.04176777991674,0.98
0.0401010101010101,0.6333333333333333,2.5,195.0522097248959,0.98
0.0401010101010101,0.6333333333333333,3.0,234.06265166987512,0.98
0.0401010101010101,0.6333333333333333,3.5,273.0730936148543,0.98
0.0401010101010101,0.7222222222222222,2.0,170.72287024068748,0.98
0.0401010101010101,0.7222222222222222,2.5,213.40358780085933,0.98
0.0401010101010101,0.7222222222222222,3.0,256.0843053610312,0.98
0.0401010101010101,0.7222222222222222,3.5,298.76502292120307,0.98
0.0401010101010101,0.8111111111111111,2.0,188.45340330475986,0.98
0.0401010101010101,0.8111111111111111,2.5,235.56675413094982,0.98
0.0401010101010101,0.8111111111111111,3.0,282.6801049571398,0.98
0.0401010101010101,0.8111111111111111,3.5,329.79345578332976,0.98
0.0401010101010101,0.9,2.0,210.29357752521594,0.98
0.0401010101010101,0.9,2.5,262.86697190651995,0.98
0.0401010101010101,0.9,3.0,315.4403662878239,0.98
0.0401010101010101,0.9,3.5,368.013760669128,0.98
0.0405959595959596,0.1,2.0,104.20291692361467,0.98
0.0405959595959596,0.1,2.5,130.25364615451832,0.98
0.0405959595959596,0.1,3.0,156.304375385422,0.98
0.0405959595959596,0.1,3.5,182.35510461632566,0.98
0.0405959595959596,0.18888888888888888,2.0,110.4693480698893,0.98
0.0405959595959596,0.18888888888888888,2.5,138.08668508736164,0.98
0.0405959595959596,0.18888888888888888,3.0,165.70402210483397,0.98
0.0405959595959596,0.18888888888888888,3.5,193.3213591223063,0.98
0.0405959595959596,0.2777777777777778,2.0,117.53768994431236,0.98
0.0405959595959596,0.2777777777777778,2.5,146.92211243039046,0.98
0.0405959595959596,0.2777777777777778,3.0,176.30653491646854,0.98
0.0405959595959596,0.2777777777777778,3.5,205.69095740254662,0.98
0.0405959595959596,0.3666666666666667,2.0,125.572394887955,0.98
0.0405959595959596,0.3666666666666667,2.5,156.96549360994376,0.98
0.0405959595959596,0.3666666666666667,3.0,188.35859233193253,0.98
0.0405959595959596,0.3666666666666667,3.5,219.75169105392126,0.98
0.0405959595959596,0.4555555555555556,2.0,134.78618154395468,0.98
0.0405959595959596,0.4555555555555556,2.5,168.48272692994334,0.98
0.0405959595959596,0.4555555555555556,3.0,202.17927231593202,0.98
0.0405959595959596,0.4555555555555556,3.5,235.8758177019207,0.98
0.0405959595959596,0.5444444444444445,2.0,145.45914454852397,0.98
0.0405959595959596,0.5444444444444445,2.5,181.82393068565497,0.98
0.0405959595959596,0.5444444444444445,3.0,218.18871682278598,0.98
0.0405959595959596,0.5444444444444445,3.5,254.55350295991695,0.98
0.0405959595959596,0.6333333333333333,2.0,157.96772410767898,0.98
0.0405959595959596,0.6333333333333333,2.5,197.4596551345987,0.98
0.0405959595959596,0.6333333333333333,3.0,236.95158616151846,0.98
0.0405959595959596,0.6333333333333333,3.5,276.4435171884382,0.98
0.0405959595959596,0.7222222222222222,2.0,172.8300290925247,0.98
0.0405959595959596,0.7222222222222222,2.5,216.03753636565588,0.98
0.0405959595959596,0.7222222222222222,3.0,259.2450436387871,0.98
0.0405959595959596,0.7222222222222222,3.5,302.45255091191825,0.98
0.0405959595959596,0.8111111111111111,2.0,190.77940248912594,0.98
0.0405959595959596,0.8111111111111111,2.5,238.47425311140742,0.98
0.0405959595959596,0.8111111111111111,3.0,286.1691037336889,0.98
0.0405959595959596,0.8111111111111111,3.5,333.86395435597046,0.98
0.0405959595959596,0.9,2.0,212.88914057275645,0.98
0.0405959595959596,0.9,2.5,266.1114257159456,0.98
0.0405959595959596,0.9,3.0,319.33371085913467,0.98
0.0405959595959596,0.9,3.5,372.5559960023238,0.98
0.041090909090909095,0.1,2.0,105.47336801325315,0.98
0.041090909090909095,0.1,2.5,131.84171001656642,0.98
0.041090909090909095,0.1,3.0,158.21005201987973,0.98
0.041090909090909095,0.1,3.5,184.578394023193,0.98
0.041090909090909095,0.18888888888888888,2.0,111.81620003690215,0.98
0.041090909090909095,0.18888888888888888,2.5,139.77025004612767,0.98
0.041090909090909095,0.18888888888888888,3.0,167.7243000553532,0.98
0.041090909090909095,0.18888888888888888,3.5,195.67835006457872,0.98
0.041090909090909095,0.2777777777777778,2.0,118.97071975453163,0.98
0.041090909090909095,0.2777777777777778,2.5,148.71339969316455,0.98
0.041090909090909095,0.2777777777777778,3.0,178.45607963179745,0.98
0.041090909090909095,0.2777777777777778,3.5,208.19875957043038,0.98
0.041090909090909095,0.3666666666666667,2.0,127.10338452455858,0.98
0.041090909090909095,0.3666666666666667,2.5,158.87923065569822,0.98
0.041090909090909095,0.3666666666666667,3.0,190.65507678683787,0.98
0.041090909090909095,0.3666666666666667,3.5,222.43092291797748,0.98
0.041090909090909095,0.4555555555555556,2.0,136.42950647444826,0.98
0.041090909090909095,0.4555555555555556,2.5,170.53688309306034,0.98
0.041090909090909095,0.4555555555555556,3.0,204.6442597116724,0.98
0.041090909090909095,0.4555555555555556,3.5,238.75163633028447,0.98
0.041090909090909095,0.5444444444444445,2.0,147.2325951787498,0.98
0.041090909090909095,0.5444444444444445,2.5,184.04074397343723,0.98
0.041090909090909095,0.5444444444444445,3.0,220.84889276812473,0.98
0.041090909090909095,0.5444444444444445,3.5,257.65704156281214,0.98
0.041090909090909095,0.6333333333333333,2.0,159.89368043544115,0.98
0.041090909090909095,0.6333333333333333,2.5,199.86710054430145,0.98
0.041090909090909095,0.6333333333333333,3.0,239.84052065316175,0.98
0.041090909090909095,0.6333333333333333,3.5,279.813940762022,0.98
0.041090909090909095,0.7222222222222222,2.0,174.93718794436188,0.98
0.041090909090909095,0.7222222222222222,2.5,218.67148493045238,0.98
0.041090909090909095,0.7222222222222222,3.0,262.4057819165428,0.98
0.041090909090909095,0.7222222222222222,3.5,306.1400789026333,0.98
0.041090909090909095,0.8111111111111111,2.0,193.105401673492,0.98
0.041090909090909095,0.8111111111111111,2.5,241.381752091865,0.98
0.041090909090909095,0.8111111111111111,3.0,289.658102510238,0.98
0.041090909090909095,0.8111111111111111,3.5,337.934452928611,0.98
0.041090909090909095,0.9,2.0,215.48470362029687,0.98
0.041090909090909095,0.9,2.5,269.3558795253711,0.98
0.041090909090909095,0.9,3.0,323.2270554304453,0.98
0.041090909090909095,0.9,3.5,377.09823133551953,0.98
0.04158585858585859,0.1,2.0,106.74381910289163,0.98
0.04158585858585859,0.1,2.5,133.42977387861455,0.98
0.04158585858585859,0.1,3.0,160.11572865433746,0.98
0.04158585858585859,0.1,3.5,186.80168343006036,0.98
0.04158585858585859,0.18888888888888888,2.0,113.16305200391496,0.98
0.04158585858585859,0.18888888888888888,2.5,141.4538150048937,0.98
0.04158585858585859,0.18888888888888888,3.0,169.74457800587243,0.98
0.04158585858585859,0.18888888888888888,3.5,198.03534100685116,0.98
0.04158585858585859,0.2777777777777778,2.0,120.40374956475091,0.98
0.04158585858585859,0.2777777777777778,2.5,150.50468695593864,0.98
0.04158585858585859,0.2777777777777778,3.0,180.60562434712634,0.98
0.04158585858585859,0.2777777777777778,3.5,210.7065617383141,0.98
0.04158585858585859,0.3666666666666667,2.0,128.63437416116213,0.98
0.04158585858585859,0.3666666666666667,2.5,160.79296770145268,0.98
0.04158585858585859,0.3666666666666667,3.0,192.9515612417432,0.98
0.04158585858585859,0.3666666666666667,3.5,225.11015478203376,0.98
0.04158585858585859,0.4555555555555556,2.0,138.07283140494187,0.98
0.04158585858585859,0.4555555555555556,2.5,172.5910392561773,0.98
0.04158585858585859,0.4555555555555556,3.0,207.10924710741278,0.98
0.04158585858585859,0.4555555555555556,3.5,241.62745495864826,0.98
0.04158585858585859,0.5444444444444445,2.0,149.00604580897564,0.98
0.04158585858585859,0.5444444444444445,2.5,186.25755726121955,0.98
0.04158585858585859,0.5444444444444445,3.0,223.50906871346345,0.98
0.04158585858585859,0.5444444444444445,3.5,260.7605801657074,0.98
0.04158585858585859,0.6333333333333333,2.0,161.81963676320333,0.98
0.04158585858585859,0.6333333333333333,2.5,202.2745459540042,0.98
0.04158585858585859,0.6333333333333333,3.0,242.729455144805,0.98
0.04158585858585859,0.6333333333333333,3.5,283.18436433560584,0.98
0.04158585858585859,0.7222222222222222,2.0,177.04434679619908,0.98
0.04158585858585859,0.7222222222222222,2.5,221.30543349524885,0.98
0.04158585858585859,0.7222222222222222,3.0,265.5665201942986,0.98
0.04158585858585859,0.7222222222222222,3.5,309.8276068933484,0.98
0.04158585858585859,0.8111111111111111,2.0,195.43140085785805,0.98
0.04158585858585859,0.8111111111111111,2.5,244.28925107232257,0.98
0.04158585858585859,0.8111111111111111,3.0,293.14710128678706,0.98
0.04158585858585859,0.8111111111111111,3.5,342.0049515012515,0.98
0.04158585858585859,0.9,2.0,218.08026666783732,0.98
0.04158585858585859,0.9,2.5,272.60033333479663,0.98
0.04158585858585859,0.9,3.0,327.12040000175597,0.98
0.04158585858585859,0.9,3.5,381.6404666687153,0.98
0.04208080808080809,0.1,2.0,108.01427019253015,0.98
0.04208080808080809,0.1,2.5,135.01783774066269,0.98
0.04208080808080809,0.1,3.0,162.02140528879522,0.98
0.04208080808080809,0.1,3.5,189.02497283692776,0.98
0.04208080808080809,0.18888888888888888,2.0,114.50990397092782,0.98
0.04208080808080809,0.18888888888888888,2.5,143.13737996365975,0.98
0.04208080808080809,0.18888888888888888,3.0,171.7648559563917,0.98
0.04208080808080809,0.18888888888888888,3.5,200.39233194912367,0.98
0.04208080808080809,0.2777777777777778,2.0,121.83677937497022,0.98
0.04208080808080809,0.2777777777777778,2.5,152.29597421871276,0.98
0.04208080808080809,0.2777777777777778,3.0,182.75516906245534,0.98
0.04208080808080809,0.2777777777777778,3.5,213.21436390619786,0.98
0.04208080808080809,0.3666666666666667,2.0,130.16536379776576,0.98
0.04208080808080809,0.3666666666666667,2.5,162.70670474720717,0.98
0.04208080808080809,0.3666666666666667,3.0,195.24804569664863,0.98
0.04208080808080809,0.3666666666666667,3.5,227.78938664609007,0.98
0.04208080808080809,0.4555555555555556,2.0,139.71615633543547,0.98
0.04208080808080809,0.4555555555555556,2.5,174.64519541929437,0.98
0.04208080808080809,0.4555555555555556,3.0,209.5742345031532,0.98
0.04208080808080809,0.4555555555555556,3.5,244.5032735870121,0.98
0.04208080808080809,0.5444444444444445,2.0,150.7794964392015,0.98
0.04208080808080809,0.5444444444444445,2.5,188.47437054900186,0.98
0.04208080808080809,0.5444444444444445,3.0,226.16924465880228,0.98
0.04208080808080809,0.5444444444444445,3.5,263.8641187686026,0.98
0.04208080808080809,0.6333333333333333,2.0,163.74559309096557,0.98
0.04208080808080809,0.6333333333333333,2.5,204.68199136370694,0.98
0.04208080808080809,0.6333333333333333,3.0,245.61838963644834,0.98
0.04208080808080809,0.6333333333333333,3.5,286.5547879091897,0.98
0.04208080808080809,0.7222222222222222,2.0,179.1515056480363,0.98
0.04208080808080809,0.7222222222222222,2.5,223.9393820600454,0.98
0.04208080808080809,0.7222222222222222,3.0,268.7272584720545,0.98
0.04208080808080809,0.7222222222222222,3.5,313.51513488406357,0.98
0.04208080808080809,0.8111111111111111,2.0,197.75740004222413,0.98
0.04208080808080809,0.8111111111111111,2.5,247.19675005278017,0.98
0.04208080808080809,0.8111111111111111,3.0,296.6361000633362,0.98
0.04208080808080809,0.8111111111111111,3.5,346.0754500738922,0.98
0.04208080808080809,0.9,2.0,220.67582971537777,0.98
0.04208080808080809,0.9,2.5,275.84478714422227,0.98
0.04208080808080809,0.9,3.0,331.0137445730667,0.98
0.04208080808080809,0.9,3.5,386.18270200191114,0.98
0.04257575757575758,0.1,2.0,109.28472128216863,0.98
0.04257575757575758,0.1,2.5,136.6059016027108,0.98
0.04257575757575758,0.1,3.0,163.92708192325293,0.98
0.04257575757575758,0.1,3.5,191.24826224379512,0.98
0.04257575757575758,0.18888888888888888,2.0,115.85675593794063,0.98
0.04257575757575758,0.18888888888888888,2.5,144.82094492242578,0.98
0.04257575757575758,0.18888888888888888,3.0,173.78513390691094,0.98
0.04257575757575758,0.18888888888888888,3.5,202.7493228913961,0.98
0.04257575757575758,0.2777777777777778,2.0,123.26980918518949,0.98
0.04257575757575758,0.2777777777777778,2.5,154.08726148148685,0.98
0.04257575757575758,0.2777777777777778,3.0,184.90471377778422,0.98
0.04257575757575758,0.2777777777777778,3.5,215.72216607408163,0.98
0.04257575757575758,0.3666666666666667,2.0,131.6963534343693,0.98
0.04257575757575758,0.3666666666666667,2.5,164.62044179296163,0.98
0.04257575757575758,0.3666666666666667,3.0,197.54453015155397,0.98
0.04257575757575758,0.3666666666666667,3.5,230.46861851014629,0.98
0.04257575757575758,0.4555555555555556,2.0,141.35948126592908,0.98
0.04257575757575758,0.4555555555555556,2.5,176.6993515824113,0.98
0.04257575757575758,0.4555555555555556,3.0,212.0392218988936,0.98
0.04257575757575758,0.4555555555555556,3.5,247.37909221537586,0.98
0.04257575757575758,0.5444444444444445,2.0,152.55294706942735,0.98
0.04257575757575758,0.5444444444444445,2.5,190.69118383678415,0.98
0.04257575757575758,0.5444444444444445,3.0,228.829420604141,0.98
0.04257575757575758,0.5444444444444445,3.5,266.96765737149786,0.98
0.04257575757575758,0.6333333333333333,2.0,165.67154941872772,0.98
0.04257575757575758,0.6333333333333333,2.5,207.08943677340963,0.98
0.04257575757575758,0.6333333333333333,3.0,248.5073241280916,0.98
0.04257575757575758,0.6333333333333333,3.5,289.92521148277353,0.98
0.04257575757575758,0.7222222222222222,2.0,181.25866449987348,0.98
0.04257575757575758,0.7222222222222222,2.5,226.57333062484187,0.98
0.04257575757575758,0.7222222222222222,3.0,271.8879967498102,0.98
0.04257575757575758,0.7222222222222222,3.5,317.2026628747786,0.98
0.04257575757575758,0.8111111111111111,2.0,200.08339922659016,0.98
0.04257575757575758,0.8111111111111111,2.5,250.1042490332377,0.98
0.04257575757575758,0.8111111111111111,3.0,300.1250988398852,0.98
0.04257575757575758,0.8111111111111111,3.5,350.14594864653276,0.98
0.04257575757575758,0.9,2.0,223.27139276291823,0.98
0.04257575757575758,0.9,2.5,279.08924095364773,0.98
0.04257575757575758,0.9,3.0,334.9070891443773,0.98
0.04257575757575758,0.9,3.5,390.72493733510686,0.98
0.04307070707070707,0.1,2.0,110.55517237180713,0.98
0.04307070707070707,0.1,2.5,138.19396546475892,0.98
0.04307070707070707,0.1,3.0,165.83275855771066,0.98
0.04307070707070707,0.1,3.5,193.47155165066246,0.98
0.04307070707070707,0.18888888888888888,2.0,117.20360790495346,0.98
0.04307070707070707,0.18888888888888888,2.5,146.5045098811918,0.98
0.04307070707070707,0.18888888888888888,3.0,175.80541185743016,0.98
0.04307070707070707,0.18888888888888888,3.5,205.10631383366854,0.98
0.04307070707070707,0.2777777777777778,2.0,124.70283899540875,0.98
0.04307070707070707,0.2777777777777778,2.5,155.87854874426097,0.98
0.04307070707070707,0.2777777777777778,3.0,187.05425849311314,0.98
0.04307070707070707,0.2777777777777778,3.5,218.22996824196534,0.98
0.04307070707070707,0.3666666666666667,2.0,133.2273430709729,0.98
0.04307070707070707,0.3666666666666667,2.5,166.53417883871612,0.98
0.04307070707070707,0.3666666666666667,3.0,199.8410146064593,0.98
0.04307070707070707,0.3666666666666667,3.5,233.14785037420256,0.98
0.04307070707070707,0.4555555555555556,2.0,143.00280619642265,0.98
0.04307070707070707,0.4555555555555556,2.5,178.7535077455283,0.98
0.04307070707070707,0.4555555555555556,3.0,214.50420929463397,0.98
0.04307070707070707,0.4555555555555556,3.5,250.25491084373962,0.98
0.04307070707070707,0.5444444444444445,2.0,154.32639769965317,0.98
0.04307070707070707,0.5444444444444445,2.5,192.90799712456646,0.98
0.04307070707070707,0.5444444444444445,3.0,231.48959654947973,0.98
0.04307070707070707,0.5444444444444445,3.5,270.07119597439305,0.98
0.04307070707070707,0.6333333333333333,2.0,167.59750574648993,0.98
0.04307070707070707,0.6333333333333333,2.5,209.49688218311243,0.98
0.04307070707070707,0.6333333333333333,3.0,251.39625861973488,0.98
0.04307070707070707,0.6333333333333333,3.5,293.29563505635736,0.98
0.04307070707070707,0.7222222222222222,2.0,183.36582335171067,0.98
0.04307070707070707,0.7222222222222222,2.5,229.20727918963837,0.98
0.04307070707070707,0.7222222222222222,3.0,275.048735027566,0.98
0.04307070707070707,0.7222222222222222,3.5,320.8901908654937,0.98
0.04307070707070707,0.8111111111111111,2.0,202.40939841095621,0.98
0.04307070707070707,0.8111111111111111,2.5,253.01174801369527,0.98
0.04307070707070707,0.8111111111111111,3.0,303.61409761643426,0.98
0.04307070707070707,0.8111111111111111,3.5,354.2164472191733,0.98
0.04307070707070707,0.9,2.0,225.86695581045865,0.98
0.04307070707070707,0.9,2.5,282.3336947630733,0.98
0.04307070707070707,0.9,3.0,338.8004337156879,0.98
0.04307070707070707,0.9,3.5,395.26717266830263,0.98
0.04356565656565657,0.1,2.0,111.82562346144563,0.98
0.04356565656565657,0.1,2.5,139.78202932680702,0.98
0.04356565656565657,0.1,3.0,167.73843519216845,0.98
0.04356565656565657,0.1,3.5,195.69484105752986,0.98
0.04356565656565657,0.18888888888888888,2.0,118.55045987196631,0.98
0.04356565656565657,0.18888888888888888,2.5,148.18807483995786,0.98
0.04356565656565657,0.18888888888888888,3.0,177.82568980794943,0.98
0.04356565656565657,0.18888888888888888,3.5,207.46330477594105,0.98
0.04356565656565657,0.2777777777777778,2.0,126.13586880562808,0.98
0.04356565656565657,0.2777777777777778,2.5,157.66983600703506,0.98
0.04356565656565657,0.2777777777777778,3.0,189.20380320844208,0.98
0.04356565656565657,0.2777777777777778,3.5,220.7377704098491,0.98
0.04356565656565657,0.3666666666666667,2.0,134.7583327075765,0.98
0.04356565656565657,0.3666666666666667,2.5,168.4479158844706,0.98
0.04356565656565657,0.3666666666666667,3.0,202.1374990613647,0.98
0.04356565656565657,0.3666666666666667,3.5,235.82708223825887,0.98
0.04356565656565657,0.4555555555555556,2.0,144.6461311269163,0.98
0.04356565656565657,0.4555555555555556,2.5,180.8076639086453,0.98
0.04356565656565657,0.4555555555555556,3.0,216.9691966903744,0.98
0.04356565656565657,0.4555555555555556,3.5,253.13072947210347,0.98
0.04356565656565657,0.5444444444444445,2.0,156.09984832987905,0.98
0.04356565656565657,0.5444444444444445,2.5,195.12481041234878,0.98
0.04356565656565657,0.5444444444444445,3.0,234.14977249481854,0.98
0.04356565656565657,0.5444444444444445,3.5,273.17473457728835,0.98
0.04356565656565657,0.6333333333333333,2.0,169.52346207425214,0.98
0.04356565656565657,0.6333333333333333,2.5,211.90432759281518,0.98
0.04356565656565657,0.6333333333333333,3.0,254.28519311137822,0.98
0.04356565656565657,0.6333333333333333,3.5,296.66605862994123,0.98
0.04356565656565657,0.7222222222222222,2.0,185.4729822035479,0.98
0.04356565656565657,0.7222222222222222,2.5,231.84122775443487,0.98
0.04356565656565657,0.7222222222222222,3.0,278.20947330532186,0.98
0.04356565656565657,0.7222222222222222,3.5,324.57771885620883,0.98
0.04356565656565657,0.8111111111111111,2.0,204.7353975953223,0.98
0.04356565656565657,0.8111111111111111,2.5,255.91924699415281,0.98
0.04356565656565657,0.8111111111111111,3.0,307.10309639298345,0.98
0.04356565656565657,0.8111111111111111,3.5,358.28694579181405,0.98
0.04356565656565657,0.9,2.0,228.46251885799913,0.98
0.04356565656565657,0.9,2.5,285.5781485724989,0.98
0.04356565656565657,0.9,3.0,342.6937782869987,0.98
0.04356565656565657,0.9,3.5,399.80940800149847,0.98
0.044060606060606064,0.1,2.0,113.09607455108413,0.98
0.044060606060606064,0.1,2.5,141.37009318885518,0.98
0.044060606060606064,0.1,3.0,169.6441118266262,0.98
0.044060606060606064,0.1,3.5,197.91813046439722,0.98
0.044060606060606064,0.18888888888888888,2.0,119.89731183897914,0.98
0.044060606060606064,0.18888888888888888,2.5,149.87163979872392,0.98
0.044060606060606064,0.18888888888888888,3.0,179.84596775846867,0.98
0.044060606060606064,0.18888888888888888,3.5,209.8202957182135,0.98
0.044060606060606064,0.2777777777777778,2.0,127.56889861584735,0.98
0.044060606060606064,0.2777777777777778,2.5,159.46112326980918,0.98
0.044060606060606064,0.2777777777777778,3.0,191.353347923771,0.98
0.044060606060606064,0.2777777777777778,3.5,223.24557257773282,0.98
0.044060606060606064,0.3666666666666667,2.0,136.28932234418008,0.98
0.044060606060606064,0.3666666666666667,2.5,170.3616529302251,0.98
0.044060606060606064,0.3666666666666667,3.0,204.4339835162701,0.98
0.044060606060606064,0.3666666666666667,3.5,238.5063141023151,0.98
0.044060606060606064,0.4555555555555556,2.0,146.28945605740986,0.98
0.044060606060606064,0.4555555555555556,2.5,182.86182007176237,0.98
0.044060606060606064,0.4555555555555556,3.0,219.43418408611478,0.98
0.044060606060606064,0.4555555555555556,3.5,256.0065481004672,0.98
0.044060606060606064,0.5444444444444445,2.0,157.87329896010488,0.98
0.044060606060606064,0.5444444444444445,2.5,197.3416237001311,0.98
0.044060606060606064,0.5444444444444445,3.0,236.80994844015729,0.98
0.044060606060606064,0.5444444444444445,3.5,276.27827318018353,0.98
0.044060606060606064,0.6333333333333333,2.0,171.44941840201432,0.98
0.044060606060606064,0.6333333333333333,2.5,214.31177300251792,0.98
0.044060606060606064,0.6333333333333333,3.0,257.1741276030215,0.98
0.044060606060606064,0.6333333333333333,3.5,300.03648220352505,0.98
0.044060606060606064,0.7222222222222222,2.0,187.5801410553851,0.98
0.044060606060606064,0.7222222222222222,2.5,234.4751763192314,0.98
0.044060606060606064,0.7222222222222222,3.0,281.3702115830776,0.98
0.044060606060606064,0.7222222222222222,3.5,328.2652468469239,0.98
0.044060606060606064,0.8111111111111111,2.0,207.0613967796883,0.98
0.044060606060606064,0.8111111111111111,2.5,258.82674597461045,0.98
0.044060606060606064,0.8111111111111111,3.0,310.59209516953246,0.98
0.044060606060606064,0.8111111111111111,3.5,362.3574443644545,0.98
0.044060606060606064,0.9,2.0,231.05808190553955,0.98
0.044060606060606064,0.9,2.5,288.82260238192447,0.98
0.044060606060606064,0.9,3.0,346.5871228583093,0.98
0.044060606060606064,0.9,3.5,404.35164333469424,0.98
0.04455555555555556,0.1,2.0,114.36652564072261,0.98
0.04455555555555556,0.1,2.5,142.95815705090325,0.98
0.04455555555555556,0.1,3.0,171.54978846108392,0.98
0.04455555555555556,0.1,3.5,200.14141987126456,0.98
0.04455555555555556,0.18888888888888888,2.0,121.24416380599195,0.98
0.04455555555555556,0.18888888888888888,2.5,151.55520475748992,0.98
0.04455555555555556,0.18888888888888888,3.0,181.86624570898792,0.98
0.04455555555555556,0.18888888888888888,3.5,212.17728666048592,0.98
0.04455555555555556,0.2777777777777778,2.0,129.0019284260666,0.98
0.04455555555555556,0.2777777777777778,2.5,161.25241053258327,0.98
0.04455555555555556,0.2777777777777778,3.0,193.50289263909994,0.98
0.04455555555555556,0.2777777777777778,3.5,225.75337474561658,0.98
0.04455555555555556,0.3666666666666667,2.0,137.82031198078363,0.98
0.04455555555555556,0.3666666666666667,2.5,172.27538997597955,0.98
0.04455555555555556,0.3666666666666667,3.0,206.73046797117547,0.98
0.04455555555555556,0.3666666666666667,3.5,241.18554596637134,0.98
0.04455555555555556,0.4555555555555556,2.0,147.93278098790344,0.98
0.04455555555555556,0.4555555555555556,2.5,184.9159762348793,0.98
0.04455555555555556,0.4555555555555556,3.0,221.8991714818552,0.98
0.04455555555555556,0.4555555555555556,3.5,258.882366728831,0.98
0.04455555555555556,0.5444444444444445,2.0,159.6467495903307,0.98
0.04455555555555556,0.5444444444444445,2.5,199.55843698791338,0.98
0.04455555555555556,0.5444444444444445,3.0,239.47012438549606,0.98
0.04455555555555556,0.5444444444444445,3.5,279.3818117830787,0.98
0.04455555555555556,0.6333333333333333,2.0,173.3753747297765,0.98
0.04455555555555556,0.6333333333333333,2.5,216.7192184122206,0.98
0.04455555555555556,0.6333333333333333,3.0,260.06306209466476,0.98
0.04455555555555556,0.6333333333333333,3.5,303.4069057771089,0.98
0.04455555555555556,0.7222222222222222,2.0,189.68729990722227,0.98
0.04455555555555556,0.7222222222222222,2.5,237.10912488402786,0.98
0.04455555555555556,0.7222222222222222,3.0,284.53094986083346,0.98
0.04455555555555556,0.7222222222222222,3.5,331.95277483763897,0.98
0.04455555555555556,0.8111111111111111,2.0,209.38739596405435,0.98
0.04455555555555556,0.8111111111111111,2.5,261.73424495506794,0.98
0.04455555555555556,0.8111111111111111,3.0,314.0810939460816,0.98
0.04455555555555556,0.8111111111111111,3.5,366.4279429370951,0.98
0.04455555555555556,0.9,2.0,233.65364495307998,0.98
0.04455555555555556,0.9,2.5,292.06705619135,0.98
0.04455555555555556,0.9,3.0,350.48046742962,0.98
0.04455555555555556,0.9,3.5,408.89387866788996,0.98
0.045050505050505056,0.1,2.0,115.63697673036113,0.98
0.045050505050505056,0.1,2.5,144.5462209129514,0.98
0.045050505050505056,0.1,3.0,173.45546509554165,0.98
0.045050505050505056,0.1,3.5,202.36470927813195,0.98
0.045050505050505056,0.18888888888888888,2.0,122.59101577300481,0.98
0.045050505050505056,0.18888888888888888,2.5,153.23876971625603,0.98
0.045050505050505056,0.18888888888888888,3.0,183.88652365950722,0.98
0.045050505050505056,0.18888888888888888,3.5,214.5342776027584,0.98
0.045050505050505056,0.2777777777777778,2.0,130.43495823628592,0.98
0.045050505050505056,0.2777777777777778,2.5,163.04369779535742,0.98
0.045050505050505056,0.2777777777777778,3.0,195.65243735442888,0.98
0.045050505050505056,0.2777777777777778,3.5,228.26117691350035,0.98
0.045050505050505056,0.3666666666666667,2.0,139.35130161738724,0.98
0.045050505050505056,0.3666666666666667,2.5,174.18912702173407,0.98
0.045050505050505056,0.3666666666666667,3.0,209.02695242608084,0.98
0.045050505050505056,0.3666666666666667,3.5,243.86477783042767,0.98
0.045050505050505056,0.4555555555555556,2.0,149.57610591839708,0.98
0.045050505050505056,0.4555555555555556,2.5,186.97013239799637,0.98
0.045050505050505056,0.4555555555555556,3.0,224.3641588775956,0.98
0.045050505050505056,0.4555555555555556,3.5,261.75818535719486,0.98
0.045050505050505056,0.5444444444444445,2.0,161.42020022055658,0.98
0.045050505050505056,0.5444444444444445,2.5,201.77525027569573,0.98
0.045050505050505056,0.5444444444444445,3.0,242.13030033083484,0.98
0.045050505050505056,0.5444444444444445,3.5,282.485350385974,0.98
0.045050505050505056,0.6333333333333333,2.0,175.30133105753873,0.98
0.045050505050505056,0.6333333333333333,2.5,219.12666382192344,0.98
0.045050505050505056,0.6333333333333333,3.0,262.9519965863081,0.98
0.045050505050505056,0.6333333333333333,3.5,306.7773293506928,0.98
0.045050505050505056,0.7222222222222222,2.0,191.7944587590595,0.98
0.045050505050505056,0.7222222222222222,2.5,239.7430734488244,0.98
0.045050505050505056,0.7222222222222222,3.0,287.69168813858926,0.98
0.045050505050505056,0.7222222222222222,3.5,335.6403028283541,0.98
0.045050505050505056,0.8111111111111111,2.0,211.71339514842043,0.98
0.045050505050505056,0.8111111111111111,2.5,264.64174393552554,0.98
0.045050505050505056,0.8111111111111111,3.0,317.57009272263065,0.98
0.045050505050505056,0.8111111111111111,3.5,370.49844150973576,0.98
0.045050505050505056,0.9,2.0,236.24920800062048,0.98
0.045050505050505056,0.9,2.5,295.3115100007756,0.98
0.045050505050505056,0.9,3.0,354.3738120009307,0.98
0.045050505050505056,0.9,3.5,413.4361140010858,0.98
0.04554545454545455,0.1,2.0,116.90742781999961,0.98
0.04554545454545455,0.1,2.5,146.13428477499951,0.98
0.04554545454545455,0.1,3.0,175.36114172999942,0.98
0.04554545454545455,0.1,3.5,204.58799868499932,0.98
0.04554545454545455,0.18888888888888888,2.0,123.93786774001762,0.98
0.04554545454545455,0.18888888888888888,2.5,154.92233467502203,0.98
0.04554545454545455,0.18888888888888888,3.0,185.90680161002646,0.98
0.04554545454545455,0.18888888888888888,3.5,216.89126854503084,0.98
0.04554545454545455,0.2777777777777778,2.0,131.8679880465052,0.98
0.04554545454545455,0.2777777777777778,2.5,164.83498505813148,0.98
0.04554545454545455,0.2777777777777778,3.0,197.80198206975783,0.98
0.04554545454545455,0.2777777777777778,3.5,230.76897908138406,0.98
0.04554545454545455,0.3666666666666667,2.0,140.88229125399081,0.98
0.04554545454545455,0.3666666666666667,2.5,176.10286406748853,0.98
0.04554545454545455,0.3666666666666667,3.0,211.32343688098624,0.98
0.04554545454545455,0.3666666666666667,3.5,246.5440096944839,0.98
0.04554545454545455,0.4555555555555556,2.0,151.21943084889065,0.98
0.04554545454545455,0.4555555555555556,2.5,189.0242885611133,0.98
0.04554545454545455,0.4555555555555556,3.0,226.82914627333602,0.98
0.04554545454545455,0.4555555555555556,3.5,264.63400398555865,0.98
0.04554545454545455,0.5444444444444445,2.0,163.1936508507824,0.98
0.04554545454545455,0.5444444444444445,2.5,203.992063563478,0.98
0.04554545454545455,0.5444444444444445,3.0,244.79047627617362,0.98
0.04554545454545455,0.5444444444444445,3.5,285.5888889888692,0.98
0.04554545454545455,0.6333333333333333,2.0,177.2272873853009,0.98
0.04554545454545455,0.6333333333333333,2.5,221.53410923162616,0.98
0.04554545454545455,0.6333333333333333,3.0,265.8409310779514,0.98
0.04554545454545455,0.6333333333333333,3.5,310.1477529242766,0.98
0.04554545454545455,0.7222222222222222,2.0,193.9016176108967,0.98
0.04554545454545455,0.7222222222222222,2.5,242.37702201362086,0.98
0.04554545454545455,0.7222222222222222,3.0,290.85242641634505,0.98
0.04554545454545455,0.7222222222222222,3.5,339.3278308190692,0.98
0.04554545454545455,0.8111111111111111,2.0,214.0393943327865,0.98
0.04554545454545455,0.8111111111111111,2.5,267.5492429159831,0.98
0.04554545454545455,0.8111111111111111,3.0,321.0590914991797,0.98
0.04554545454545455,0.8111111111111111,3.5,374.5689400823763,0.98
0.04554545454545455,0.9,2.0,238.84477104816094,0.98
0.04554545454545455,0.9,2.5,298.55596381020115,0.98
0.04554545454545455,0.9,3.0,358.2671565722414,0.98
0.04554545454545455,0.9,3.5,417.9783493342816,0.98
0.04604040404040404,0.1,2.0,118.1778789096381,0.98
0.04604040404040404,0.1,2.5,147.72234863704765,0.98
0.04604040404040404,0.1,3.0,177.26681836445712,0.98
0.04604040404040404,0.1,3.5,206.81128809186666,0.98
0.04604040404040404,0.18888888888888888,2.0,125.28471970703045,0.98
0.04604040404040404,0.18888888888888888,2.5,156.60589963378808,0.98
0.04604040404040404,0.18888888888888888,3.0,187.92707956054565,0.98
0.04604040404040404,0.18888888888888888,3.5,219.24825948730327,0.98
0.04604040404040404,0.2777777777777778,2.0,133.30101785672449,0.98
0.04604040404040404,0.2777777777777778,2.5,166.6262723209056,0.98
0.04604040404040404,0.2777777777777778,3.0,199.95152678508668,0.98
0.04604040404040404,0.2777777777777778,3.5,233.27678124926783,0.98
0.04604040404040404,0.3666666666666667,2.0,142.4132808905944,0.98
0.04604040404040404,0.3666666666666667,2.5,178.016601113243,0.98
0.04604040404040404,0.3666666666666667,3.0,213.61992133589158,0.98
0.04604040404040404,0.3666666666666667,3.5,249.22324155854014,0.98
0.04604040404040404,0.4555555555555556,2.0,152.86275577938426,0.98
0.04604040404040404,0.4555555555555556,2.5,191.0784447242303,0.98
0.04604040404040404,0.4555555555555556,3.0,229.29413366907636,0.98
0.04604040404040404,0.4555555555555556,3.5,267.50982261392244,0.98
0.04604040404040404,0.5444444444444445,2.0,164.96710148100826,0.98
0.04604040404040404,0.5444444444444445,2.5,206.20887685126033,0.98
0.04604040404040404,0.5444444444444445,3.0,247.45065222151234,0.98
0.04604040404040404,0.5444444444444445,3.5,288.6924275917644,0.98
0.04604040404040404,0.6333333333333333,2.0,179.15324371306312,0.98
0.04604040404040404,0.6333333333333333,2.5,223.9415546413289,0.98
0.04604040404040404,0.6333333333333333,3.0,268.72986556959466,0.98
0.04604040404040404,0.6333333333333333,3.5,313.5181764978604,0.98
0.04604040404040404,0.7222222222222222,2.0,196.00877646273386,0.98
0.04604040404040404,0.7222222222222222,2.5,245.01097057841739,0.98
0.04604040404040404,0.7222222222222222,3.0,294.0131646941008,0.98
0.04604040404040404,0.7222222222222222,3.5,343.01535880978423,0.98
0.04604040404040404,0.8111111111111111,2.0,216.3653935171525,0.98
0.04604040404040404,0.8111111111111111,2.5,270.4567418964407,0.98
0.04604040404040404,0.8111111111111111,3.0,324.5480902757288,0.98
0.04604040404040404,0.8111111111111111,3.5,378.6394386550169,0.98
0.04604040404040404,0.9,2.0,241.44033409570133,0.98
0.04604040404040404,0.9,2.5,301.80041761962667,0.98
0.04604040404040404,0.9,3.0,362.160501143552,0.98
0.04604040404040404,0.9,3.5,422.5205846674773,0.98
0.04653535353535354,0.1,2.0,119.44832999927661,0.98
0.04653535353535354,0.1,2.5,149.31041249909575,0.98
0.04653535353535354,0.1,3.0,179.1724949989149,0.98
0.04653535353535354,0.1,3.5,209.03457749873405,0.98
0.04653535353535354,0.18888888888888888,2.0,126.6315716740433,0.98
0.04653535353535354,0.18888888888888888,2.5,158.28946459255414,0.98
0.04653535353535354,0.18888888888888888,3.0,189.94735751106498,0.98
0.04653535353535354,0.18888888888888888,3.5,221.60525042957576,0.98
0.04653535353535354,0.2777777777777778,2.0,134.73404766694378,0.98
0.04653535353535354,0.2777777777777778,2.5,168.41755958367972,0.98
0.04653535353535354,0.2777777777777778,3.0,202.10107150041566,0.98
0.04653535353535354,0.2777777777777778,3.5,235.7845834171516,0.98
0.04653535353535354,0.3666666666666667,2.0,143.94427052719797,0.98
0.04653535353535354,0.3666666666666667,2.5,179.93033815899744,0.98
0.04653535353535354,0.3666666666666667,3.0,215.91640579079697,0.98
0.04653535353535354,0.3666666666666667,3.5,251.90247342259644,0.98
0.04653535353535354,0.4555555555555556,2.0,154.50608070987786,0.98
0.04653535353535354,0.4555555555555556,2.5,193.13260088734737,0.98
0.04653535353535354,0.4555555555555556,3.0,231.7591210648168,0.98
0.04653535353535354,0.4555555555555556,3.5,270.3856412422863,0.98
0.04653535353535354,0.5444444444444445,2.0,166.7405521112341,0.98
0.04653535353535354,0.5444444444444445,2.5,208.42569013904264,0.98
0.04653535353535354,0.5444444444444445,3.0,250.11082816685118,0.98
0.04653535353535354,0.5444444444444445,3.5,291.7959661946597,0.98
0.04653535353535354,0.6333333333333333,2.0,181.07920004082533,0.98
0.04653535353535354,0.6333333333333333,2.5,226.34900005103165,0.98
0.04653535353535354,0.6333333333333333,3.0,271.618800061238,0.98
0.04653535353535354,0.6333333333333333,3.5,316.8886000714443,0.98
0.04653535353535354,0.7222222222222222,2.0,198.1159353145711,0.98
0.04653535353535354,0.7222222222222222,2.5,247.64491914321388,0.98
0.04653535353535354,0.7222222222222222,3.0,297.17390297185665,0.98
0.04653535353535354,0.7222222222222222,3.5,346.70288680049947,0.98
0.04653535353535354,0.8111111111111111,2.0,218.6913927015186,0.98
0.04653535353535354,0.8111111111111111,2.5,273.36424087689824,0.98
0.04653535353535354,0.8111111111111111,3.0,328.0370890522779,0.98
0.04653535353535354,0.8111111111111111,3.5,382.7099372276575,0.98
0.04653535353535354,0.9,2.0,244.03589714324184,0.98
0.04653535353535354,0.9,2.5,305.0448714290523,0.98
0.04653535353535354,0.9,3.0,366.05384571486275,0.98
0.04653535353535354,0.9,3.5,427.0628200006732,0.98
0.04703030303030303,0.1,2.0,120.7187810889151,0.98
0.04703030303030303,0.1,2.5,150.8984763611439,0.98
0.04703030303030303,0.1,3.0,181.07817163337265,0.98
0.04703030303030303,0.1,3.5,211.25786690560142,0.98
0.04703030303030303,0.18888888888888888,2.0,127.97842364105612,0.98
0.04703030303030303,0.18888888888888888,2.5,159.97302955132017,0.98
0.04703030303030303,0.18888888888888888,3.0,191.9676354615842,0.98
0.04703030303030303,0.18888888888888888,3.5,223.96224137184822,0.98
0.04703030303030303,0.2777777777777778,2.0,136.16707747716305,0.98
0.04703030303030303,0.2777777777777778,2.5,170.20884684645384,0.98
0.04703030303030303,0.2777777777777778,3.0,204.25061621574457,0.98
0.04703030303030303,0.2777777777777778,3.5,238.2923855850353,0.98
0.04703030303030303,0.3666666666666667,2.0,145.47526016380155,0.98
0.04703030303030303,0.3666666666666667,2.5,181.84407520475193,0.98
0.04703030303030303,0.3666666666666667,3.0,218.2128902457023,0.98
0.04703030303030303,0.3666666666666667,3.5,254.5817052866527,0.98
0.04703030303030303,0.4555555555555556,2.0,156.14940564037147,0.98
0.04703030303030303,0.4555555555555556,2.5,195.18675705046437,0.98
0.04703030303030303,0.4555555555555556,3.0,234.2241084605572,0.98
0.04703030303030303,0.4555555555555556,3.5,273.26145987065007,0.98
0.04703030303030303,0.5444444444444445,2.0,168.51400274145996,0.98
0.04703030303030303,0.5444444444444445,2.5,210.64250342682496,0.98
0.04703030303030303,0.5444444444444445,3.0,252.7710041121899,0.98
0.04703030303030303,0.5444444444444445,3.5,294.89950479755487,0.98
0.04703030303030303,0.6333333333333333,2.0,183.00515636858748,0.98
0.04703030303030303,0.6333333333333333,2.5,228.7564454607344,0.98
0.04703030303030303,0.6333333333333333,3.0,274.50773455288123,0.98
0.04703030303030303,0.6333333333333333,3.5,320.2590236450281,0.98
0.04703030303030303,0.7222222222222222,2.0,200.2230941664083,0.98
0.04703030303030303,0.7222222222222222,2.5,250.27886770801038,0.98
0.04703030303030303,0.7222222222222222,3.0,300.33464124961245,0.98
0.04703030303030303,0.7222222222222222,3.5,350.3904147912145,0.98
0.04703030303030303,0.8111111111111111,2.0,221.01739188588465,0.98
0.04703030303030303,0.8111111111111111,2.5,276.27173985735584,0.98
0.04703030303030303,0.8111111111111111,3.0,331.526087828827,0.98
0.04703030303030303,0.8111111111111111,3.5,386.7804358002981,0.98
0.04703030303030303,0.9,2.0,246.63146019078226,0.98
0.04703030303030303,0.9,2.5,308.28932523847783,0.98
0.04703030303030303,0.9,3.0,369.94719028617334,0.98
0.04703030303030303,0.9,3.5,431.6050553338689,0.98
0.047525252525252526,0.1,2.0,121.98923217855359,0.98
0.047525252525252526,0.1,2.5,152.48654022319198,0.98
0.047525252525252526,0.1,3.0,182.98384826783038,0.98
0.047525252525252526,0.1,3.5,213.48115631246878,0.98
0.047525252525252526,0.18888888888888888,2.0,129.32527560806895,0.98
0.047525252525252526,0.18888888888888888,2.5,161.6565945100862,0.98
0.047525252525252526,0.18888888888888888,3.0,193.98791341210344,0.98
0.047525252525252526,0.18888888888888888,3.5,226.31923231412065,0.98
0.047525252525252526,0.2777777777777778,2.0,137.60010728738231,0.98
0.047525252525252526,0.2777777777777778,2.5,172.0001341092279,0.98
0.047525252525252526,0.2777777777777778,3.0,206.4001609310735,0.98
0.047525252525252526,0.2777777777777778,3.5,240.80018775291907,0.98
0.047525252525252526,0.3666666666666667,2.0,147.00624980040513,0.98
0.047525252525252526,0.3666666666666667,2.5,183.7578122505064,0.98
0.047525252525252526,0.3666666666666667,3.0,220.50937470060765,0.98
0.047525252525252526,0.3666666666666667,3.5,257.26093715070897,0.98
0.047525252525252526,0.4555555555555556,2.0,157.79273057086505,0.98
0.047525252525252526,0.4555555555555556,2.5,197.2409132135813,0.98
0.047525252525252526,0.4555555555555556,3.0,236.68909585629754,0.98
0.047525252525252526,0.4555555555555556,3.5,276.13727849901386,0.98
0.047525252525252526,0.5444444444444445,2.0,170.28745337168579,0.98
0.047525252525252526,0.5444444444444445,2.5,212.85931671460722,0.98
0.047525252525252526,0.5444444444444445,3.0,255.43118005752865,0.98
0.047525252525252526,0.5444444444444445,3.5,298.0030434004501,0.98
0.047525252525252526,0.6333333333333333,2.0,184.9311126963497,0.98
0.047525252525252526,0.6333333333333333,2.5,231.1638908704371,0.98
0.047525252525252526,0.6333333333333333,3.0,277.3966690445245,0.98
0.047525252525252526,0.6333333333333333,3.5,323.629447218612,0.98
0.047525252525252526,0.7222222222222222,2.0,202.3302530182455,0.98
0.047525252525252526,0.7222222222222222,2.5,252.91281627280685,0.98
0.047525252525252526,0.7222222222222222,3.0,303.49537952736824,0.98
0.047525252525252526,0.7222222222222222,3.5,354.0779427819296,0.98
0.047525252525252526,0.8111111111111111,2.0,223.3433910702507,0.98
0.047525252525252526,0.8111111111111111,2.5,279.17923883781333,0.98
0.047525252525252526,0.8111111111111111,3.0,335.015086605376,0.98
0.047525252525252526,0.8111111111111111,3.5,390.85093437293875,0.98
0.047525252525252526,0.9,2.0,249.2270232383227,0.98
0.047525252525252526,0.9,2.5,311.53377904790335,0.98
0.047525252525252526,0.9,3.0,373.840534857484,0.98
0.047525252525252526,0.9,3.5,436.1472906670647,0.98
0.048020202020202025,0.1,2.0,123.25968326819209,0.98
0.048020202020202025,0.1,2.5,154.07460408524014,0.98
0.048020202020202025,0.1,3.0,184.88952490228814,0.98
0.048020202020202025,0.1,3.5,215.70444571933615,0.98
0.048020202020202025,0.18888888888888888,2.0,130.67212757508182,0.98
0.048020202020202025,0.18888888888888888,2.5,163.34015946885225,0.98
0.048020202020202025,0.18888888888888888,3.0,196.0081913626227,0.98
0.048020202020202025,0.18888888888888888,3.5,228.67622325639311,0.98
0.048020202020202025,0.2777777777777778,2.0,139.0331370976016,0.98
0.048020202020202025,0.2777777777777778,2.5,173.79142137200208,0.98
0.048020202020202025,0.2777777777777778,3.0,208.54970564640246,0.98
0.048020202020202025,0.2777777777777778,3.5,243.30798992080284,0.98
0.048020202020202025,0.3666666666666667,2.0,148.5372394370087,0.98
0.048020202020202025,0.3666666666666667,2.5,185.6715492962609,0.98
0.048020202020202025,0.3666666666666667,3.0,222.80585915551308,0.98
0.048020202020202025,0.3666666666666667,3.5,259.9401690147652,0.98
0.048020202020202025,0.4555555555555556,2.0,159.43605550135868,0.98
0.048020202020202025,0.4555555555555556,2.5,199.29506937669836,0.98
0.048020202020202025,0.4555555555555556,3.0,239.15408325203802,0.98
0.048020202020202025,0.4555555555555556,3.5,279.01309712737765,0.98
0.048020202020202025,0.5444444444444445,2.0,172.06090400191167,0.98
0.048020202020202025,0.5444444444444445,2.5,215.0761300023896,0.98
0.048020202020202025,0.5444444444444445,3.0,258.0913560028675,0.98
0.048020202020202025,0.5444444444444445,3.5,301.10658200334535,0.98
0.048020202020202025,0.6333333333333333,2.0,186.8570690241119,0.98
0.048020202020202025,0.6333333333333333,2.5,233.57133628013992,0.98
0.048020202020202025,0.6333333333333333,3.0,280.28560353616786,0.98
0.048020202020202025,0.6333333333333333,3.5,326.99987079219585,0.98
0.048020202020202025,0.7222222222222222,2.0,204.43741187008268,0.98
0.048020202020202025,0.7222222222222222,2.5,255.5467648376034,0.98
0.048020202020202025,0.7222222222222222,3.0,306.6561178051241,0.98
0.048020202020202025,0.7222222222222222,3.5,357.76547077264473,0.98
0.048020202020202025,0.8111111111111111,2.0,225.6693902546168,0.98
0.048020202020202025,0.8111111111111111,2.5,282.086737818271,0.98
0.048020202020202025,0.8111111111111111,3.0,338.50408538192517,0.98
0.048020202020202025,0.8111111111111111,3.5,394.9214329455793,0.98
0.048020202020202025,0.9,2.0,251.82258628586317,0.98
0.048020202020202025,0.9,2.5,314.778232857329,0.98
0.048020202020202025,0.9,3.0,377.73387942879475,0.98
0.048020202020202025,0.9,3.5,440.6895260002605,0.98
0.04851515151515152,0.1,2.0,124.53013435783059,0.98
0.04851515151515152,0.1,2.5,155.66266794728824,0.98
0.04851515151515152,0.1,3.0,186.79520153674585,0.98
0.04851515151515152,0.1,3.5,217.92773512620354,0.98
0.04851515151515152,0.18888888888888888,2.0,132.01897954209463,0.98
0.04851515151515152,0.18888888888888888,2.5,165.02372442761828,0.98
0.04851515151515152,0.18888888888888888,3.0,198.02846931314193,0.98
0.04851515151515152,0.18888888888888888,3.5,231.0332141986656,0.98
0.04851515151515152,0.2777777777777778,2.0,140.4661669078209,0.98
0.04851515151515152,0.2777777777777778,2.5,175.58270863477614,0.98
0.04851515151515152,0.2777777777777778,3.0,210.69925036173132,0.98
0.04851515151515152,0.2777777777777778,3.5,245.8157920886866,0.98
0.04851515151515152,0.3666666666666667,2.0,150.0682290736123,0.98
0.04851515151515152,0.3666666666666667,2.5,187.58528634201537,0.98
0.04851515151515152,0.3666666666666667,3.0,225.10234361041842,0.98
0.04851515151515152,0.3666666666666667,3.5,262.6194008788215,0.98
0.04851515151515152,0.4555555555555556,2.0,161.07938043185226,0.98
0.04851515151515152,0.4555555555555556,2.5,201.3492255398153,0.98
0.04851515151515152,0.4555555555555556,3.0,241.6190706477784,0.98
0.04851515151515152,0.4555555555555556,3.5,281.8889157557415,0.98
0.04851515151515152,0.5444444444444445,2.0,173.83435463213746,0.98
0.04851515151515152,0.5444444444444445,2.5,217.29294329017185,0.98
0.04851515151515152,0.5444444444444445,3.0,260.7515319482062,0.98
0.04851515151515152,0.5444444444444445,3.5,304.2101206062406,0.98
0.04851515151515152,0.6333333333333333,2.0,188.7830253518741,0.98
0.04851515151515152,0.6333333333333333,2.5,235.97878168984263,0.98
0.04851515151515152,0.6333333333333333,3.0,283.17453802781114,0.98
0.04851515151515152,0.6333333333333333,3.5,330.37029436577967,0.98
0.04851515151515152,0.7222222222222222,2.0,206.54457072191988,0.98
0.04851515151515152,0.7222222222222222,2.5,258.1807134023999,0.98
0.04851515151515152,0.7222222222222222,3.0,309.81685608287984,0.98
0.04851515151515152,0.7222222222222222,3.5,361.4529987633598,0.98
0.04851515151515152,0.8111111111111111,2.0,227.99538943898278,0.98
0.04851515151515152,0.8111111111111111,2.5,284.99423679872854,0.98
0.04851515151515152,0.8111111111111111,3.0,341.9930841584742,0.98
0.04851515151515152,0.8111111111111111,3.5,398.9919315182199,0.98
0.04851515151515152,0.9,2.0,254.4181493334036,0.98
0.04851515151515152,0.9,2.5,318.0226866667545,0.98
0.04851515151515152,0.9,3.0,381.6272240001054,0.98
0.04851515151515152,0.9,3.5,445.2317613334563,0.98
0.04901010101010101,0.1,2.0,125.80058544746908,0.98
0.04901010101010101,0.1,2.5,157.25073180933634,0.98
0.04901010101010101,0.1,3.0,188.7008781712036,0.98
0.04901010101010101,0.1,3.5,220.15102453307088,0.98
0.04901010101010101,0.18888888888888888,2.0,133.36583150910744,0.98
0.04901010101010101,0.18888888888888888,2.5,166.7072893863843,0.98
0.04901010101010101,0.18888888888888888,3.0,200.0487472636612,0.98
0.04901010101010101,0.18888888888888888,3.5,233.39020514093804,0.98
0.04901010101010101,0.2777777777777778,2.0,141.89919671804017,0.98
0.04901010101010101,0.2777777777777778,2.5,177.3739958975502,0.98
0.04901010101010101,0.2777777777777778,3.0,212.84879507706026,0.98
0.04901010101010101,0.2777777777777778,3.5,248.32359425657032,0.98
0.04901010101010101,0.3666666666666667,2.0,151.59921871021587,0.98
0.04901010101010101,0.3666666666666667,2.5,189.49902338776982,0.98
0.04901010101010101,0.3666666666666667,3.0,227.39882806532384,0.98
0.04901010101010101,0.3666666666666667,3.5,265.29863274287777,0.98
0.04901010101010101,0.4555555555555556,2.0,162.72270536234586,0.98
0.04901010101010101,0.4555555555555556,2.5,203.4033817029323,0.98
0.04901010101010101,0.4555555555555556,3.0,244.08405804351878,0.98
0.04901010101010101,0.4555555555555556,3.5,284.7647343841052,0.98
0.04901010101010101,0.5444444444444445,2.0,175.6078052623633,0.98
0.04901010101010101,0.5444444444444445,2.5,219.50975657795414,0.98
0.04901010101010101,0.5444444444444445,3.0,263.411707893545,0.98
0.04901010101010101,0.5444444444444445,3.5,307.3136592091358,0.98
0.04901010101010101,0.6333333333333333,2.0,190.70898167963628,0.98
0.04901010101010101,0.6333333333333333,2.5,238.38622709954532,0.98
0.04901010101010101,0.6333333333333333,3.0,286.0634725194544,0.98
0.04901010101010101,0.6333333333333333,3.5,333.7407179393635,0.98
0.04901010101010101,0.7222222222222222,2.0,208.65172957375708,0.98
0.04901010101010101,0.7222222222222222,2.5,260.81466196719634,0.98
0.04901010101010101,0.7222222222222222,3.0,312.97759436063563,0.98
0.04901010101010101,0.7222222222222222,3.5,365.1405267540749,0.98
0.04901010101010101,0.8111111111111111,2.0,230.32138862334884,0.98
0.04901010101010101,0.8111111111111111,2.5,287.901735779186,0.98
0.04901010101010101,0.8111111111111111,3.0,345.4820829350233,0.98
0.04901010101010101,0.8111111111111111,3.5,403.06243009086046,0.98
0.04901010101010101,0.9,2.0,257.013712380944,0.98
0.04901010101010101,0.9,2.5,321.26714047618003,0.98
0.04901010101010101,0.9,3.0,385.5205685714161,0.98
0.04901010101010101,0.9,3.5,449.77399666665207,0.98
0.04950505050505051,0.1,2.0,127.0710365371076,0.98
0.04950505050505051,0.1,2.5,158.8387956713845,0.98
0.04950505050505051,0.1,3.0,190.60655480566137,0.98
0.04950505050505051,0.1,3.5,222.37431393993828,0.98
0.04950505050505051,0.18888888888888888,2.0,134.7126834761203,0.98
0.04950505050505051,0.18888888888888888,2.5,168.3908543451504,0.98
0.04950505050505051,0.18888888888888888,3.0,202.06902521418044,0.98
0.04950505050505051,0.18888888888888888,3.5,235.74719608321053,0.98
0.04950505050505051,0.2777777777777778,2.0,143.3322265282595,0.98
0.04950505050505051,0.2777777777777778,2.5,179.16528316032438,0.98
0.04950505050505051,0.2777777777777778,3.0,214.9983397923892,0.98
0.04950505050505051,0.2777777777777778,3.5,250.83139642445408,0.98
0.04950505050505051,0.3666666666666667,2.0,153.13020834681947,0.98
0.04950505050505051,0.3666666666666667,2.5,191.41276043352434,0.98
0.04950505050505051,0.3666666666666667,3.0,229.6953125202292,0.98
0.04950505050505051,0.3666666666666667,3.5,267.9778646069341,0.98
0.04950505050505051,0.4555555555555556,2.0,164.36603029283947,0.98
0.04950505050505051,0.4555555555555556,2.5,205.45753786604936,0.98
0.04950505050505051,0.4555555555555556,3.0,246.5490454392592,0.98
0.04950505050505051,0.4555555555555556,3.5,287.64055301246907,0.98
0.04950505050505051,0.5444444444444445,2.0,177.38125589258917,0.98
0.04950505050505051,0.5444444444444445,2.5,221.72656986573648,0.98
0.04950505050505051,0.5444444444444445,3.0,266.07188383888376,0.98
0.04950505050505051,0.5444444444444445,3.5,310.4171978120311,0.98
0.04950505050505051,0.6333333333333333,2.0,192.63493800739852,0.98
0.04950505050505051,0.6333333333333333,2.5,240.79367250924813,0.98
0.04950505050505051,0.6333333333333333,3.0,288.9524070110977,0.98
0.04950505050505051,0.6333333333333333,3.5,337.1111415129474,0.98
0.04950505050505051,0.7222222222222222,2.0,210.75888842559434,0.98
0.04950505050505051,0.7222222222222222,2.5,263.44861053199287,0.98
0.04950505050505051,0.7222222222222222,3.0,316.13833263839143,0.98
0.04950505050505051,0.7222222222222222,3.5,368.82805474479005,0.98
0.04950505050505051,0.8111111111111111,2.0,232.64738780771492,0.98
0.04950505050505051,0.8111111111111111,2.5,290.80923475964363,0.98
0.04950505050505051,0.8111111111111111,3.0,348.97108171157237,0.98
0.04950505050505051,0.8111111111111111,3.5,407.13292866350116,0.98
0.04950505050505051,0.9,2.0,259.6092754284845,0.98
0.04950505050505051,0.9,2.5,324.51159428560567,0.98
0.04950505050505051,0.9,3.0,389.4139131427268,0.98
0.04950505050505051,0.9,3.5,454.31623199984796,0.98
0.05,0.1,2.0,128.34148762674607,0.98
0.05,0.1,2.5,160.42685953343258,0.98
0.05,0.1,3.0,192.5122314401191,0.98
0.05,0.1,3.5,224.59760334680564,0.98
0.05,0.18888888888888888,2.0,136.05953544313311,0.98
0.05,0.18888888888888888,2.5,170.0744193039164,0.98
0.05,0.18888888888888888,3.0,204.0893031646997,0.98
0.05,0.18888888888888888,3.5,238.10418702548296,0.98
0.05,0.2777777777777778,2.0,144.76525633847874,0.98
0.05,0.2777777777777778,2.5,180.95657042309844,0.98
0.05,0.2777777777777778,3.0,217.14788450771815,0.98
0.05,0.2777777777777778,3.5,253.33919859233785,0.98
0.05,0.3666666666666667,2.0,154.66119798342302,0.98
0.05,0.3666666666666667,2.5,193.3264974792788,0.98
0.05,0.3666666666666667,3.0,231.99179697513458,0.98
0.05,0.3666666666666667,3.5,270.6570964709903,0.98
0.05,0.4555555555555556,2.0,166.00935522333307,0.98
0.05,0.4555555555555556,2.5,207.5116940291663,0.98
0.05,0.4555555555555556,3.0,249.01403283499963,0.98
0.05,0.4555555555555556,3.5,290.51637164083286,0.98
0.05,0.5444444444444445,2.0,179.15470652281502,0.98
0.05,0.5444444444444445,2.5,223.94338315351877,0.98
0.05,0.5444444444444445,3.0,268.73205978422254,0.98
0.05,0.5444444444444445,3.5,313.52073641492626,0.98
0.05,0.6333333333333333,2.0,194.5608943351607,0.98
0.05,0.6333333333333333,2.5,243.2011179189508,0.98
0.05,0.6333333333333333,3.0,291.84134150274105,0.98
0.05,0.6333333333333333,3.5,340.4815650865312,0.98
0.05,0.7222222222222222,2.0,212.86604727743148,0.98
0.05,0.7222222222222222,2.5,266.08255909678934,0.98
0.05,0.7222222222222222,3.0,319.2990709161473,0.98
0.05,0.7222222222222222,3.5,372.5155827355051,0.98
0.05,0.8111111111111111,2.0,234.97338699208095,0.98
0.05,0.8111111111111111,2.5,293.7167337401012,0.98
0.05,0.8111111111111111,3.0,352.4600804881215,0.98
0.05,0.8111111111111111,3.5,411.20342723614175,0.98
0.05,0.9,2.0,262.2048384760249,0.98
0.05,0.9,2.5,327.7560480950312,0.98
0.05,0.9,3.0,393.30725771403746,0.98
0.05,0.9,3.5,458.8584673330436,0.98
