/*--------------------------------*- C++ -*----------------------------------*\
  =========                 |
  \\      /  F ield         | OpenFOAM: The Open Source CFD Toolbox
   \\    /   O peration     | Website:  https://openfoam.org
    \\  /    A nd           | Version:  12
     \\/     M anipulation  |
\*---------------------------------------------------------------------------*/
/*   Windows 32 and 64 bit porting by blueCAPE: http://www.bluecape.com.pt   *\
|  Based on Windows porting (2.0.x v4) by Symscape: http://www.symscape.com   |
\*---------------------------------------------------------------------------*/
FoamFile
{
    format      ascii;
    class       labelList;
    note        "nPoints:6608  nCells:31534  nFaces:66004  nInternalFaces:60132";
    location    "constant/polyMesh";
    object      neighbour;
}
// * * * * * * * * * * * * * * * * * * * * * * * * * * * * * * * * * * * * * //


60132
(
4933
5012
19664
19696
4123
4778
6917
7450
13057
13172
15350
15374
1361
9353
20981
20991
22563
22568
24858
28389
1813
2828
9402
10976
22250
22464
25193
25210
3888
19395
19610
30602
22498
22534
22535
13960
23712
23721
23922
7257
9036
11496
24278
2303
3432
3772
9871
1866
10150
10280
4762
22173
22235
25213
2815
4874
9491
14123
14194
17235
17238
7018
7507
24370
27249
9588
20668
20679
20686
6217
20741
20774
21310
13940
17375
20964
30120
5441
14297
21147
4968
5005
9515
13178
15636
16901
28942
21169
25922
25924
25926
20990
20991
30119
30133
2553
2554
2569
2573
4709
7999
13100
15307
239
10577
19066
28884
7628
7637
7736
12651
21095
22088
22102
25351
34
35
74
28844
3010
4558
4762
25222
3512
9347
21432
24120
2488
22198
26398
78
5303
29425
45
19082
28848
24611
24671
26415
27178
11187
14408
17725
30302
3697
16872
16877
16969
1454
1737
10060
9389
9473
20882
21038
6224
9378
25888
31380
1553
1603
17412
21180
10337
10455
25202
25204
2145
12583
20994
31352
15277
19083
31126
5156
5209
5820
17185
7865
8621
12872
18149
3216
3919
22023
22049
1388
6443
21959
27174
13993
15222
19186
28840
9360
20982
20993
21006
13991
23689
23909
23927
3542
11525
22320
22522
2598
2736
3799
9556
148
19034
19044
31031
3490
3527
4612
8931
9298
10073
22293
25157
5246
7818
29828
13519
15803
19049
3952
22400
31358
31374
3091
8909
21387
1558
13987
16954
17439
112
3008
17505
2768
3673
3903
167
1454
1596
10316
115
4971
8656
17532
1981
3360
22149
1383
4352
6577
23568
4095
8045
8073
3144
9953
22175
22182
6694
15372
16866
16868
3022
23905
27731
31368
22004
26976
27125
27132
3809
13084
19094
2708
4262
4766
22151
22221
25225
25232
404
6485
10567
1441
13017
19094
239
1458
8124
19112
18810
19420
19504
19608
15239
15242
19114
28716
18812
18816
18899
19281
995
1010
10857
10858
4831
7988
9325
5382
5415
10693
10713
9501
25982
26348
31505
2855
4416
20830
13298
15847
18627
19058
3137
4976
17329
23689
23756
27845
2892
2904
9527
20808
165
19079
19115
31146
17735
30361
30372
30546
3047
5019
5950
4920
19769
26664
31526
19380
25169
26940
26952
893
1762
10090
26658
1971
22384
25106
25122
1274
10281
13124
19069
3682
10557
19042
19338
2644
19953
20030
26661
804
4137
10872
10879
18914
19267
31170
31219
383
8133
10703
579
5410
30262
3977
19369
22265
26495
3002
8166
15344
28887
4661
19066
31113
1095
18502
18503
13967
16953
16975
17040
31014
31045
31133
3671
9305
16978
1133
17560
17651
7522
15077
15111
27828
17383
19251
30107
10544
10627
10641
18674
19515
26671
26680
26801
475
479
5331
11024
630
1316
10278
1585
19785
26664
31526
8745
13307
13576
14370
14372
17537
167
19969
26913
26914
14389
17361
18893
31074
18821
18891
18904
31035
200
5335
12974
28725
553
17561
17573
30233
4297
6985
12571
22706
9430
17385
30110
31243
8239
10388
15792
18518
1131
4433
19351
30506
1731
3674
5327
31257
4323
4832
7465
7519
2457
2519
9702
4447
22169
22173
22184
6412
14055
29816
1774
4708
9423
20830
3292
4293
21925
24535
6349
25237
25320
25322
5333
21060
25150
25889
2761
2790
3558
9609
5289
13750
16283
29449
1316
1320
1452
10165
10044
26460
26494
31501
800
5310
19777
19784
10612
15777
16406
18553
787
1380
2646
25112
8179
18997
31032
11055
17749
17782
30395
17321
17547
18844
19660
4972
19909
20918
22281
10242
25177
25178
26491
19668
19800
19871
31529
1576
1652
1950
10170
1318
1585
1607
19760
281
526
3867
5746
3017
16879
29121
29697
11017
11119
18058
30590
2866
2932
20959
1446
3560
9093
1803
6391
14187
31152
12849
14804
15667
28585
1358
1453
5299
19690
4952
10282
26866
188
19079
26929
15705
15891
15920
16014
3160
26913
306
620
1204
17722
830
915
10208
10523
325
862
878
10930
17839
17849
30365
30371
920
1008
30632
3783
14128
14270
17263
10335
19920
26509
26772
3006
4966
19693
5910
10933
30557
5090
14133
29974
1577
4787
10258
8027
15285
28881
10397
14329
17503
30194
916
1218
18275
18282
1034
1165
10796
1396
5017
5062
14155
3956
4121
5718
10601
911
18231
18266
18283
260
530
13251
13740
18801
19463
19511
26854
10452
25070
25209
1190
1505
10558
30988
5582
13314
13798
16422
17935
18283
18729
30668
229
892
18001
17407
17414
17424
1086
10586
10803
1278
5014
10348
31085
730
3983
10865
10973
5486
15850
17682
30784
5340
16983
16986
29768
1242
18898
19061
31095
4024
15003
15516
363
687
741
4458
18447
18461
18483
30305
14370
17537
17550
30227
1133
17547
17550
18011
30510
30513
4932
10911
18177
19738
10218
10929
10932
19795
441
5446
17556
19571
4975
5832
9514
20790
1822
19424
31041
10507
17403
19255
25900
12752
15021
15039
28740
401
9405
18819
18896
8084
10547
18704
18926
681
10979
11024
622
1117
18083
18084
5134
5746
13896
16365
295
17652
17659
461
4977
14154
17237
8232
18815
19473
31107
4970
19969
26915
30630
10576
19604
19955
22292
8306
16762
16843
16859
4579
11032
18004
400
740
10896
18073
18811
19512
26879
31050
19621
26726
26735
30851
1142
1964
31043
31473
4805
18072
30405
3076
5325
25192
26926
1458
4471
19319
31135
14134
17519
17783
30239
10679
13499
13618
8584
15591
16237
29133
5516
13767
16564
16598
1349
6718
13294
19011
908
18197
18218
18219
12840
14621
14656
14864
1447
19055
8158
18901
22262
30991
14395
18918
18927
30187
1160
16713
16714
17494
13688
16780
16781
18170
8625
10830
12709
12948
19023
19155
19199
19316
13913
16701
16930
17640
703
1109
10669
3358
5373
5424
10184
5854
7957
17052
5546
8843
11061
13705
18130
18348
30458
30488
19459
25756
30558
30566
8347
8695
8847
13834
407
1094
19452
274
8069
10501
13295
10527
18901
31040
31044
13145
13448
15735
15937
18674
18706
18818
30917
5102
14342
16851
29758
5693
16323
29503
262
279
17655
17653
5455
5461
5593
14349
16711
16772
30301
5567
8833
16592
16626
330
10747
18500
30714
5454
13820
13823
13824
17760
17848
17868
17874
3749
7810
12716
14092
16675
16682
29189
29335
5473
8144
13817
13829
1101
19044
19772
10438
12945
15024
28615
331
18992
19060
13509
15794
15827
29306
7900
8363
13433
15812
5410
30254
30257
30261
1141
1190
10802
311
8286
15646
29363
29689
29694
489
13641
16322
10887
17997
18127
30505
14088
16784
16924
4424
8259
8393
1251
10689
10708
1024
10796
18322
18773
1166
11217
11238
18385
1037
11248
17652
1291
15856
30744
1261
4904
18384
18438
4010
8818
11209
17910
17633
29176
29186
29200
10380
10689
18979
30871
384
2831
4974
14140
4643
10654
16666
612
8862
11234
30351
4204
5508
10561
784
17766
30237
30395
18441
18442
30750
305
8831
17707
17712
302
314
5481
3765
8222
4011
5544
5584
1291
10390
11262
10744
18447
18483
10839
17567
17920
4643
10658
17666
17673
1113
11214
18369
30699
10646
18706
19329
30582
7911
8286
10659
3765
10633
13288
18689
18949
13374
13381
15822
18626
315
11263
316
317
368
607
8311
10387
4436
17645
18935
30282
10736
30717
30780
13222
15832
18610
30766
325
672
906
18182
5329
19437
19467
19506
4680
7777
7919
5705
17638
17640
29712
10939
18180
1255
3763
10631
11231
17404
17478
30127
31081
812
1021
10772
18298
15769
15881
15883
29346
8260
10755
5377
10501
19004
10746
13367
18437
5480
10654
16667
4158
10773
13861
18452
578
700
717
910
10259
30373
30374
30547
1238
1617
10572
18739
7898
15551
16261
29090
602
11205
30350
366
5584
11227
5474
17710
18385
1247
10627
18674
18856
4839
10651
10743
30310
1036
4263
18338
30698
24527
30365
30366
30548
4490
17586
30323
30328
18806
26874
31015
31055
18138
18295
18328
30980
13701
29319
30783
3806
5745
5747
5784
10662
15843
30304
30751
11055
17735
17746
30401
686
1493
10850
10992
8108
13151
17611
28770
609
11082
30359
357
358
17918
608
4503
611
10463
13370
18945
30856
11237
17907
18373
30452
409
4503
11068
11211
1922
5309
10560
641
4008
10582
17586
30316
30322
30330
10960
11110
17854
669
8831
10768
10839
11249
17713
17901
3963
10387
898
983
3860
5622
5449
10396
18660
31101
505
577
11112
17977
8019
11150
17801
17803
3849
14265
17280
25957
479
599
10979
394
17837
30354
770
17752
17756
30433
2545
10205
11018
17859
17285
20755
30015
30091
8426
13529
16030
473
677
4008
18522
29285
30774
30776
4517
10913
17999
30549
13328
18777
14194
17252
29987
760
986
10963
30604
1004
18312
27212
30667
391
1358
1464
3878
14123
19646
30036
4533
14156
30032
30080
1225
4193
5062
1453
5033
26705
11145
11162
17786
30396
11128
11170
17223
565
4504
13919
16757
28975
28984
1575
10571
19796
5044
14141
14142
9941
19494
19805
19913
1584
4904
13366
17846
24812
30514
10271
19457
19462
10744
17691
30313
30331
13715
16162
16214
16324
3976
5373
1508
7975
19780
26684
1566
11094
30358
30361
1301
18764
776
17298
17331
30400
520
602
30352
14384
17835
30561
30931
14366
18695
18706
18849
828
18042
19733
19747
18020
19733
30521
30592
14383
17960
18357
30469
14375
18115
19459
30588
10524
18158
19754
25980
429
1772
10967
26797
667
18294
18757
30625
511
17816
19724
30422
15645
15896
16768
29725
992
994
18249
18253
18831
18837
31064
31244
5442
10614
17620
23267
17304
17742
17757
30394
537
556
591
11078
8244
18059
30363
30364
5064
5088
11146
442
4530
4787
4934
10272
17312
19560
443
17332
17793
30534
433
5070
17803
1678
2948
14125
17802
11150
10200
11019
18018
30522
504
628
11125
30421
4943
5046
11141
17802
5058
5092
17224
1665
4647
10891
19519
11144
14133
29975
30045
7971
17273
30013
30090
18846
30218
30224
1577
4145
776
19551
24021
469
17812
17852
30413
14082
17471
18943
30188
5144
15358
17437
31167
485
587
14370
17447
17466
17635
22796
18694
18698
18847
30930
11098
30419
30422
30423
490
712
4522
11037
1509
4915
5056
14224
826
1580
1633
19742
4693
17291
17341
29970
478
4579
10865
11032
5331
11024
18018
10604
18088
25636
25673
606
11091
17883
17914
483
801
802
851
1996
5865
19638
19874
2840
14154
14197
504
628
30415
486
1173
10820
486
605
500
515
1173
30431
505
539
742
17861
1722
5827
22274
31246
474
10599
11074
495
5042
11129
5057
11131
11176
30402
2098
14389
17361
22578
4523
5036
5043
10233
590
641
728
504
514
4195
11026
17784
484
533
545
746
588
738
17869
30433
7913
17974
4195
19722
22485
22499
31143
31144
627
10978
17743
523
11079
11081
835
1654
19787
541
17917
30441
10256
19591
11097
19724
740
11083
24689
24929
499
566
771
17953
530
16323
16520
4639
17959
17975
1284
10771
18374
30455
572
1618
17956
30437
496
4028
17915
18830
18855
19558
31077
11098
17825
17872
11109
18056
568
10971
11078
17956
11184
24565
30359
559
631
30446
10960
11095
4504
11130
30423
14390
17300
19720
30051
510
1571
4195
19729
10959
11053
523
525
11035
11075
508
548
11106
549
533
601
731
4221
1587
10968
18068
11097
30428
10212
30560
30572
30613
983
30426
30429
605
30414
1173
3856
17976
17979
17980
30480
5063
18014
19748
30528
11259
14354
17820
30267
4953
10980
11113
30405
11063
18364
3814
4458
5357
11044
885
14384
18016
18017
8230
11034
564
692
10993
18074
595
11079
11085
530
16377
29494
4531
10428
11132
17915
1493
10992
11041
11128
11152
17805
8726
537
550
591
11099
535
545
560
718
569
4098
11065
24511
560
688
918
1503
4811
555
4543
569
11066
17886
24479
4688
10581
17860
595
3891
545
720
709
1001
1493
635
4743
11189
17751
595
601
11079
5622
11102
17878
17887
550
551
11099
11106
11107
3856
30429
720
552
557
4543
554
4151
30252
30385
556
4543
574
11099
11107
713
574
10846
11011
17970
18233
1266
8230
11081
601
799
1139
1310
17564
1266
4738
4895
576
11086
11090
30435
4505
11115
18074
11098
17759
30420
724
11092
17948
1061
4737
10959
713
714
11064
17891
5057
11160
17837
30417
898
1618
30443
714
10581
17863
30425
30440
4543
4157
10622
17931
18003
24492
30442
30447
742
11032
30486
10986
11039
1460
17595
3814
3815
18376
30449
11040
17906
17919
17922
597
6423
8096
11108
4947
17929
30540
30541
888
17584
18041
30061
607
8099
8311
17708
5342
8294
10788
18407
11143
17539
10583
11111
30425
701
981
17968
17970
639
4875
720
17917
1582
10820
19724
30414
726
10982
17896
17983
946
10973
11014
4106
11171
11175
17330
11114
18005
18063
1618
11072
30438
11133
17814
18070
610
3906
17918
1118
17866
17897
18054
746
4686
17917
30440
10599
19724
17911
24492
30444
966
11263
745
5637
17750
17761
745
11071
619
640
1145
4010
30340
639
17914
17921
17951
5780
8868
16626
4063
5261
5597
4076
4466
5714
5736
5347
8157
10593
1365
8452
11242
17918
30343
30347
17717
17904
26641
17982
30473
30646
30648
1772
10972
19699
8205
10409
10730
13342
708
725
4366
18016
10811
18326
18508
18509
10257
10896
18038
19743
3760
11180
30056
795
11149
708
5365
18108
30559
10085
19426
19450
984
10535
11086
959
972
3869
18239
653
670
11158
17743
10583
11018
17859
17873
5637
11192
11198
11168
11240
14350
17680
4435
5430
13342
18517
8108
8132
13151
18671
1154
3963
4147
18372
18374
11077
17906
17908
17922
1860
20954
25949
8692
16038
16048
16056
650
928
10835
18236
4925
10883
18787
1378
24669
30690
30790
1550
10211
10909
4996
17342
26773
26782
18321
30634
1129
18046
18680
25389
819
1320
10194
10266
17734
24464
5488
8426
8813
13524
4971
5023
17396
17423
5489
5492
13826
17577
17719
18395
18430
3907
4930
17820
10529
17544
30213
30231
17935
18231
18232
18235
1507
4105
10931
1192
10696
18495
18521
10520
11001
18273
18053
19557
25316
30386
3982
4559
18158
18757
10868
30644
30649
10937
18757
1066
1295
10677
10762
4011
4732
17712
17739
17744
17766
5671
8272
15808
683
18208
18256
1029
1244
10758
18330
785
11182
30363
30372
817
1484
10899
18145
747
962
998
11008
728
3905
4895
1038
1650
18852
31060
10951
18036
24980
30612
4097
5426
17714
30512
30515
11195
17712
18378
18381
869
906
19444
698
919
938
11025
17819
17843
18070
5662
10845
17964
4008
11046
700
10845
17964
926
981
11010
905
1467
10536
17995
698
919
10877
18259
10462
17993
30478
727
11135
18059
18360
10582
17960
17966
18357
942
957
4139
10860
697
702
5313
17969
4137
18237
5313
10850
11010
11115
17973
968
769
10843
985
10590
10877
18237
18323
30643
1044
1322
1467
18210
827
1633
19706
26672
4462
4593
10868
30570
30925
4153
11030
11031
974
1079
10462
17935
946
10973
30477
30646
730
7913
10865
11078
734
1118
11062
17874
5331
11139
19722
10843
17972
746
11084
17986
769
907
1001
7516
10530
11194
30049
3891
4545
11036
767
3905
17948
17955
735
11092
17950
18043
18046
18086
4157
17866
18064
17850
30411
30412
11092
17958
8780
8855
16634
29658
11039
10535
11079
11084
7865
12728
16126
18151
830
1097
4192
10903
11093
17756
17869
10982
17896
17946
4111
18293
30655
13753
13920
16706
29440
1137
11062
11102
4515
5423
18364
24511
18038
30516
5357
11049
17976
30409
10605
30518
30551
30552
16259
16266
16693
29438
11068
11096
972
10525
17593
17730
17820
30234
17570
17576
17893
30387
10386
13753
29438
29450
1346
17840
30432
1003
1151
10794
4539
10780
18297
18702
1366
8066
18854
18855
4786
8085
18330
30700
970
1134
10207
4551
19615
19647
30866
5523
16613
16742
16745
10890
10920
18019
18095
4892
18204
18354
904
10939
10941
18189
7987
18708
30580
30598
850
10602
19765
15851
15931
16648
16657
789
824
10048
803
4560
5910
18174
10582
17947
17984
924
988
10832
18281
3909
17825
17873
984
17946
17991
10579
19242
31188
31210
802
10273
10924
19784
2848
2990
5863
17376
1218
18248
18254
30680
4106
24097
18101
18782
18820
26848
8014
10232
10956
26670
861
18275
18738
30666
8876
10996
11021
17875
1571
4530
17807
19729
15278
15474
19119
19120
11125
11154
17744
17782
11136
30360
30364
8066
10606
14395
19558
9329
14288
25110
6501
6672
17139
29896
1307
19694
10118
10902
10916
18177
834
10925
18134
18790
1499
4967
14141
17236
7815
12770
17094
17096
5837
10203
18829
19471
17815
17852
30416
1326
1452
4952
4471
10459
10460
31136
3805
5616
17205
4516
17305
17740
802
835
5310
1591
4083
10199
10199
10898
18168
10879
18210
18259
1311
4922
10880
10905
889
1012
1020
18225
10609
10695
14873
18585
1289
10808
10809
18314
1132
8156
18413
18419
5879
19031
19042
31027
3104
8778
11203
1235
18335
1105
1110
1234
5749
16748
29670
29715
990
3999
11001
5495
18426
29638
29681
10569
30609
30659
1249
15724
18577
28920
10195
10291
19433
845
10292
10296
19435
1132
5535
10393
18418
1817
6403
26676
31155
980
5052
10876
3006
4775
19693
882
8243
27103
27654
1668
5060
10917
1181
19718
26678
1580
4985
19714
1753
10216
26669
26690
840
10840
1508
1633
10962
19530
1669
19736
26682
840
857
9934
18139
18147
10115
19776
4604
4647
4959
7975
1495
10546
26093
30614
1782
20931
26531
26586
1528
10564
19006
31033
844
1637
4192
10903
17366
17368
30092
18014
18040
19733
30592
857
864
4192
1663
3065
10303
1620
4664
19416
19774
18192
18751
30627
30980
854
873
1615
1464
1891
5033
6403
18134
18139
18772
1631
10209
10273
13951
28986
28987
29716
17521
17541
30226
30923
9934
10199
19793
18100
18708
19476
30579
1676
4086
10201
10292
1591
1643
866
1007
1501
5229
14318
18920
19143
1590
10897
18176
18187
17941
27212
30790
1007
10876
18193
864
1643
1646
866
1646
1097
4986
19528
19759
19760
7773
12745
14562
14564
18205
30622
30624
879
914
970
980
5372
18893
30926
31063
5359
13152
18969
30846
4086
4311
10199
1676
4311
10198
1615
3018
10931
19793
10219
10912
19789
19790
15377
15419
16904
19147
906
10938
18183
884
3786
10895
18269
18288
18755
4931
18735
30599
30976
887
30672
30689
1081
1134
1302
30643
980
4517
6414
30589
19568
22527
30074
31069
975
1213
30691
17297
17345
17559
1298
10855
18223
950
1096
18200
18229
4979
5038
14143
30508
30515
1103
5073
6486
1486
1534
1723
2821
919
10381
18257
18320
5848
10931
19796
18248
18266
18282
30637
11101
17956
10559
18334
18417
1056
18324
18349
1457
10591
10832
18281
19678
19681
19840
20030
941
11044
18262
18753
4922
18173
19738
1044
17993
25026
1629
4545
11029
18200
18229
24983
1072
10517
18783
26862
1001
10843
10850
10847
18270
18271
914
1081
3970
4307
10875
18257
18258
3786
4078
10840
10930
18201
30652
30677
4577
10277
18142
18771
11012
18232
18261
18258
4544
10826
935
948
953
18311
26449
26663
30673
1651
3786
10590
18271
1387
3905
4738
11041
1503
10853
17970
6390
10787
30948
30949
10873
18205
30624
989
1012
10854
931
1009
934
10855
948
3871
3970
10381
967
18238
18267
18270
936
10862
1009
954
955
5052
18193
18194
18273
3970
4307
940
4143
10861
971
10859
11045
18272
943
996
952
951
995
952
971
2984
11000
952
954
1651
10837
18204
18236
30629
1096
10877
18323
996
10857
4139
1020
1298
10381
10863
956
10862
10863
971
4139
10859
10858
10859
959
997
973
987
1089
4119
18245
1457
18266
18281
18287
10494
18280
10786
10984
18373
18375
1004
18286
27013
30685
1134
10837
30639
30643
5438
11207
17709
1321
18280
978
10851
1066
18421
30733
30734
1081
973
1019
978
18211
18235
30478
4525
17937
18703
1089
4119
10861
8220
18386
30263
30882
10846
1010
4117
4889
10824
18206
17969
1006
1015
10591
18241
11104
11105
11090
30439
988
1000
11006
18721
18731
1010
10824
18245
10559
10775
3869
18225
18239
10872
10886
10907
4136
17937
27212
30666
1110
4120
18247
995
18251
1015
18242
18248
10860
4143
1019
10494
18230
1046
4120
18250
10669
10775
10815
11029
1053
18250
1105
1150
17936
30665
4525
18509
18703
30688
10364
10827
1097
10866
3871
4159
30643
1298
18251
1045
1053
1060
10855
4746
11042
18262
8281
18329
18333
10364
18277
1287
1301
18327
18748
4533
14156
30071
1208
18336
30695
4561
10846
18257
1193
18296
4138
14241
17326
30048
1639
13898
17626
18648
1031
10665
10797
3859
17683
17693
30304
1258
10844
30645
1208
18334
18417
30691
10995
30453
30462
30664
4081
4786
10883
18792
30987
30991
10585
10639
1488
11264
15844
17693
1098
1147
10483
28853
5343
10277
18773
5476
10906
27541
27656
1090
17944
18340
11229
17656
4650
18892
19329
1059
4117
4537
1608
10929
10932
10940
10611
18784
18788
19452
1234
10748
18324
30675
1100
5389
10683
10694
11007
30478
1054
4117
18251
1050
10389
12096
15244
10503
14394
14400
17796
8491
8550
13625
12094
12118
12970
1052
1054
1150
1069
4084
10806
10961
19737
19808
30526
1064
10864
1065
1100
1193
10683
5525
17928
18774
30697
18249
18269
18288
4084
4539
18297
11053
17986
10815
10819
18367
30694
4810
18091
19464
26863
4111
4734
18293
1069
1112
1193
18468
18473
1112
1217
4056
4538
8413
13546
1112
1076
1217
10817
10717
18575
18741
18979
18783
30999
1080
1183
10597
10816
1076
1080
10816
5671
10676
13427
18199
18209
18217
30651
1206
1220
4309
10805
18197
18359
18729
1216
3871
8170
10988
25171
30504
1192
1252
13468
10780
18296
18298
1153
4546
10772
18509
10708
18744
30800
8825
16382
16399
8246
10714
18508
18747
10858
10836
18345
1169
18470
18490
18533
4152
18377
18410
13446
15876
15901
15919
4919
18784
1169
10733
18488
3767
30641
10840
5155
9315
15251
10804
18555
30910
30968
10772
10813
19291
31031
31046
10849
11008
18238
18280
1748
10090
19806
1210
8278
18498
18523
10748
18297
8271
10568
18496
10691
10708
10798
1503
10845
11010
11042
11045
18688
4084
8246
18505
18747
30704
30707
30708
1183
3053
10778
4569
11141
11162
11171
1599
10251
18779
31041
10547
18044
18109
17880
24510
10064
18813
19321
31011
1184
8254
13329
13357
1147
15226
15276
28749
2037
19491
19622
19707
14371
17509
19568
19603
16998
17401
29772
30167
1195
1251
10380
10648
1151
10694
10795
10799
10538
11004
18011
30504
18672
30723
30788
30789
18051
18053
25407
17648
18042
26787
26789
10279
25167
30339
17928
18380
17537
10383
14131
21587
29975
30066
8118
13366
18379
18410
3860
5622
11066
11244
13981
17469
18937
4516
17762
18371
7005
10482
13214
28865
8304
18776
18997
19442
26742
9405
10159
10545
19457
1484
18165
18327
18748
3858
5544
11205
1971
22384
25119
31347
1159
28867
15635
15641
15689
16688
8056
17403
30098
30110
1193
10806
10683
10966
18067
19531
19781
10694
10711
10784
17916
17958
1614
5029
19696
26720
5392
12004
15113
29793
5621
8765
8792
16473
5632
13352
15990
29289
15251
28865
28872
16691
16856
16883
1215
8388
13349
18507
5595
14549
14571
16085
5471
5480
8200
10360
14226
17545
17612
4577
10864
11232
17684
18384
12833
14529
14532
14927
1247
18656
18727
31096
10765
18503
10512
13998
30131
31239
7837
12004
13944
16829
6496
7818
13197
17152
11097
11186
17585
18850
25316
7558
14769
14792
28485
5458
5460
10658
11231
17701
17724
30319
8720
13680
16072
4343
12608
12620
28456
14349
16683
17639
29627
10221
19742
26697
10764
29309
30746
30754
10814
3768
13337
13601
7914
8742
16490
29541
1240
13445
18474
29340
3843
8393
13348
13427
18828
27564
30703
30729
1223
4062
8466
13378
1296
1206
1212
1226
4073
1212
8271
8388
8658
13349
4419
10730
30807
1198
1209
10725
1200
8403
13471
1202
1200
3764
8390
4846
8655
27657
30781
1211
1228
12825
14509
14524
14527
18362
18382
18396
1260
8254
13380
15831
18495
18504
8254
13339
13465
15984
18333
30688
8270
10727
10693
10724
1221
18496
1293
10709
18300
18738
30666
4548
8252
8279
13585
1239
4424
10724
1227
1229
10813
18319
30677
18337
18343
18377
4309
18508
18747
1229
4435
8240
15183
30804
8254
13465
29294
8085
8243
18419
30694
1580
4728
4913
10709
10807
10808
10568
10597
18497
8278
18496
18523
18497
8681
13461
13626
16005
1280
1364
16810
28799
4675
10634
18585
18591
5137
16844
16852
17456
10825
1288
8281
10772
8174
13440
15750
16152
18111
18666
18733
30919
10548
18740
19201
4547
13349
8659
10642
29297
4674
8396
18512
18527
8055
8071
31089
7885
12912
16109
1330
10719
10779
4158
18378
18381
18452
11279
18477
30716
18864
30913
7829
8703
13775
13485
18558
18584
8877
13685
16427
4419
1293
4419
15466
15825
18486
7823
10350
13916
18531
5590
10658
11287
10649
13601
15968
29296
5930
8130
13008
15284
11043
17972
17973
1288
10812
10813
13340
13341
10742
10746
16669
18638
23450
23662
13088
15186
19134
22412
17348
19581
30212
31067
14096
15644
16557
16761
30446
10752
18737
19765
30986
14183
19864
19880
26043
10320
18899
19014
19031
17372
19276
20569
30014
10529
14269
17352
18936
11092
17916
17958
30446
1302
18181
18194
18279
10567
19041
13136
14344
18945
30893
5115
5286
8697
14066
11777
14764
15108
28777
30109
31080
31240
4319
4696
5521
1292
15086
28805
13151
14382
18670
18675
8733
13477
16054
16116
10564
18895
30958
31037
10998
11050
17981
1359
10786
11220
18375
12005
27037
27043
27044
4178
10220
18147
8281
4073
10798
18306
18124
18191
18760
30613
17682
18482
12794
14740
15144
10691
5033
8014
19655
19744
4194
18530
30733
9400
18792
30988
15652
15672
29088
29128
18222
14097
14299
17081
17089
1695
26725
26734
30866
10220
18158
4307
18237
1638
1667
17788
19721
2551
18066
30534
30538
5220
16102
16104
5866
10085
19414
26828
19890
19895
6515
8310
28557
28779
4729
13439
13621
17564
18362
30942
1504
10924
19783
8170
11178
18021
6414
30493
30551
30553
1480
1732
10304
1496
10188
19400
1326
19439
4470
10796
10864
18349
4986
10225
31218
1881
3160
5871
10046
10278
10291
10253
18265
18270
10867
30471
30644
17333
17809
18037
19728
21484
22014
23891
25378
5057
17754
17837
30354
19451
10527
26857
30998
31044
5611
30379
30393
30394
19028
19337
19772
4081
8246
10781
4555
8617
13565
14092
7776
7952
12720
12916
22240
22495
31156
1776
1778
2036
10021
26730
26954
26961
26962
1843
25311
25330
25341
1812
10160
19674
19913
6391
19693
19695
26728
1737
1871
19977
3374
9916
20179
26308
4991
5036
5055
17266
3032
10293
19767
3887
7993
10460
31141
1533
19673
19680
19844
1771
2015
2035
3412
10428
17915
18056
10374
10411
15547
7798
13033
14891
19017
19060
28892
1557
1983
20901
25741
10490
14760
14794
16246
11272
15857
29316
1360
2851
9422
17262
17321
19660
30059
30227
1887
5485
8040
26932
18433
30456
30611
30698
4755
11303
15224
25090
1735
10036
4923
8118
18410
14171
17233
19645
4218
25908
25920
1364
15068
15108
28808
3271
9337
21068
21096
15115
28777
8489
16617
1705
18839
18867
3966
4110
13810
29589
12328
15355
15376
28945
1801
22516
22543
25073
11121
18030
30403
30412
1702
10240
10315
19893
9299
21407
25849
27740
3342
6382
9161
25099
8164
10359
13124
19339
4034
4524
5959
17416
2021
2046
20206
20222
17339
30020
30023
31237
18316
27654
30670
2758
2934
9563
20631
6444
12583
14278
1422
1447
28882
31128
11672
23987
24342
27378
7582
12079
27876
4285
7061
9031
23220
3789
22220
22257
31252
13139
15389
19007
19062
4222
11031
17955
7571
21954
1434
22341
25207
31258
1640
11826
14440
28448
4774
13074
14747
28989
2626
11400
23618
28419
6419
12784
29953
29954
3662
19130
19209
19211
4614
6224
21061
25888
4417
10221
19709
9434
20989
22110
25145
19991
20018
20021
26439
2734
21027
25750
25758
18811
26809
26827
26836
11984
12460
24953
25379
19505
19755
26793
26840
6836
11878
23989
23991
20023
20047
20267
22172
25035
25175
31251
23936
25811
25841
31367
15587
15939
16138
16400
14240
17318
30067
30070
6400
11738
24755
27153
3728
4864
9931
20191
5792
22342
22346
22424
6349
22039
25322
25328
2177
10101
20106
20107
5931
6700
8671
16877
11511
13096
22237
22491
2501
3558
20773
8477
13265
15720
15924
21132
24650
25798
25812
3699
20923
25898
25927
5193
22758
23655
28280
9016
9191
21527
25674
1441
8067
10473
15559
16176
29063
29087
1730
1754
3060
3950
4223
6482
22497
26947
15309
19051
31111
19500
26761
26877
26886
2812
9512
14211
4241
4915
5045
5097
1787
22255
22264
22345
22420
25095
31159
9810
20134
20283
20581
3787
14125
17333
29980
10071
22490
20103
20104
25992
31412
17273
17278
17534
31236
30004
30083
30092
1473
1597
1743
10174
3788
10086
19818
3227
3238
9296
19092
31128
1653
4717
10202
1744
1808
19917
1691
4899
10057
19978
19240
19386
26965
31211
9413
10135
26624
7968
19112
3581
5980
21073
25730
10740
17653
17659
11524
19121
22335
31165
9914
20104
21032
25982
4105
10223
2867
19656
5937
19370
5400
13805
16663
16745
1727
9977
10156
19834
18277
18318
5849
10359
11834
23412
23980
27679
5410
14361
17736
20106
20130
20145
20147
2838
3812
26024
26030
1776
2012
9904
26676
1890
14006
16944
21145
3119
3635
25029
25214
10867
10885
19350
19363
25071
26939
14363
17321
17539
17773
1698
1723
10054
10080
7527
20990
20991
25902
10580
19283
19576
26824
1612
1677
1681
1974
10027
10035
20274
1498
1573
1609
19880
4597
19008
31036
31093
1593
10308
19411
19814
10110
10113
10125
26639
4045
4716
9656
22195
1690
1734
14908
14973
15011
28745
1597
10176
10178
5437
6510
8856
13727
5072
18143
5834
19636
19902
31512
1723
1871
3160
18837
19573
26773
31061
17689
30303
30760
5018
19483
19491
19618
5485
10262
25187
2016
2073
3349
9861
1550
10211
19779
19790
11031
1664
4687
10206
10925
19469
26387
4818
10191
19502
11007
24983
25026
30587
19914
26043
26597
4995
14129
17221
6221
10293
19767
31525
10876
17362
17382
30090
30210
4746
1514
19542
19795
18775
18793
19000
10994
11000
18220
1615
10201
4799
10917
4917
5093
14146
5039
14202
17241
10085
19425
19450
4907
18870
18900
19950
1571
17787
17809
18024
1958
10890
18202
1684
4772
31197
31218
4910
9865
19890
19895
4160
5553
7601
17510
3563
21938
21992
22179
4950
13913
16716
29663
13031
28667
28682
7790
14558
14862
29010
5139
5179
6668
6418
19064
19414
31532
1576
1706
1950
26887
1707
19385
19680
26751
19888
19902
19945
31522
11315
15219
19233
25098
18564
18711
31033
22615
30024
30030
31068
14252
19259
31199
31202
1762
6486
10230
1698
10142
10280
19978
1707
19805
26891
2821
19391
19986
1763
9902
19975
19978
11261
18654
18658
19059
1792
1951
10236
19393
20283
22203
26159
26265
20093
26435
26458
26460
4929
4961
18868
31216
19583
22274
22306
22330
1592
14221
14256
29997
2912
9460
9463
20143
2348
2540
3598
20331
8492
13881
16709
17674
19933
19967
26501
31502
3566
21495
22050
22053
6656
8043
12981
15061
10286
18779
19348
30992
10045
19737
10177
10192
10305
31523
4087
4964
5037
5076
14378
20980
30093
22042
25240
25309
25315
17266
20949
25961
31227
1648
1667
11166
1826
9348
22077
6384
16941
30158
2829
9514
14193
20953
1885
6489
9382
22313
3939
6229
24626
25388
2827
4951
9428
14170
2547
20883
20927
25891
11980
12055
12058
27901
9596
20846
20908
26016
3962
11184
30357
2805
11142
19582
19648
16991
17021
23732
27844
11094
14387
17726
17760
19906
20917
20920
31507
18068
18826
19559
26818
26819
19885
20146
26550
4961
8024
31205
31211
10208
10926
10099
10171
17803
1609
5834
19862
26601
10716
15743
15796
30793
5060
1667
4341
5081
17841
30413
30416
1610
1632
4519
10198
4923
18410
2037
19785
11005
18716
19532
19538
11149
17815
1641
3974
4717
19775
1958
10890
10948
19754
10520
10902
1630
1637
14215
29984
29991
1759
1760
19799
1613
8668
10882
10914
5494
16674
29680
29693
19370
19390
30517
10166
10700
15463
29085
29096
1822
19426
19446
19389
19620
26811
26885
4710
5844
6221
2902
4416
9457
20797
5996
17415
30121
19056
19077
19112
19345
10968
11126
17789
17852
4916
19282
19314
31053
4402
19775
26664
10926
10940
19798
4944
20140
1653
10202
10206
1670
1677
1679
1656
1741
10166
10209
10914
19792
19597
19664
26584
4086
5435
26521
31231
31233
10783
10803
19201
11206
17568
17587
17591
19400
19430
18078
19553
19715
26786
10785
10951
30587
30612
4373
5245
17800
30293
10183
19396
19487
26889
1640
14440
14652
14673
19236
26764
26939
30506
18823
19552
19603
31074
1635
1672
4863
10207
10383
18207
1643
4312
1637
10209
10916
1634
1636
19714
1645
3642
4863
10175
1671
4985
8072
17299
16676
18458
30898
1644
5260
3784
19769
19770
3018
10919
10921
19477
4848
12807
28442
4312
4519
4192
10162
10216
19519
19756
4728
19735
1663
1664
3065
10206
8084
10547
19329
3970
3690
4818
10170
1671
4687
4519
10202
1664
1733
3642
3973
1670
1718
19824
9317
17527
30077
1659
1675
10172
1660
1673
10055
4039
5844
6221
19871
4458
5662
11046
11048
1733
19768
4604
10216
10970
10054
10308
19411
26887
4913
10917
19741
10961
19808
1709
1673
3784
10055
4687
10971
30435
30441
1743
10174
3065
10175
10977
11128
17320
4863
19801
4802
5375
16910
30178
3753
4180
10036
10553
19622
19683
5067
14121
14122
19651
3032
3974
1711
4748
10147
1699
1711
3972
1708
19818
19819
3380
14189
17229
1726
4928
10169
1734
4876
10169
9977
19826
19846
10030
10032
10122
22232
4568
19388
26945
29817
5080
17552
17780
2822
19648
26780
10222
26676
31285
1812
4331
19668
19799
4899
19811
3753
1808
4933
26655
8056
10248
31230
31248
1808
1855
19675
19347
19356
22266
26925
9440
9525
20822
18928
19013
19143
10056
10116
10177
9941
19289
1732
3151
5025
19825
31524
1741
5798
10166
1761
3972
20197
26599
26627
26637
1724
1751
19816
19846
19365
19382
26489
1900
7073
11477
23561
1829
19359
22344
25195
4905
9977
10155
19979
3972
19823
19402
26488
26890
26912
10021
10031
10123
22227
4832
7465
14032
19227
22419
22473
10142
1758
3057
10091
4198
22267
22276
4876
19801
1728
1780
19979
1745
1780
10121
10142
10144
19809
8058
10117
20224
3707
22177
22461
5025
4920
10192
6221
19871
5299
5844
3812
20907
22095
25988
10316
19972
4905
10130
19979
1740
1781
10150
4329
10158
3753
3972
8022
9466
19387
26727
4180
5341
9508
26588
1750
1838
10037
17683
17684
18454
30305
8033
19881
26589
26621
4880
10231
19806
19180
19191
19238
19253
1755
4179
10091
19811
19814
1780
1796
4807
10162
10219
26689
3824
8058
2024
10037
10110
26638
26647
10194
10196
19493
19771
9977
10155
10157
10151
19825
31528
4331
19814
19847
4748
5798
19667
26712
3876
19834
3620
8904
20289
26394
1996
19634
20201
26555
1805
9907
22227
26652
1935
9490
19897
26038
1776
9904
10028
10123
1899
1904
23414
27113
4730
10124
10130
2020
9926
18083
30054
2020
2026
9417
9462
22095
1776
1778
2024
1898
2030
9891
9895
2034
3361
4617
10080
26660
1796
4748
9398
26662
26772
2050
9926
20228
1785
3122
20206
20221
2296
4629
10017
3949
4890
19990
26594
1802
19382
3102
9449
19973
26495
6000
11329
22457
26973
3400
9813
9843
22167
22172
22468
25036
3690
10146
6002
9868
26627
26629
1870
2023
2036
9925
1897
20288
26124
26125
4179
1935
10098
31511
31520
17275
20976
25950
25957
8033
14180
19891
26594
9395
14282
19269
26953
1956
22323
25073
4198
19965
22267
17256
19657
19670
20057
26391
26417
26421
19998
20007
20010
19563
19704
26666
26778
3977
10040
19369
19372
3968
9911
10052
19835
5071
17215
17323
17341
5035
14258
20973
19673
19805
2812
4960
25959
1881
19972
19973
19974
2847
10104
19980
14312
19131
31195
31220
5393
10222
26692
2425
3705
9378
22076
3691
3782
20027
22218
2032
20075
22194
26374
13039
13073
28834
31168
19450
2524
21296
21529
25643
2644
19842
19990
26593
3923
19023
19078
31140
1864
9180
22098
21545
21889
25479
31296
3692
10460
19056
19097
22489
25197
5333
21516
22108
31492
7591
11815
28431
28534
4792
10449
11313
22554
19937
22427
25285
25303
4634
4750
6697
12573
12590
14988
22635
28341
14294
14298
19176
25109
5803
6003
6541
6999
6415
10028
10130
5231
6699
14676
28425
4218
9427
21738
30118
10332
19347
25187
30294
2831
3951
4747
14169
3025
11338
25349
3624
13047
15145
15345
2644
10240
10315
20914
3031
13002
17012
21192
3787
17228
17334
19721
6654
12048
27928
28247
20866
20871
22097
4617
4958
10046
26758
1942
25198
25221
26434
3582
4608
26374
31474
1872
3286
3555
27111
20056
26277
26393
26397
10154
10311
5173
5180
6652
5224
6469
14076
7405
22605
24781
2361
4853
9250
20433
17276
20975
4879
21059
22088
25887
8140
15261
15519
4878
24056
27661
27664
3126
9180
21023
2149
2393
9711
20588
10156
19834
10181
19961
20020
20024
9928
9940
9943
20858
3001
19938
25153
25890
2026
2034
10316
22524
1899
3564
24142
20052
25264
26280
26361
3691
3782
4140
6488
3229
9196
21312
25758
2851
21063
25956
29998
8918
21785
21847
25510
15776
15791
30850
30852
8011
11736
12569
12576
3219
6319
24119
27544
26495
26496
13634
15426
15472
15732
7020
23133
23138
23347
10059
10245
19968
20012
14283
20971
20974
3119
22356
25212
25215
26927
26936
31006
2296
3296
8908
20995
25131
25144
25309
3123
21183
25802
26692
26696
20674
20676
26072
26078
22211
22238
25168
25201
5869
23739
23952
4777
12416
27226
27347
2048
3321
20246
2447
9791
20592
2003
20213
7876
24923
6992
9830
14450
15170
24836
24863
26538
2064
2141
2492
4358
3318
9321
17445
30162
27063
27742
27777
3316
9566
9825
22195
9574
9901
20554
20584
2048
9827
20246
20247
3614
27063
27107
27115
21610
21841
21895
25507
2117
2930
20613
3743
4769
9860
20369
6465
8994
22954
24455
3349
9098
9826
26305
20635
26092
26097
3376
21929
24523
27184
2528
21321
21331
25738
5351
22478
22479
31257
4109
5990
20981
25914
20723
20730
26094
9241
20993
21052
21162
21578
21621
21724
25602
11205
17919
7417
7427
7620
7344
7433
12510
4659
6974
12544
28022
6466
12585
14456
28439
7322
7379
15105
24862
24886
26980
6263
6916
12258
23393
5971
6511
11999
23718
5886
21988
25366
25370
11461
22701
24482
24600
3109
22354
22418
22424
3091
4649
21077
21186
22206
31517
1960
8030
9960
19216
19237
31181
31184
7318
23391
23392
28096
2625
3469
21924
3953
20876
25934
20125
26560
26569
31497
5789
22225
25223
2872
9523
20791
20797
20550
20552
20841
31426
3627
21058
21080
21101
3062
13090
25082
25093
6240
9716
25657
25658
2813
2993
3741
9529
2415
3673
4893
9469
10177
19482
2821
4937
22524
2854
10127
26634
26635
6377
24061
27559
27560
7996
19294
25071
25183
2079
20267
22138
22198
3062
22323
25082
2639
3924
21501
22350
10929
18102
1979
20624
26096
26097
9481
9988
20537
16873
16932
17454
30151
10451
11314
22451
22486
4234
20647
20651
20652
18809
19442
31013
2028
20281
22208
26369
11293
11371
24996
26974
4481
6381
7430
28447
9677
9869
20910
21518
2982
22094
25315
25318
23181
23305
23498
24282
11348
14313
20279
26264
26279
31469
6036
6967
7175
23034
2615
20229
21087
21088
25809
25810
9081
9158
21499
21898
3052
4944
20929
30010
8040
8075
19037
31006
20627
20635
26100
4652
24612
24678
26466
3144
5998
9096
9982
19875
20214
3068
21021
25741
3608
4022
20706
20707
9851
20243
20559
26284
2147
2508
3357
25459
4954
22360
25130
25307
2058
2157
9882
26287
10019
20043
22138
26428
4225
19647
26667
26803
2072
2498
9866
20251
2089
2493
9816
9818
2075
6177
12265
23440
6473
9797
20266
20576
2154
2497
20074
19842
19988
2165
2969
3128
25320
2073
3773
4101
20219
9098
9826
26278
26300
3773
4101
9836
2114
2497
9833
5957
9615
20568
26127
9891
10117
20224
9994
20181
20280
20582
4324
4775
17233
19918
2850
7514
20903
22282
24623
25392
25399
25401
8901
9875
10136
20578
10081
19948
20132
31513
2085
8127
8226
23424
3057
10155
19849
3950
10138
2060
3324
9897
9898
14186
19634
19942
26585
2017
9894
2021
9987
20205
2018
2019
9867
2029
9444
3412
9925
9861
10024
2998
4691
10018
20214
9927
10137
2086
4358
9896
9925
20097
20302
26397
26398
3345
22208
26433
2063
2492
9895
9927
8908
10017
26296
26305
3582
26416
26419
5116
8147
8646
4032
9829
9894
9903
10137
10225
31525
2671
3620
26402
26424
4837
9824
9984
20232
9171
9227
9240
9275
5805
9924
10139
4837
9656
22195
20057
26266
26277
26418
4045
9825
9828
26418
6274
21577
21717
31309
3007
20211
20225
9955
10106
20171
26319
2146
20235
9999
20255
20275
26280
10140
20228
20229
2154
20074
20268
26269
3316
6395
9825
9991
2059
9908
10038
10024
20055
20225
20274
2070
2071
2512
9481
9965
26315
31485
2368
5892
9441
9730
9877
9938
20256
10030
10035
22232
9861
10007
20233
3316
4837
9892
5814
6385
19395
2064
2125
9986
20060
26393
9800
20248
26291
3321
9836
10016
5362
9679
9842
26274
3551
5975
8892
25470
2088
9770
2125
2077
2232
20239
2141
20220
2077
2088
2232
2085
8235
23442
2084
9843
9846
2083
4938
20240
20247
20027
22190
22327
3589
8891
20306
25632
2122
2143
2493
9816
2942
20021
20097
26403
2126
9815
9835
7316
8214
2120
9824
20232
20278
20320
25478
26261
2512
3934
2110
2134
2178
27660
3431
9441
9771
9834
2124
3779
2112
2302
9740
20371
3657
9718
20451
20745
4813
6265
20307
20356
9686
20372
20379
3957
21448
22023
22047
14367
22527
22596
9702
9847
9860
20492
20520
26129
26137
26141
3743
20379
26231
31450
2105
2397
3291
3894
3432
3626
9839
9871
2294
9790
20297
5892
20381
20389
3776
21290
25779
31417
9841
9848
9855
2135
2309
8013
2184
4873
9593
20642
23980
24025
24272
2229
2289
9786
20330
20407
20418
3229
4628
21328
25762
9766
9796
3321
3409
20235
26299
2529
3519
21812
26229
9244
9607
9676
2958
20425
20439
20606
2467
2600
9877
20258
3290
4358
9818
21930
21951
21952
21956
4102
9762
3026
4628
9112
20731
2313
9855
4358
2129
2313
2463
4405
21851
2154
9813
20270
2350
2498
9835
6010
9246
9571
20527
9604
9805
9864
21596
11705
21233
21651
3578
20071
22248
25248
2176
24000
24051
2305
3779
2294
3522
20291
20296
9946
20126
20187
26320
5350
26394
26398
6384
20964
21013
30124
9766
20297
20378
2304
3290
2191
2373
3554
20386
9762
9802
26274
4284
21452
21458
21483
4954
9298
22359
9122
9814
21972
21977
22269
25985
26076
26079
31405
20431
20435
20586
4853
9729
26208
2731
20438
20600
20753
2156
2222
2298
2346
21509
25484
25489
26254
31468
21918
22648
24544
2258
2297
4379
2288
9776
31481
3850
22552
25215
31255
10005
22058
22091
22377
5955
10072
20035
20281
3733
20315
20553
20655
2182
2329
2394
9698
3251
20460
21611
31435
3517
8911
8912
20296
22032
22063
22068
2202
20477
20505
25621
3739
19935
19993
26496
9907
10038
20004
22232
4973
20577
20920
25890
3211
20690
21689
25652
3535
3595
4181
25543
9811
25471
26248
26249
9803
20294
21858
25476
9189
21863
25463
25497
11606
24497
24528
27262
2201
4856
21479
9823
20098
20109
2201
2208
24022
20286
21547
25272
26364
2354
9715
9743
9755
3472
8960
9039
25552
3781
4867
20407
9594
9644
9731
26155
4582
9630
9638
3296
4242
9928
2229
2299
2329
2922
26669
26675
26689
2642
9790
20296
26240
4867
20334
20407
20416
2259
9706
21865
20271
26267
31483
2195
2283
9739
9752
2358
9746
9751
20589
2307
3472
8957
25552
2388
9753
2302
2378
4001
20370
2519
20339
20375
20378
3300
3482
8975
21739
9141
9254
9578
9963
21076
21082
21346
25878
23185
24008
8896
8957
20342
25503
25535
26241
2209
8944
20345
8937
8953
21780
3516
3532
2238
2333
9699
11710
23980
24291
3520
3557
20349
2244
3520
5241
7352
7389
12487
7373
12479
3937
6888
22892
28234
7244
11569
11730
6633
6969
22828
28237
7254
7286
9754
9767
20410
21803
8952
21829
21875
22157
23243
23368
23524
28119
2448
21585
21776
26206
2530
9475
20694
26061
20370
20388
21618
2605
3747
20414
26221
2663
2673
9546
21294
3305
20343
21509
31454
4251
4330
8948
4405
8899
21852
2364
20509
25648
26197
9780
2351
8948
9692
31440
3326
3894
20380
20653
9770
9866
2315
3516
20348
22592
22597
22738
26989
3504
21762
21804
21813
2241
2344
3523
3936
8927
21818
2268
4867
20406
2469
2503
8911
2287
4655
20405
26218
3532
31442
2278
8967
20368
20404
2358
9746
20591
20348
20349
20344
21612
25538
26148
2277
20365
2732
3781
9758
20365
2433
2642
8911
2263
2732
9781
2252
2277
2252
2732
9710
9782
2336
3242
3576
8961
21634
2255
2338
2336
2396
2267
2338
2269
2276
4001
9778
4769
5948
2496
9572
31451
2261
2338
2284
2352
2285
2434
21526
25304
3781
9698
9765
21845
25472
25502
2332
2514
20415
20420
22077
25293
31380
31384
2273
2282
2382
20363
2271
2312
2271
2281
4443
2275
2347
2281
9786
2275
2284
9779
9780
2289
2292
2732
3395
26232
20520
20587
20605
26186
2500
20312
20489
26236
9785
2352
2353
9786
2371
9097
20392
9784
2375
25298
31490
2689
6010
9732
26135
20402
20412
26225
9749
9882
20590
2299
9778
2652
3853
9789
9857
26275
26280
31476
3529
20390
2297
2298
2301
21835
9441
9834
9853
26292
3122
2309
21618
9737
9740
3060
3950
9904
10126
2312
4001
9668
9778
9627
9700
26120
3409
4101
3355
3431
8013
3467
20728
31338
31340
21626
21690
21792
2365
3346
4227
20516
2516
5319
9733
4173
4252
20764
9835
6169
20465
20507
2348
2369
3500
5911
9053
21236
3291
20323
20325
20376
9722
9757
20453
20455
2565
9077
9535
20440
2449
9715
9726
2565
9535
9726
20299
20312
21846
31448
9472
9684
20506
2343
2376
9737
20389
2328
2349
2379
9787
4499
9598
26112
26144
4354
21365
21468
25793
5319
9767
20471
9780
20398
2340
3838
2452
3838
20421
3747
4385
8954
3747
4867
20415
2343
4385
4657
9097
5965
9928
9955
9782
8940
8941
9037
11627
2353
9090
20495
26222
26223
2377
2386
20400
2348
3532
20331
31442
2465
20355
25507
25535
2745
20457
6459
20364
31443
2354
9715
20421
3431
9771
20398
3516
2379
3853
20496
9856
26294
20331
31441
2353
9784
2396
9759
20411
2361
5311
9697
20433
21628
21632
21789
26204
3210
9609
9634
9748
20588
2743
9671
20707
26214
2743
4768
9575
20500
20641
26208
4058
20352
20361
21771
3988
21368
25761
25763
6049
20494
21869
2688
9538
20526
2793
9535
20443
2393
2499
9752
20431
9771
20388
2395
9788
2372
2452
9741
9874
20413
2374
2449
3588
9860
20325
2392
9727
2425
9378
31380
2397
9740
20416
4657
20399
9668
20372
9733
2713
9744
20516
26056
2392
2428
2793
20401
20406
20424
20751
26211
26215
20081
25273
26255
26388
2427
2643
9448
9729
2514
3838
4657
2517
2643
4092
9536
3744
20419
9689
19896
19899
20925
2516
5319
9561
20478
2754
4244
9534
3854
9739
20397
20415
8966
31442
9781
9782
20391
20403
4104
21279
21357
21593
9745
20520
26137
26143
12019
12278
23815
23824
20084
21511
26149
26152
4870
9697
9736
20710
2530
9086
20704
26091
2976
9342
9632
2569
9709
20705
26099
20554
26115
26117
2763
9564
20740
20762
2721
3586
6217
9248
2739
2753
3277
20770
2748
6115
9114
9532
4339
7958
9708
20721
2570
2775
6162
9251
2554
2896
9242
20704
9088
9690
20565
25481
2597
2817
26021
3417
9562
20442
9817
20192
20204
20209
2651
2763
2800
20762
2544
9592
9646
20705
2764
9619
9620
2569
2790
2905
20636
4244
4720
20718
20756
2424
2446
9536
2430
2434
25284
2427
2428
2430
9448
20381
20389
20395
2643
2565
3935
20440
20450
9090
9757
20409
26222
2989
8958
21812
6421
22111
9077
20440
20446
20763
2454
6436
11436
31367
2924
9045
31318
9472
9653
20328
2556
2703
2931
9484
8964
20360
20473
20476
2753
2754
3586
9544
4250
9603
20426
9650
26116
26117
3281
9208
21591
21598
2649
9554
20742
20762
2748
3393
9542
6130
9731
20561
9626
21776
25620
9201
9727
2886
20681
25744
25986
3489
3506
6136
21756
3744
9201
4070
9143
25719
2459
8076
22366
21696
21724
25604
20263
26279
31474
31480
9774
9833
9598
9712
20549
20602
2491
23932
25968
2760
9548
20697
2475
8913
9788
20357
3525
21690
21691
3464
21844
21858
9684
9881
20506
26286
9793
25510
26241
3200
21242
21245
21655
2600
9882
26283
2567
4613
20733
6176
8963
21812
3197
4584
9048
31313
3630
9549
21652
25780
3279
5876
21354
25637
2516
20448
20463
3586
9539
9602
20777
8966
9706
26232
2506
3256
9200
9552
9279
21414
23868
27607
3678
5936
21235
6747
6768
7063
7511
4168
7211
23072
28186
6244
7254
7359
23054
22619
22625
24825
24826
7054
12334
12335
7967
11751
24255
28121
7077
7128
12467
5222
6523
14053
29913
12075
12779
14423
22811
20097
20267
23882
25837
25851
25866
9350
20868
22096
31407
25966
26330
26549
9444
20220
3934
20236
23197
23199
23249
28117
2901
2992
6569
25936
2500
9792
21865
4742
31471
9815
26289
9635
9728
20433
9572
20489
9630
9638
20672
5298
7945
27726
6176
21818
21830
6114
21576
21794
25566
20037
20119
21889
25271
2567
2651
9116
21943
22181
25224
25228
4454
25458
25460
4767
6172
25435
25439
6027
6164
6359
9267
9207
9234
9285
9770
9818
2846
6234
21107
23887
20400
20417
6189
7349
23021
27300
20463
2574
9729
26207
4888
9141
9964
3554
9833
2654
6328
21606
4140
4447
22174
2569
2896
3341
4022
2713
7611
9200
20461
20897
21529
25657
20675
20887
21315
21323
9082
9334
21383
9839
9876
20243
26284
2531
21327
21332
3500
8958
20350
20695
20704
3222
21339
25719
2847
5841
10092
26612
2542
14183
19864
5578
10479
22458
3480
6143
21740
2877
3719
22426
25136
9749
9854
9859
20594
6032
21921
25428
20967
20974
20978
25917
8939
9692
9772
2888
9970
20175
20176
9510
9521
9574
10008
26121
2889
9709
20643
10981
17819
17841
6364
9149
11848
25792
3020
25977
31376
9242
9708
20693
22090
19934
22348
25154
25158
2893
3367
9471
20812
3752
17298
30388
9124
9613
9648
26096
2790
9631
20708
2648
2934
2954
4888
20538
20839
2599
9641
20622
2664
3259
6164
6215
2627
26266
26381
26392
21337
21363
25696
27547
10016
20254
26297
26298
2584
9645
20810
20834
21446
21983
25365
25395
9679
20236
26260
26274
5363
9992
10026
26399
3210
9612
20671
26098
2690
21269
2573
9563
20640
26098
9251
9714
20640
4396
9823
10101
20159
21508
26257
26273
31482
2934
26099
9532
9536
2579
2603
2684
20723
2578
2613
9623
2578
2757
9624
2592
2603
2788
16993
24869
26542
2582
20617
2587
4392
3818
9585
20892
26010
20810
20846
20908
2931
9141
9254
2587
2592
9693
9693
20615
20621
2824
3975
20832
6216
6348
26102
2599
9605
9641
20684
9124
2899
2941
2971
9372
20985
25892
2758
26061
26091
26092
9609
9658
9714
2903
3818
4893
2712
2800
3214
2616
9597
9854
26132
25644
25656
26001
26164
9736
20508
20710
26217
2613
2679
2808
3307
9467
9699
26220
2657
2682
3926
9282
20719
20787
26063
4187
8950
9195
9129
9577
9589
4391
4583
20380
20591
3659
9432
20727
20736
2702
3306
3328
9551
2750
23932
26544
26549
9897
22159
20615
20622
4092
20445
20763
26210
9321
14006
14323
23942
5958
20699
21528
25662
3518
9582
20695
2947
20907
22095
3451
21822
21852
25502
20483
20485
31317
9644
20587
20644
26180
3933
11594
21945
6898
23677
28413
9976
20054
20215
3675
4945
5852
21133
3269
3289
9229
21285
6870
12239
12544
28023
6790
6814
7100
23536
4398
4706
6946
2635
10422
11973
25100
6764
6930
6936
16988
24925
25834
7458
8342
23310
23420
5958
21528
25644
26001
6410
25498
25501
26250
10182
20089
25281
3716
24571
24606
31269
3262
21529
25665
25669
2989
20441
26643
10120
22212
22251
26501
5877
6446
14278
12019
23715
23795
23796
9242
9480
20776
2719
3328
2795
9548
26060
4613
9552
4251
26219
2762
6162
9714
20756
9287
21253
25785
9623
20723
20730
26095
20677
20896
26078
26084
2665
2693
9092
2762
9534
20752
9170
21500
21976
25442
2899
20617
20618
21268
21272
21602
25783
20481
21633
25646
26192
9221
21294
8991
9267
21651
9229
21210
21256
3215
5873
21193
25791
3192
9056
21265
9219
21285
21288
21293
3387
21692
25597
25605
2673
3377
9233
9245
20261
22192
25243
3173
9234
9285
21287
3377
9546
3467
9121
21292
25639
6769
6936
23375
6721
6759
6806
6735
6802
23542
4443
9668
9710
2991
3307
9482
2681
3383
9538
26054
9114
20423
26048
2693
21284
20523
21633
26188
31436
9613
20630
20723
9268
9546
21262
21283
3068
21525
25650
25751
3261
21605
21631
2751
3346
26053
9085
26134
26137
3231
8943
9056
2735
20692
20720
20774
2694
2741
20735
3258
9213
2699
6293
6830
6939
12136
12137
22562
24728
24811
28345
6757
27943
27952
27953
2709
21266
2701
2733
2741
21263
2711
4711
20783
2921
2937
9141
9071
21261
25782
25784
2801
4019
4797
20782
4356
9557
20722
26057
2711
4711
9555
2757
20767
3214
3799
3183
21354
21565
21570
2799
2766
9557
26057
3346
26052
9179
20081
20265
26360
5970
6148
7262
3659
4018
9232
9432
2739
2797
2798
4884
2764
20631
20714
20778
3306
9562
6217
20717
20774
20786
9551
20777
20782
2757
4766
9619
9624
2740
2742
3839
4884
2739
2740
9544
2726
9541
2730
2772
2798
3266
20770
2751
3346
4339
7611
3393
9540
9541
2740
3839
9530
9747
20438
8943
20733
20738
21020
21344
25744
2769
2795
3391
2738
9555
3391
9123
20693
26058
2800
3328
9545
20733
4797
9539
9575
26214
3594
22153
22450
25415
9097
9874
9722
20431
20436
20760
21314
21336
25983
25984
2802
9536
5789
25172
25174
26437
7033
10422
25834
7958
20740
3549
26362
31466
31467
4244
9248
6115
9114
3651
19923
22427
26351
3881
5874
9687
20596
9620
9618
20632
3835
9477
26087
3250
9232
20598
20750
20773
9658
8017
9116
4498
5960
12424
24382
3214
21286
3289
9268
21251
21261
2941
9471
9474
9475
9579
20776
2772
4245
9235
21368
25755
25757
2796
9672
20448
21840
4622
20683
21038
25734
4720
4766
20778
3432
3626
20254
26298
3602
9602
20442
26054
9799
25494
26261
31469
9203
20696
21334
2781
2783
2782
2797
2783
2785
2792
2787
2789
2785
2787
4261
2786
4884
2792
3839
2814
2857
27719
2792
20637
6354
9262
11705
21250
9250
9448
3515
21859
25508
26248
20734
20787
2797
2798
4228
3879
3912
3880
4228
20780
3393
26044
26046
2804
2809
9504
3955
10370
26776
30209
9215
20893
21318
22097
2938
26024
26027
26029
5345
20837
26013
2839
9529
3655
9993
25931
2836
4951
14178
25959
9410
14178
2835
2839
2857
11319
24925
14261
19868
26043
7986
20949
26518
29997
21029
26022
3902
20870
20881
26009
3335
9382
21031
25933
9241
10078
20993
25892
19809
4980
11142
17380
2902
2997
9440
20825
2912
9503
26028
2902
9462
20825
25991
19863
19869
26036
26041
3609
9913
14185
9402
14213
2832
5011
5009
5010
14164
4988
10084
2835
2913
9414
9426
19868
3067
17275
19602
31231
2993
14274
20793
20799
4989
5007
14166
14168
20804
20815
20823
5094
17245
19989
20142
22253
26600
3568
9499
14193
10454
22308
24946
25113
14260
19607
25164
26502
2913
19868
19869
26040
3694
4390
23878
19860
9406
17367
30000
2993
4968
5005
7514
9677
20910
14176
14195
3709
20007
20010
20029
3045
3335
21002
21049
5363
22119
22288
4708
9381
4497
21136
25800
25806
13168
15227
14378
21738
30086
30087
5334
10250
19932
26528
3336
20998
21349
25916
3609
9511
11117
14273
22382
25121
31345
31346
14165
14190
17229
6609
7577
11545
12062
3157
3464
21862
20968
25932
25946
10089
26705
26715
2870
9488
20807
9424
20869
20898
26006
2917
4418
20853
3955
9458
9525
20847
4416
9456
9435
20824
20833
20853
2875
17024
22466
24765
2898
24880
27074
7445
11420
24484
24501
9974
22360
22426
3518
20695
21334
26069
8033
9865
19882
19916
20945
25942
31387
31393
14182
19866
19912
3361
19814
19844
26660
3229
4605
20759
25737
3309
20066
20264
26374
3226
8053
9210
20533
4622
21323
26082
2895
9462
20848
26006
4013
20169
20174
2949
9418
20657
5022
20791
20822
2947
9365
9417
2939
2995
9414
2894
2941
9471
20867
25991
26006
9078
22090
3020
3902
20927
22097
2909
24961
26468
9439
20616
9072
9467
9484
2926
2935
3565
20830
4234
20651
20892
9528
20821
20826
9709
20634
20672
2908
20811
20813
20820
20854
26012
26013
2916
2914
6228
24849
2916
2928
2957
3359
9409
9440
26030
9446
9500
2939
20789
2959
3130
11556
2917
9435
20850
9524
20832
8025
9518
20789
26040
2933
9469
20814
9584
9642
9647
9578
9645
20650
20399
20457
4100
4588
9476
8894
21771
21778
9959
10094
10100
20570
6569
31398
4607
9820
21862
26254
3000
4835
20181
26158
26386
9676
9962
9589
4779
9388
25932
3333
20854
20907
26091
2981
5953
20957
21034
25928
4888
9072
9961
9462
20848
25988
20795
22287
9181
21514
25999
26000
10032
20001
20044
9588
9636
20900
26083
9102
20510
21685
21840
20700
26073
26080
26090
6258
9599
9611
20668
26011
4787
5064
10977
2976
9342
9605
9479
21406
25677
25687
9367
22011
22024
25343
9468
20823
20850
26025
22470
24921
25043
25408
4981
9433
9375
24944
25810
25819
19876
19883
19945
26561
9409
9524
20847
4226
20754
26207
3866
14961
26468
7279
11514
22476
27191
9360
20982
22305
25909
13968
16943
17438
29774
9473
25742
31377
31381
19921
21516
25150
25285
3043
3092
23650
23826
4369
7807
14426
3135
21055
21373
25882
5877
9298
22353
22359
22065
22162
25235
4355
9648
20620
20684
6256
21028
25881
6256
20872
25897
26516
2981
3675
6378
9381
4775
10048
19637
19872
3263
5978
21272
21604
9129
9597
6234
11985
23856
23859
6448
9111
22403
6534
6605
12099
14031
7992
19590
30204
3565
3851
22094
25301
6481
12596
15232
11016
11020
17982
4881
11739
23761
15362
19146
19213
28838
20930
20955
25945
25958
5957
20568
20584
26122
26227
26237
3024
9399
9484
20622
14184
20923
21039
9514
9899
21964
21974
22233
9416
9459
20808
10531
26350
26515
31509
3108
20797
20822
3122
20213
14300
17391
21962
30096
3955
20847
10108
20904
22350
10281
15344
19050
19490
19516
26843
26861
3945
6525
15113
17006
3066
5961
21998
24719
5032
20216
20222
26649
16938
16977
16978
13270
15317
15323
15532
20038
22173
22181
6971
7155
23534
6908
11879
12028
27810
6580
6891
7444
12256
11976
23660
23782
27823
5300
11305
12118
24915
22317
22438
22451
25128
8641
15636
16805
10223
19525
22011
22024
25354
25728
3388
21318
11521
13096
22171
25051
10395
21389
27729
4448
8035
29929
10238
17395
3120
8070
22442
20685
25762
3445
21798
31282
31301
10132
20012
20014
22145
22154
22439
6516
6675
12041
12134
4881
11814
23905
19770
9379
22105
25332
25342
3129
3647
21573
25529
3358
10323
19001
31109
11343
23414
24663
27063
20958
20959
20975
10404
17391
21962
31225
4790
19569
31056
31058
3570
4405
5944
21842
3707
4053
10339
22471
22759
22806
22809
28276
6031
24715
27822
6166
22547
24644
24705
3953
21031
19376
19381
25167
30436
4243
26700
9404
10093
19851
19853
10305
19404
19408
31527
3156
6159
21917
27196
4162
7203
12476
22978
19633
19910
26601
4461
4576
8290
17762
18055
18371
19459
7403
12578
24601
24747
11382
14987
28680
28736
4197
4240
9970
10105
20178
26306
7593
7888
12805
14052
9906
19987
23860
27729
27734
31373
22338
22415
17219
17227
17291
17373
22455
25006
26453
27172
3134
22846
23832
9397
9425
20614
21020
22083
22001
22050
25327
25391
4877
9390
21347
11419
12592
22945
24489
4350
4912
10243
19685
5285
12689
12756
14520
3442
11848
23971
25699
12010
15091
17153
27838
22489
26918
26923
11452
22667
24490
24773
3940
8983
11635
24360
11337
14294
22334
22357
21125
25104
25830
26547
3850
22224
22478
25199
11420
12290
21937
24501
20886
20893
25734
6470
14368
21687
30088
7862
9330
23940
27717
5669
5754
14111
17084
3720
22246
22479
20035
20041
20281
26369
14295
19175
21122
22361
12189
23804
24138
25853
21370
11471
24893
27810
12069
23813
23836
23893
9370
21131
25800
31348
21934
21935
25000
27177
4481
14459
14948
28388
5916
8086
17381
17419
3470
4611
5960
11684
12028
23827
24711
27775
3690
4937
10099
9159
21002
21049
21163
20017
20029
26493
22546
24428
25000
27178
10996
11021
11211
3957
6396
22023
22033
9890
10031
10038
8032
12015
14029
27846
5015
20795
20806
10458
22337
22357
7021
8793
14948
28381
6389
14745
29923
29930
23885
25813
25820
27730
21928
21955
22179
15427
19266
29870
29899
11925
14297
21148
9305
14324
17430
13147
13878
17451
17799
16958
23915
24932
26536
3635
22343
3719
22321
22428
7801
11359
11361
23768
10018
5819
21139
25803
4217
24416
24445
24454
5401
8468
16468
16470
21345
21526
22111
3596
11636
21743
25553
11310
22162
22477
3283
3325
3457
3866
25032
26972
21959
24997
25412
27177
3195
6275
6284
11908
3207
4042
8900
21505
3161
23822
24642
9384
9391
3774
20070
20077
25263
3947
14246
30069
3960
6696
12545
23565
20264
20576
26376
3562
22139
22174
22175
3458
21718
21719
5919
22150
22180
25269
4731
6325
23799
27788
3562
3553
5811
21993
3448
3454
21915
12276
23277
24226
27428
21085
21151
22400
25870
8261
13236
15453
15962
19330
19361
26925
30294
10304
19705
19802
4939
9437
10068
26371
6308
11646
27696
5941
21934
24995
25406
9066
11616
11804
27340
11765
24514
24542
3578
20064
5198
14738
14748
29881
6509
17066
29822
10316
3188
27105
27806
8045
10333
19355
3360
22149
22429
25414
10336
12973
14999
15313
3167
3771
3182
3227
9239
3172
21255
3175
9236
21260
21351
3386
9287
21253
25781
3201
3215
9174
6320
6334
6357
6374
3175
9236
3274
3282
21251
4757
6215
9264
21236
3182
6331
9239
9290
6241
9092
9282
6027
21199
21396
25788
21321
21332
25735
3337
9058
9222
23990
6865
11491
12249
23445
4184
6345
25794
6324
6373
6850
27697
6307
6344
6373
23449
24024
27612
27667
4190
9215
20871
3792
6590
27495
11743
12389
27692
27700
3238
6356
9293
6409
11791
23978
24098
9198
21597
3196
23968
23970
4231
8982
12389
27702
6268
11917
3202
9260
11652
21231
21637
4187
8950
9112
21305
3453
4340
5826
21669
21243
21282
21658
6241
21215
6335
6362
6889
7289
12490
6868
11742
11785
24007
21398
24126
25710
27543
5873
9284
21204
21207
21505
21551
25467
4798
6175
9165
21734
24186
24230
27466
27481
9616
20640
9216
20688
25683
6329
6368
11901
11916
11529
21880
21978
25436
21266
4368
9220
5886
21470
25355
11903
23409
27646
27678
21423
21426
21555
21665
24106
24121
24122
21443
21450
21485
31327
3452
11604
24191
25422
3385
9190
21329
4189
4566
6172
21916
6789
12432
23362
23376
3337
11638
11881
20574
20608
20660
9294
6368
11640
24000
27704
25758
21504
21903
25444
25454
9071
9245
20736
21904
21978
25518
31283
3339
24573
27233
27237
4286
4703
11702
24321
4852
21696
21724
21774
3556
9132
21218
21753
24322
27384
27385
6288
6825
6851
11900
21203
21210
21257
21353
3546
9136
21556
21788
3559
9119
21579
3249
3771
21287
6835
24013
24275
27685
11720
24642
24714
27101
24094
24856
27105
27759
21430
23849
27422
27490
3249
21259
21265
21287
9049
9070
20462
20521
21685
3255
9121
21352
25784
3599
21779
25542
25547
3261
4317
9249
9243
9549
25786
3415
21267
9070
9202
9205
20732
9195
9281
21300
9289
9291
9596
9933
25661
26333
3378
3552
20680
20897
3411
20460
20461
3277
4244
4262
6373
7283
24011
27697
20772
20781
21460
21500
21905
21906
20698
20726
25767
31415
7305
9121
9259
3528
9165
21734
25566
9177
25859
25872
4047
6343
21556
25684
3926
9207
9268
21283
3840
6178
21255
9145
21214
21309
25793
9013
9020
25527
25532
20769
3798
23838
24856
27109
3430
11776
11795
11427
11585
22936
21276
21280
25768
3840
9184
9198
3327
21573
25513
21337
21362
27550
27575
9725
21870
25536
31446
3297
3366
23816
3310
3564
23785
24142
5831
11772
22766
27137
21247
21256
3409
20234
5892
20391
3794
11535
27186
21616
25525
25626
26191
7784
23886
23887
23904
11302
25031
25049
3650
20193
24664
24928
27820
9048
21645
21704
27396
4254
12442
23342
28193
4849
6118
21731
3928
4584
21636
21643
21326
21329
25738
25750
21619
21831
25534
26226
9256
20719
20734
20298
26160
26252
20777
9474
20844
3410
3459
21550
22164
20301
21861
31475
7942
22790
27062
11428
27848
27851
3887
13084
19105
29396
4494
22154
22432
24543
9480
20774
20776
20786
4862
9455
20183
31485
8027
15259
15273
15284
7016
13023
21144
12287
24500
27193
27221
15173
15372
16907
28930
20231
4981
9500
20180
6274
9211
21577
25600
9761
9861
9923
21749
21792
25549
4583
9809
20394
21792
25617
31316
20762
3512
21432
25713
21340
21564
24132
25689
5887
21472
25701
25721
9226
9228
9236
3812
20814
20815
3666
3957
22047
25314
6489
9241
20978
25919
6270
3474
5970
8921
9010
11461
11544
22701
5958
21338
21515
31416
20658
20700
20705
9318
21165
25797
9254
9595
9639
12290
24755
27152
27157
20108
22228
26432
3392
21943
25225
25231
22245
22251
25177
25188
20233
20234
22500
22515
25045
10043
20110
20119
20276
4941
9359
16948
27836
6634
12199
12634
5340
8081
13964
3779
9855
9856
6810
7399
28185
28205
21487
21969
21977
4581
19001
3812
20829
22456
25413
19679
19816
24656
25811
25812
27731
3550
6339
6439
27326
9081
9158
11794
21989
22039
22042
22351
25339
3371
3498
23911
3903
20811
6982
7994
21154
23720
4480
20456
20749
25613
5170
7078
7142
27480
3498
3564
3698
9258
11871
23984
23988
11808
11827
11968
21416
19875
20214
26307
4684
24004
27325
27378
6647
24567
21262
5936
6370
21241
19899
20922
25927
25974
14162
14165
3545
8924
8998
11533
4622
9127
21040
25742
3586
9255
9602
9102
20454
21685
26206
9445
21328
25775
3591
4317
3403
9688
25628
20870
25977
31409
3421
21980
22223
25414
4043
22187
25247
9123
9475
3542
9912
22147
5965
9950
20282
9686
9706
6353
9230
11872
12180
4487
24525
27138
27144
3969
6183
21982
25458
6266
6299
6316
23475
4102
9842
9849
7044
24495
27218
27267
4468
4781
11493
27268
25606
25622
25627
8984
12626
24180
24384
5797
9034
9153
11558
20154
20160
20161
26314
21949
22139
22148
22178
4620
12710
12758
9122
21522
25665
25668
20467
20765
21271
9927
20984
21002
25922
4850
22817
22826
22832
9200
9657
20765
9301
23754
23872
25964
20764
21274
12582
24469
24473
3684
20036
26390
26407
9627
20579
26120
26124
6413
25247
9100
9349
21402
4292
4584
8972
25568
7053
12354
23476
9580
20683
21025
9053
9265
9273
21230
21638
24295
24303
6407
9762
20270
6167
23022
28172
28174
4184
9209
21311
4379
20245
4314
5706
11476
24577
4649
6448
11957
25862
5847
12542
12577
23599
9808
20463
20483
3714
9022
31289
5015
5022
20795
20826
4188
11753
11953
9029
11662
12174
3571
5943
6149
25135
4653
9172
9214
3489
3506
4948
4409
4611
6140
21493
25532
31281
9020
25512
25521
25570
20355
25507
25508
25633
4897
22648
3987
22147
25405
31271
9041
11619
11625
24352
3551
21819
21825
4861
21901
21909
21228
27383
27387
3603
3714
3645
3670
4342
24739
9047
11765
24542
24548
9113
21749
25526
5346
6187
11897
20293
21867
22164
3499
4612
9038
21760
8889
24070
24218
25590
6135
8997
25560
21411
24105
24154
24161
9803
6091
11637
12452
4939
9437
22137
22233
21276
21602
6030
8042
9033
11635
6640
25423
27183
3474
8881
9004
3474
6119
8925
3525
22034
25391
25392
25401
3587
8986
24541
25447
25554
3483
6109
7927
3487
6109
6110
6147
6110
6127
6147
8977
3483
6108
6112
6109
8935
9062
11636
21709
24352
3593
8968
8966
20367
26232
3487
3493
4404
3488
3493
7927
3495
6136
3495
21763
3506
3632
3495
3496
21763
9035
9040
11597
21743
8922
6090
8978
8987
3537
9057
21754
21756
25559
24700
24704
8881
9004
21737
9772
9788
3502
4656
3520
8929
21694
21699
21794
21883
3526
21827
21833
6165
8919
21885
25470
3527
3510
3544
8934
21606
21615
21677
3510
6014
8934
9040
8879
8989
3731
4487
25398
25421
9083
11935
8953
20361
21786
25542
3593
8975
21723
21755
20355
21892
25504
20347
21830
21847
26241
9118
21335
8963
20350
25540
4181
4453
8951
8962
8912
25499
3936
21809
21754
25546
25559
21755
8020
21807
21853
8924
8995
9087
21580
21749
20387
21618
9247
20501
21781
21870
20057
20304
26401
26404
3611
20460
21611
21678
6284
6330
6338
6355
8937
8944
3601
6413
25244
4656
21768
8953
20361
21778
3561
5883
20294
21837
6047
24202
24308
3709
10133
19828
19974
22028
25411
6154
9068
21747
24355
3585
8970
8995
21770
21806
9136
21540
25670
11951
12374
25686
27545
7010
8921
9002
21761
25464
26263
31469
21751
27384
27387
25497
25501
4164
20680
25662
22145
22439
25413
9702
20339
23837
24664
27115
21702
25564
25569
4181
8944
25540
9634
20672
9443
21571
21683
19980
26623
20286
25260
25262
22148
11538
21936
21955
24646
6378
31395
21488
21983
25393
6155
6404
9130
25878
9465
9512
9443
20484
21674
21683
5924
9937
11311
19379
25156
6144
8952
21820
21884
9688
21677
25595
25622
9089
9966
20538
20572
6421
22022
22081
25333
21571
21676
25596
5969
9912
25231
25386
9803
25248
6216
9476
21336
4702
9953
22149
22155
9367
21100
25375
9139
26360
8021
25333
25340
25343
6566
6636
23339
28056
6132
9043
25561
5960
5970
9777
20590
21848
20497
21581
26190
8253
8283
12364
12377
21605
21729
25630
21745
21801
21978
25556
9104
21721
21981
21994
22160
21766
25543
8942
11773
21710
11529
21872
21904
21909
8939
20346
4453
6210
8946
3724
12292
24466
27230
4702
22188
25254
9540
26046
26047
4784
4897
25431
4651
11627
21737
25561
9209
21668
21689
25777
3918
6148
9002
21915
21918
22648
24516
20519
20551
31423
4891
9428
6631
7543
11969
23410
9666
20466
21775
4556
19116
19183
19256
5889
8923
21877
22157
23727
27111
27777
4265
7470
12566
24748
9156
25708
25769
4236
11861
12177
24032
4703
11783
21638
27417
9362
11464
24646
26329
20075
26416
21223
21668
21689
25724
5998
21939
21940
21948
4287
12089
12663
22558
15199
15215
15384
12689
14938
15006
22559
4426
9369
21062
21369
6566
22819
23351
28246
3900
4177
19163
21187
9249
21653
25780
9490
19914
26597
26616
8922
8977
15417
16810
28815
28816
4681
22321
22425
25380
25216
25218
9101
11774
11945
27333
10496
18810
19336
19418
10436
22460
22513
25049
22520
22598
26479
3913
5818
8036
10477
11409
12598
15137
10055
10172
5941
21934
25050
25408
6511
8188
11999
23712
12582
24446
24469
9350
20099
20868
20912
20359
25548
25549
17342
19564
19717
21440
4310
9917
10120
22277
3728
10018
20192
19906
19923
26350
6370
21238
21684
25597
4550
17058
29809
10071
10450
22249
20877
20969
25932
5979
21927
21991
31275
9567
9672
20745
11957
21127
23886
23906
8017
26058
9004
9026
11598
21742
5207
13088
15174
19135
6500
15190
19137
22315
24945
25816
25825
21019
21054
21070
22076
4026
6299
12151
23481
21498
21503
22158
7859
13964
16995
17383
17413
30120
30125
12992
16951
24830
24842
7390
12303
24737
17414
17424
30152
11348
13122
15212
22381
9371
9474
3720
31256
4945
9381
5279
5395
13773
17213
9510
9517
14163
26037
21664
21728
9016
9137
11794
21497
10349
11311
22318
22342
9434
21126
25823
31355
19081
26927
31134
23787
23797
27807
20040
20076
26405
7990
20116
25189
25207
6544
11536
24746
24750
4176
5282
12834
29818
10356
19015
19032
29220
3713
3790
6593
27100
4447
20038
4471
19112
26931
5101
5112
7925
13268
23894
23902
25867
3872
22766
23840
24171
19229
22417
24672
24969
7565
13958
16976
24646
24942
25835
20922
26007
31386
10396
15361
19062
19145
8912
8918
21847
5884
11526
21959
4327
11979
12013
22565
5811
21931
21939
21952
9392
22102
22112
11532
12287
24425
27228
5327
22500
9272
11907
23991
27391
3968
19973
4020
12258
12319
23242
4441
21932
25406
31268
5332
10480
17059
29812
3792
27492
27495
25431
31288
6472
11826
28450
7279
21926
21927
8151
13401
15922
16425
10379
10446
11472
19110
22328
22353
31257
11605
24317
24426
27284
11296
24680
24695
24729
3851
9975
20096
22124
11731
24436
24504
7264
24653
25376
31265
3790
27102
27108
27585
4024
5335
15042
4242
9929
9251
9616
9621
4330
8939
9694
11501
25418
27145
7924
12899
17198
28525
8898
9604
21596
21871
21919
25456
31291
21295
21356
25773
25776
3992
5536
13797
13886
16216
16320
29418
29424
7682
7726
12763
5865
26490
31503
19547
22578
30033
31244
5348
14230
9053
9263
9265
8928
9705
3838
8956
20314
21782
25530
9649
20340
26228
26237
8955
4107
10069
22344
25195
7756
13571
4538
8516
15979
15980
8059
8718
8724
13783
5084
18029
19589
8859
13781
16228
16585
4420
8326
13531
13532
4427
4596
8469
8531
13210
16098
16150
18148
10666
17680
17724
4325
5353
11290
17671
10978
11159
30483
11200
11231
30309
30320
5549
8144
16593
5466
11284
11290
4067
8249
8387
11233
8862
30325
30345
30346
10895
30628
30635
8195
10729
15865
5541
8437
13441
15986
6840
27563
27599
27633
9234
9700
9947
4629
10017
6483
20208
22350
21476
24140
24641
25678
20712
25766
25767
7111
7164
12179
27280
6889
7076
7310
22906
20102
20911
26348
31505
20363
22191
4991
5055
14128
4717
19305
22347
26942
26943
17225
29971
10145
19822
19966
22215
22249
27104
27483
9329
22303
22306
22408
23287
27104
8947
20485
21619
31317
6123
6640
6352
8946
8998
20359
7805
12773
13750
13757
13074
15633
17123
28988
3832
24639
27122
6726
6857
6971
6365
6369
6959
7075
7210
23142
6891
12256
12264
7000
7134
13134
24465
5238
8097
5751
5775
8351
13911
14337
15729
18977
17389
17535
21687
21999
10452
19104
26929
5440
17155
23552
29903
4670
5243
5330
14245
19646
29992
30036
10603
18753
5357
5628
18341
7048
23132
23535
21575
21621
21634
25599
21029
26011
6208
23076
28157
28160
9279
11975
27607
27767
6956
12044
12084
23624
4768
7958
9480
9708
8284
12913
13749
14555
10134
26646
23976
23985
24059
27560
6763
7101
12068
24017
21203
25788
25789
25791
3840
6178
21246
13428
15858
15882
29318
5768
16449
29537
7720
8148
12684
21431
24146
27110
6006
12496
14471
22873
5217
7346
7404
12498
9252
9611
26019
4479
12559
12564
12569
11384
12787
14477
8702
9316
13984
17100
7780
12919
14877
28646
10620
10676
13386
15596
15610
15620
29142
5935
17414
17482
10374
10513
13608
4454
21491
25460
25487
17409
17478
17506
30192
9399
10238
25955
22224
31255
25294
25304
10466
12947
13304
20496
26219
9625
9635
4703
11706
11742
24007
17717
17898
17899
30337
3892
4011
30341
10589
30751
30784
30425
30448
4555
8617
8630
7864
13899
16282
5413
5443
13187
14577
12095
23678
23710
4363
6660
14039
11407
22445
5659
16499
29540
13269
15283
15294
28896
10854
11009
17549
17552
18846
3904
11376
24643
8825
16009
16382
16385
16418
16437
16465
16981
4206
14110
16545
16582
10121
19838
9385
20985
22311
25885
4087
4457
14123
4019
4019
4261
9650
26108
4018
9232
26060
5596
8708
13736
5672
5732
5279
7832
13773
17112
5598
5642
5651
15277
19097
10328
22266
26944
5893
15305
15324
16134
4246
4675
10555
18583
11035
11040
11219
17919
10592
10787
18700
18718
4185
20393
23404
24255
28106
28108
6828
6874
12148
23157
6964
11664
23019
23023
4770
7035
7167
7236
4103
9347
9376
21371
10512
13110
30156
17486
17617
17618
30198
20866
31396
9469
11343
11518
22547
4008
11088
30438
11193
17731
30321
5503
5543
8452
4450
17902
18071
12521
28059
28062
28079
4007
12057
21476
24660
4613
21266
6496
7817
5100
5305
7852
7963
11980
27899
27903
27911
5249
7816
14041
14115
4512
5197
5287
21880
21915
24516
5886
22033
25329
21937
24574
27144
27182
8973
9067
24357
4580
22349
22434
25380
10767
19199
19309
10072
20092
20285
11830
23190
23985
24059
9240
21256
8002
14416
14436
14678
11616
21698
21702
4761
6541
6996
22682
9273
11866
11906
24001
5236
22732
27911
21392
21394
23967
27636
25423
25426
25429
9769
9866
9076
9755
20453
21806
21814
7323
7329
22814
6042
7140
12998
22992
22001
22031
25391
6168
6233
11596
7082
7095
7158
23106
6579
6603
6624
6627
6291
6375
6106
6853
23521
28151
4626
17005
29793
8300
17685
30319
30320
14246
17343
22495
22523
22538
19982
26594
26595
9422
10079
14189
9318
25819
31358
9338
14137
19657
26704
26706
10634
10697
18595
21495
4927
6389
14034
29886
4055
11341
22017
23896
7478
12056
16519
16532
16574
16577
11123
17840
30355
7624
12988
13608
15257
8821
13538
16052
16731
17119
29589
14250
17339
30003
31237
20012
20028
5858
21984
22052
4079
17589
17681
30932
10172
10176
4772
9446
26026
18994
19001
19043
26486
26492
4324
19665
19884
26610
12462
22913
22932
23097
7651
12675
12684
25616
30482
30555
30664
10881
18764
4505
17985
30648
13406
15291
15331
28957
13645
13740
16377
16567
7851
10623
17214
21931
21940
22144
20699
21525
25662
5988
15169
23821
27110
6020
12203
23608
27791
5479
5506
5508
16595
16601
29524
5747
5765
4191
6976
7058
12344
6940
23453
27973
27976
6819
12136
12139
4036
4055
11356
25368
5446
17486
17514
17516
10828
18194
11987
13055
29885
29933
21618
4815
7396
9024
27228
6340
12354
23166
23168
12704
14886
15546
19449
28807
30963
30978
10596
10809
18304
30800
4036
24171
24655
17328
17520
18838
31073
17903
30337
11219
4997
5003
17244
9494
10107
20177
14192
14235
17267
11680
11756
24194
27434
6368
6409
11872
11918
6235
6350
21597
8985
26057
6264
23439
27997
7418
22607
28369
28370
9591
26183
4210
7266
7499
28738
5184
6550
6693
12046
6844
23478
5582
16618
16628
16635
11102
11132
17887
5277
13737
14107
4323
5111
17064
23741
8086
17381
19181
19215
9895
20221
20222
4925
10546
10883
30991
20973
25918
6492
7565
13965
14301
4057
23840
19933
20200
25174
26494
4890
19873
26396
26645
19622
19800
31525
4475
11411
11777
15083
8125
11428
11990
27852
8900
21503
22137
9803
9937
8913
9649
9692
9772
9486
26276
9256
9565
20784
21219
21555
21661
5413
7795
8678
5124
5143
5274
15195
15434
29025
29038
7616
7706
12952
4828
9138
11495
11614
22461
22552
25042
5235
16996
23696
29781
4057
27120
8400
8516
23898
27747
4751
9694
20360
5160
12590
14988
24814
18854
18880
18905
19013
8660
10461
18815
18991
8460
15988
29291
5247
5766
4395
10330
16352
16375
4513
5107
5250
7853
5268
8134
16690
30881
6383
8364
8387
5398
16784
17088
4581
10802
18798
9147
21339
22067
22349
22426
22434
4246
10609
10695
30839
10691
18306
5473
16596
16601
16607
8777
17099
17109
29837
4726
5729
5761
8772
8820
13639
4307
10823
17740
30375
30387
4150
5923
27086
27150
18506
10629
10946
18775
18793
4311
4312
4519
18247
14282
19930
19956
26525
10295
17235
17246
5531
17714
30324
12876
13050
15390
15529
13522
14661
14728
29950
5277
7929
16342
16527
9537
26044
4821
12411
23020
12892
15034
15065
28773
10357
13163
19514
17934
18285
30564
30947
4147
30346
17891
17892
9588
20550
21514
31426
26015
26101
26107
9801
9336
21079
21370
21357
21368
25763
10289
11131
30362
10102
22268
26487
5007
5009
10353
14258
21149
6484
14088
16771
10539
30675
28550
30829
30833
30835
5686
8817
13784
5520
8298
10613
16746
5825
6713
14054
29909
5801
7639
7655
12678
13105
13956
24936
25119
10525
11009
4537
7961
10184
10705
12060
12063
22844
23598
5933
6960
12202
5172
6517
12512
14480
5124
5130
7849
8676
6064
7181
7209
6626
12242
23373
23374
22561
22683
22688
28261
6965
7458
12542
22798
15884
16074
16095
16123
4412
8561
8774
4588
9585
21029
5155
15216
15278
15474
9051
21361
21477
21682
10686
18588
27924
5470
18278
18319
10828
14228
14363
17324
10863
4275
16722
16928
17082
29745
11435
24632
24634
27086
10854
10835
10837
18236
30639
4934
11155
17801
11230
13827
16665
10387
30343
4987
9317
17362
30001
10995
30611
30706
30941
4154
4165
11444
11015
17720
17732
8207
18379
11029
11036
11037
4165
24229
24526
5659
5746
13896
16458
8663
16409
16429
29513
17983
30451
18398
30707
4544
10381
18320
5140
5401
16583
8757
16455
16457
29533
6981
7367
12520
5993
23772
23816
27820
20890
21528
25663
4302
25396
7145
12394
23007
5997
6043
6137
24393
4610
12381
23338
4191
6966
7057
7074
6230
7289
7361
12453
6018
21467
21700
25585
7082
7152
23098
28170
20743
20744
26052
6226
23868
27552
27553
4936
22360
25311
25330
8000
11344
29815
14310
16942
17443
10935
18159
18192
8929
9808
21632
26206
31317
20087
20273
21849
26363
6345
21243
9879
26131
26281
4253
4302
10013
11497
9147
6400
11420
24484
4798
6172
21797
9365
20861
4825
6874
5081
17806
10393
10677
27606
17814
19460
26843
26852
26861
19815
19850
19893
10181
20020
10662
10746
13367
18442
6073
11972
28129
28173
5185
7946
17047
29832
12921
12926
15009
28656
12739
14543
14561
14899
5461
13821
5561
13831
13839
16742
5565
13731
17098
8670
16726
16727
16728
6281
6783
6786
7501
12446
12450
28233
7313
7344
6048
7153
23046
7777
12744
14902
14970
6660
8102
14044
14047
11669
16849
19517
29804
18562
30824
30834
30959
4556
22369
31177
31206
4781
22929
27294
4524
20981
9323
14291
25807
30134
4894
5206
5246
11080
30441
4738
8230
11030
5325
19333
26922
19389
26808
26881
26884
4912
26779
30879
9532
20425
20504
20516
26217
4261
4884
6528
11711
27644
27645
6913
11679
11896
23196
6297
27692
27707
6784
6828
12148
12372
8910
27269
27270
20673
26106
4825
6794
23166
28154
6289
9109
8518
8631
13540
8552
8593
8606
19421
19431
19508
10086
10152
4999
14391
9956
6391
14137
19952
4606
20769
13369
5452
12897
14021
14730
10368
16740
16781
14361
17555
17598
9662
20428
20601
4655
20360
9719
20743
26051
4302
4314
4477
4610
22909
28186
6638
22644
28210
28221
6180
6785
6863
7704
12346
22898
6580
6901
7444
12225
19157
22307
25109
31181
13246
13689
16212
16311
4720
10669
10836
18367
6986
7313
12529
24741
27038
28296
4816
23280
23619
5200
5204
5244
4823
12645
17166
28433
6664
14017
14067
8788
16697
17088
29719
9520
9531
14074
17169
8648
13220
16104
5578
11449
13000
20689
21596
25655
26170
6488
22175
22183
5720
8854
13666
16388
5760
16630
16650
8229
13350
13585
15984
8126
8595
8715
16350
6108
6112
8042
8935
8225
8828
13238
29285
12017
23802
23810
27788
6297
6324
6850
6343
21483
25671
6077
11895
24304
11648
21638
12593
14453
28408
7125
7337
12480
12520
6904
12229
23239
28125
7337
12480
12522
7453
12383
22964
22981
6274
21680
25599
6123
6159
8887
6503
7317
12574
14494
5216
6519
14058
14060
7418
7497
22676
28368
22756
28258
28263
5580
13569
16075
16300
22735
24223
24232
27741
7226
7254
23054
4679
6009
28067
28071
27146
5779
16365
16481
29534
5793
5981
15237
13875
16412
16515
16819
13856
15839
29631
29632
5914
11264
13355
15845
10597
10807
10047
19379
22210
7168
12481
23049
23057
24234
27134
7274
12397
12398
7226
7230
7304
23054
25781
11727
23417
23431
23636
5590
8849
11284
13330
15654
15674
16615
8370
8398
8497
16003
13251
13740
29475
29493
6509
16992
19894
26611
8093
14401
14402
11249
17715
30323
30331
7596
22767
23713
9396
10366
19594
19612
4807
9692
20360
19672
19802
6796
6852
7091
7320
7373
7374
7000
7384
12489
23069
23095
23124
28162
9313
28070
28073
28118
4348
24513
27276
27317
9208
9707
26067
26196
9707
21533
21639
21706
24326
10958
11147
19721
24432
24472
27247
7559
14694
6653
22685
22815
22858
6234
21103
23851
23878
5867
5979
21981
21994
5797
7366
8978
24449
27272
27316
5554
15380
18481
29340
10243
19562
26779
12635
24765
25004
27073
6564
7539
12097
12551
23418
23599
27926
21213
21243
21282
20663
20670
26104
20734
26060
7560
14001
14965
15014
5824
12953
13061
14638
8716
13813
29730
5891
7689
12651
12887
14660
29862
29931
5187
5233
6514
7540
7606
8139
28491
6277
6278
7966
27619
14384
18046
30931
13478
15591
15939
29366
5873
21202
6620
12125
23567
24602
24954
24993
26455
6756
6900
7132
23302
7686
7918
14528
14350
30260
11276
13366
18379
4695
5509
4601
13419
16390
4401
4468
7396
11493
5804
23853
23854
27765
5948
8013
6157
11531
24373
27341
4758
5528
16496
16583
5123
5280
5374
5606
5762
8448
13647
29493
13229
15892
29421
29422
8955
20392
13806
16782
16783
29669
8507
8542
8824
13534
5770
8843
16465
20933
20943
26037
26042
21119
23841
24110
20395
20413
9584
9693
20617
8530
13550
15970
15972
16447
29528
29529
29532
8802
8819
20102
25976
25994
6618
6924
6948
7452
6922
6948
9151
23194
24038
26409
26560
26630
31498
24427
27265
27272
10115
19775
19776
9192
11909
24001
4633
6147
8922
6046
6084
24358
24375
5945
9328
11931
21137
7186
7206
7331
23063
5797
11558
7183
7278
12387
22939
6083
6957
11593
12365
8593
8737
5214
8095
8097
17207
5713
8729
8792
16472
4526
8409
8472
13472
4945
5044
5810
14136
9488
20828
26028
10691
8513
8598
7476
13231
14840
16245
13937
14335
30169
5251
10491
18916
19207
10726
13390
6219
24760
24804
20241
20246
8371
13512
4840
13253
13668
29478
13880
18652
18673
19058
4466
5712
5715
8508
5212
14064
17194
13188
14788
14866
15447
8034
19303
19330
9601
26087
26088
18517
30815
13870
30891
30892
4967
4977
14145
17357
17537
17543
17651
5205
7582
12085
12099
12981
13093
15141
28811
21935
22435
24610
6765
23530
23535
9778
9785
9446
9470
9945
20838
6541
12971
14442
22563
8334
13378
15957
22217
6663
7566
9437
22125
25238
25313
18059
30364
30365
5511
8834
8836
8873
4575
8635
16337
21817
25540
21487
21876
9852
20599
26112
26184
9467
20818
20844
5076
5077
14290
17966
20851
21030
26017
31408
4523
14153
17243
5389
10694
10793
10822
10875
30651
5853
12371
22902
10400
13671
13699
13914
4666
5572
13655
29492
5729
8351
4673
5707
5729
5733
6961
24447
10757
18414
18530
5470
18278
18322
19071
4882
12505
12589
14469
10543
17378
17480
17483
15120
15203
24915
26903
13044
17180
28780
24192
24276
24423
27296
25399
27134
27151
12197
12216
12240
12284
7154
11424
22711
6434
20521
31435
7423
12653
6328
20467
21271
5512
16443
16588
4882
12535
12589
22557
8401
16414
29556
29559
7722
7740
12698
27143
27180
6844
12138
12161
7838
14309
22581
23550
4740
17721
30327
6681
12100
12115
12823
4529
6041
6078
11566
7552
10470
12841
5924
21980
22122
13883
19086
19345
5924
5944
6129
31291
7527
21152
25817
20715
20771
9687
20702
26143
5290
5452
11370
15443
4793
24598
24613
27157
6680
7437
23543
11203
17918
11002
11098
10986
30648
10580
14251
18871
19284
10842
11127
11138
30417
9700
9950
10008
20135
8693
8789
13629
16331
14757
14758
14803
14823
5570
13778
16508
16533
5200
7963
5106
5124
7849
7405
11414
12595
14964
17903
30352
30353
10259
17893
26673
26795
10630
11270
15562
29600
10184
10682
18581
18999
5439
13453
16129
18149
7913
11027
11028
17244
20973
21654
17945
27103
8511
13487
15973
4529
6218
23017
23020
7095
7118
7284
23098
4564
23016
11140
17755
30419
11195
17722
30338
30711
17343
30069
18514
18672
27013
30720
26918
26921
26925
26926
9795
9910
26301
26304
18249
4587
13457
10364
4789
5105
5570
12891
15412
15422
28969
10074
10456
31185
31194
18222
18755
10711
11022
18703
8259
8709
13350
13351
17301
17313
18046
19570
7841
14007
17058
10214
19613
26738
14301
16978
17008
17431
7997
8180
15319
19096
6491
16660
16760
18640
8607
13570
22406
31193
8166
15300
19055
31120
22204
25217
25221
10940
18161
18757
10889
10933
10952
18215
18227
18233
7088
7115
7124
7205
4963
6510
13786
16228
4615
12412
12459
13870
18654
30863
31091
21699
21794
21916
10112
10125
19982
20138
8082
26909
29700
10842
11160
6926
7132
23361
23378
6447
7687
12683
14501
10582
17923
18372
30454
4982
4998
5037
5093
5374
8779
13763
4745
5601
16335
10793
18356
18137
17592
17820
30234
11014
11325
22035
25383
5424
9607
26110
20413
20588
21643
7153
7332
23038
6981
7196
12520
4729
8369
13546
26022
13469
13475
18542
29373
6890
7326
12511
22884
10489
12887
17125
29862
7160
7247
7892
8343
18258
18259
5453
10625
16836
16896
7772
14645
28543
28547
16023
16024
16413
18727
19006
30911
17416
21654
21990
22010
8329
15854
30749
30771
5798
10056
19810
19813
13426
16396
16398
8177
10492
18657
18659
4786
8085
30695
5393
26669
6173
25735
25762
20767
9820
20065
21861
4716
26276
31476
6212
11856
24019
23342
28182
6127
6236
8980
21018
25881
25891
12365
12430
27299
18906
18923
18928
19013
10080
19681
5979
21927
21992
22152
13693
16081
16301
29452
8627
14563
14565
7522
15110
17171
19521
9473
24908
24919
25090
28855
7069
7207
28169
28171
7738
8332
8490
28655
15146
17013
17174
9663
10011
20564
31463
21305
22020
20218
6705
8994
11717
24439
7990
20019
25212
31259
21537
25486
26248
26262
6044
8936
11798
22940
28194
4701
17020
22569
23749
8482
8518
16027
16028
8401
13627
13635
16321
5374
5613
13759
10865
17976
17985
7151
7196
23005
22449
24805
25006
17699
17700
30329
11228
14406
5215
7642
17183
17195
10763
15676
29322
29335
4809
6067
12456
12666
19749
26684
12615
12690
14416
14437
21102
18891
30946
31070
8979
9043
21743
11510
22441
25379
6894
24137
25709
23700
23955
27721
27726
20476
26219
9724
20419
5902
11733
23898
24660
12239
12257
28024
20343
26156
26264
31480
19069
19085
14248
18067
30593
30594
8311
8719
30349
19396
19431
19504
8197
13402
13424
16014
8824
13533
7560
12744
13195
14929
15196
15334
15336
15343
4845
18396
18434
30334
5100
5191
5199
5456
5475
5505
13826
5418
13885
16623
8351
8857
16489
18491
18513
18533
10695
30831
5212
12895
14060
14064
8126
8501
8738
7093
7180
7309
12280
22731
28052
7598
12744
12943
22416
25066
26576
24064
24068
27615
28000
14642
22665
24723
24726
4714
4722
24321
7638
7944
10427
14483
11096
11103
17863
10055
10583
19732
30410
11301
11407
21963
24963
11672
24316
24340
27367
9929
26307
6522
28423
28424
28432
4995
5027
17221
5629
5726
5745
5463
13832
5262
16661
16989
23940
23953
29786
5550
16595
29522
7753
15570
18993
11953
24562
24583
8032
8143
22565
9953
25245
4714
4714
24287
24309
27576
8929
8962
21767
6622
9104
21720
21726
9436
10408
15309
16134
19767
31307
9555
20785
8178
11978
23736
7608
12604
12632
14468
24342
6039
6066
6085
20260
26376
7752
7765
12715
11513
24468
24570
6162
10377
10384
12705
28624
21228
23986
24318
5432
5521
10658
17696
22099
25874
31324
31325
4939
20049
25266
25268
5731
5732
10565
13120
13295
15488
5060
8443
15976
10113
19848
26639
7994
12591
27789
4923
8815
10768
5132
5141
5616
8676
10864
18138
18295
7955
8107
14539
5407
5623
14109
10960
17857
17863
4845
17719
18391
30336
17586
17718
30321
18125
25616
25673
30482
9796
9845
20074
8778
11021
11198
11129
17825
17902
30360
13551
16068
16080
10848
18261
4962
14189
10149
13969
16948
27833
27836
6697
12450
28233
9045
9789
5378
13682
16260
29561
6596
7982
12283
23587
9822
9976
20210
26305
11524
22372
22411
16333
29473
29483
29500
6164
9058
21229
5649
5659
29540
7325
12376
23016
23032
11969
11971
12188
27991
12971
22688
22739
22234
25216
6578
7481
12134
23622
7382
7404
7462
12515
9365
20861
21030
26010
9621
21801
21890
25556
9631
20500
9705
20370
7035
7163
12400
9271
21644
24320
19775
19789
9516
14261
19868
26037
11317
14094
15413
5032
5178
12777
28519
24278
24343
24549
6598
6949
12212
9388
25931
6540
12314
22784
27669
27288
27289
23087
23096
23097
28161
7320
7381
12586
9017
22054
31284
6574
7301
7386
7658
30688
5064
5678
5734
5735
5753
16514
6399
10628
19503
24767
24848
24879
24901
22422
22502
24996
12290
24187
24628
13517
13545
13598
16064
11983
21178
25968
27723
8166
10577
19096
31113
20777
6114
21797
10894
19731
19780
6235
8969
9197
21277
12768
14800
14867
15663
12248
15354
29213
8191
8658
18492
4880
10304
26657
17851
24812
30515
6712
6717
12083
10156
13896
16469
16470
29535
6092
11904
10287
18090
18157
10834
11043
17973
4841
11877
24045
27366
9859
26131
26281
7429
12512
14480
14485
6184
7032
11696
23431
23611
7672
7728
9310
14956
10146
19487
9351
22376
24948
31351
7890
10474
13790
15527
7280
12666
6641
12655
22843
5211
10371
14411
7998
12728
14895
16096
6805
12351
8141
13202
15727
30838
5278
5280
5640
11422
21925
24371
8381
10841
18085
18105
23815
27786
27812
6406
10515
21139
16996
17068
5501
5506
8694
13868
6437
22703
24741
28296
20288
20374
31486
6083
7250
11611
6629
12036
12045
12047
10671
17711
30314
7917
8367
8450
6749
24026
24257
8673
15994
16316
29509
5756
8319
13393
16741
8349
8569
8713
16371
17568
18390
13850
18464
11386
13166
15241
24594
6588
7029
14424
6038
9041
9064
6984
22834
11327
11964
11998
28253
21621
21725
25609
9448
22121
22123
22124
25279
5669
13921
29839
11639
24309
27673
6978
8360
22788
27890
7338
12435
12443
12450
4994
14150
14204
13119
15687
17087
28935
21996
24556
25422
9610
20135
26125
19761
5946
9929
26310
22398
22442
25001
25103
20867
20913
25991
26036
6402
21017
21075
21089
8318
15893
16436
29359
20639
26209
26215
5234
7817
14033
11613
22812
22916
28217
9129
9577
20657
9416
9487
10771
18374
5025
31524
9389
21024
6203
9151
11863
20919
21060
22113
5073
13002
31373
7762
12673
23185
27367
27369
27445
6556
14431
22850
22851
8241
8249
8397
13471
5350
8904
26393
10856
10857
19843
26627
11117
14201
14212
18182
18208
18731
20854
26013
8036
17181
17958
19123
19128
19134
22412
21923
24552
26823
26832
31049
31057
10080
19846
14005
14319
16873
16938
10431
17358
17527
17543
21124
21136
21145
25805
10911
14139
18027
19725
10670
19849
19981
10918
14133
19720
29974
14280
18882
18915
11111
17755
30422
30428
5062
10221
19742
5029
19879
19916
17301
18083
18862
19565
10227
14203
4985
5081
14359
17835
18006
30528
14391
17218
19282
19498
31047
5056
5089
4979
11148
14391
17221
10517
10944
18089
19761
31523
14266
17506
30215
30217
10890
30596
8815
10053
19365
19970
22265
10611
30999
14383
18346
24870
30485
5440
17141
17162
10293
19769
19770
4961
19238
19578
5347
11255
18770
30616
30982
5051
10880
10910
9508
17802
18068
5879
18990
31029
31135
22103
22105
25307
19809
9654
9800
9827
25265
13138
13370
18866
18955
13990
23696
29779
5009
9511
14164
14273
11124
11138
17801
20943
26042
26004
6150
21086
21102
25872
17925
17932
18358
8995
21769
10049
20000
22279
26429
8853
16759
16888
14170
25960
5848
18004
30406
20994
25302
14209
14214
17287
19593
19372
19623
26491
26945
18124
18166
30490
30560
19678
19681
26496
5393
19740
26693
9408
10976
20930
14251
14140
14175
13727
13781
16459
5040
14153
14220
10300
18803
19614
26825
5950
17231
4979
5086
5832
9523
20793
20798
25939
10313
19372
19623
17384
19901
19904
25974
20917
22283
26558
4988
14202
17235
14188
20792
20953
5027
5065
14290
14242
17236
5023
8656
14254
30082
5053
14198
14215
17249
9453
4992
5089
9465
9511
14161
4999
5092
5097
17224
29979
10216
10970
5358
17529
19246
5036
5039
5003
5007
4994
14140
14149
14191
17268
4993
5001
5037
6543
17243
5019
14122
17234
14130
17523
26780
5002
17240
5000
5076
14225
5065
5093
14290
5002
17243
10498
13945
17407
17490
9527
9398
17282
19908
20277
5010
5011
14161
14159
19667
19694
19832
19989
20203
26636
6399
14276
18881
9458
20822
5019
14140
17251
17252
5066
14129
19548
19490
26806
26814
14204
9819
19865
19882
19980
14369
21440
30029
30073
5348
9504
14277
30085
10214
26738
26739
30696
19861
20941
26615
17218
17341
9519
14176
14195
20933
26723
31102
19475
19526
19545
26759
5438
11207
17700
9522
17232
19710
10501
15458
15488
28891
21773
25903
17246
14124
14196
17778
10233
14169
9412
14153
17246
6471
15090
17033
24874
11002
17852
30418
10164
14168
14155
5056
5096
11124
11128
11163
13873
14333
18920
19145
5358
30001
30004
30081
7971
17339
21379
30020
19708
19710
26708
18027
19779
19791
10823
14145
14391
19605
26871
26908
26910
14217
17246
30399
5068
10258
8080
19582
22300
31241
19735
19519
19766
26681
26684
17835
18031
30538
11146
14224
14141
14143
14155
14122
17373
30031
5069
11152
5070
17804
17329
17344
18145
18347
26656
9517
14163
14173
14188
5092
5095
14220
5091
14232
14246
14148
14187
17256
29986
8400
8413
13459
10283
17733
18844
17806
10261
17226
19713
26774
14386
17286
21569
30040
8196
17296
17757
17259
19915
25956
30010
14141
14143
14234
26777
29988
29992
14196
14225
17810
30045
14214
14246
30037
14242
14124
14197
14236
5096
5097
17217
21091
21128
21190
5551
5686
8168
13703
5199
5287
5240
16551
16556
16852
16854
16882
5106
5124
5131
8747
8805
16530
8742
29541
5107
5108
5197
5199
5139
5177
6664
17189
7130
22907
23324
28058
16994
17068
8139
16255
17118
5196
5215
14101
15493
13764
16525
16789
5150
5242
5250
8703
14120
7821
14588
15493
17203
6472
7953
14922
28520
5598
5626
5725
16789
7873
13765
14114
16536
5163
23203
23282
27451
6504
12588
12811
5135
5608
5214
5221
8097
5337
5781
13905
16527
14669
14830
15071
28580
5132
5136
5141
5130
5132
5131
13732
16523
16526
16330
16377
16470
5136
5606
16843
16859
14689
14768
17121
28494
5158
14015
5663
7601
16496
5532
7827
7854
7936
14590
14602
5145
17204
16909
17010
31171
5294
5330
22458
24594
24766
25028
7969
15148
15217
15256
5158
6652
6664
14067
5669
17075
17082
17104
5273
8697
8382
15917
18449
29339
14665
17167
29871
29937
7749
12764
14545
16279
5192
5222
7594
17187
24978
28874
5187
5216
14688
13760
16579
29834
29848
5186
5190
8562
16062
29388
12961
15243
24826
5244
7846
14069
6518
7477
12114
23558
11949
22691
27444
10345
17447
18943
30181
12117
12123
27847
5201
5204
5173
6530
12100
22729
24178
28098
28338
5209
6676
14058
14067
5219
24071
27623
5242
14033
14042
7569
7808
12669
12104
8744
12869
16179
16230
6677
6714
12109
5291
7674
12687
5179
5195
12809
29963
5190
6668
14056
14025
22733
22826
22833
6979
7581
12033
12081
7888
7954
14051
14052
6583
12044
23576
16796
16833
5288
7983
14049
6660
7858
13984
16794
17085
29845
6515
7882
15150
28779
6652
14049
5225
5330
7853
14015
17188
23586
23647
23675
15161
16908
16971
29792
5201
17189
5215
5619
8341
15096
17028
29881
7853
6529
5371
13303
13932
29051
6469
6690
7593
6689
6685
10475
28443
12795
17057
29901
9312
15186
19135
5371
15567
29051
29053
14016
17185
5318
14618
14821
29950
17166
28511
28567
8051
18975
18983
19040
5623
13754
29945
6514
14059
7341
7387
12483
5551
5597
5754
8777
11735
27452
28000
5478
13702
15576
5248
14108
14308
5288
7983
5256
6687
12104
12124
6526
6676
14058
8341
14066
19752
8090
13073
16900
28948
14007
17046
17124
29810
8289
9283
12848
14608
5429
10396
19145
22844
22852
22853
23583
7799
28363
28407
5242
5250
7852
6689
17190
5281
5286
14057
13996
16948
16957
22732
22774
23585
6661
10638
12947
15509
5278
5532
5654
12783
12822
14737
8004
29846
29848
7259
23070
5252
7846
7931
7963
10655
17647
30286
14113
16863
5667
13763
5654
16541
16546
5778
7817
7853
18883
18912
31212
14065
14069
10762
18530
30713
22462
22513
24982
26482
13194
14561
14625
14806
6558
6674
14056
14051
14067
14076
5801
7639
12965
6516
7486
12134
6992
7953
22555
7851
8169
17099
5489
5505
13826
5663
5697
16486
7052
23432
27449
27478
11172
11184
17749
8106
8112
10401
16885
5295
7357
24195
27488
8134
18459
18633
7822
13450
15587
29368
22536
24614
24759
27047
8236
8853
13946
16765
5762
8619
13653
7849
8007
5616
8676
17200
5587
8857
16455
16475
5336
27375
27377
27531
8356
8806
5606
5396
7830
5608
13890
8697
17210
7868
8000
29898
5293
5295
5336
24176
13376
15940
16192
29141
8314
14976
15006
14033
29949
7846
7963
12116
17186
5417
16285
17028
17090
29873
7600
7668
7716
10317
15337
31120
31121
5295
5576
27363
5330
5619
8341
24179
14032
14336
16837
12838
12963
28376
13960
23806
27726
19806
19892
12970
24974
28757
13105
19159
19179
31175
15407
15415
15603
28996
13017
15216
28851
22592
24900
26997
27033
7931
14040
19841
6660
6713
7858
5643
5677
16519
16522
8145
8333
14355
30207
11067
18364
19434
19497
20430
20434
26209
5490
8571
13428
10843
17969
10455
13085
22543
25209
10355
17279
19284
26960
6479
11710
23412
27645
18705
22480
30065
30923
14765
19928
29945
9756
7492
24756
24791
26475
12985
15148
15165
15209
12853
16807
17034
29739
5332
14089
16861
17048
6467
7857
14722
15443
19352
22542
10010
21494
21970
25667
22498
22535
6526
14064
28526
28528
10297
19280
31017
17808
7946
16834
25888
25896
19946
26503
26527
13071
15258
27373
27380
13745
16342
16528
9932
19891
22285
26552
11345
11870
16814
28796
13965
21181
9508
19887
8294
18400
30739
18772
18789
15494
16822
17034
17127
9341
20810
26013
11616
11804
21719
30321
30330
14174
20788
7992
17487
17622
30208
26397
22483
22487
22541
19925
20946
25907
26520
16686
29631
29643
8094
14339
17408
17461
7881
22649
22669
28320
19037
19337
31129
17370
18568
18746
18903
5485
10496
19336
26936
6470
17379
20531
21714
20253
20311
26275
9992
20211
12024
13994
23706
8381
18087
30925
13930
14339
16919
17456
9353
20972
21349
22086
8424
8430
13623
11430
15127
15131
15165
5630
13669
16394
15619
17297
17306
17314
7961
16883
17489
29757
15195
18967
28963
31122
15344
28891
28892
5493
15624
15626
5576
24341
27371
27496
8706
13473
13592
15953
12991
15123
15201
24970
8388
18487
18519
8108
8184
18648
30899
13265
15924
16390
5739
8004
12856
16549
7701
15040
15210
24813
16722
16791
16802
29753
9309
11387
24874
27833
10814
13094
15306
28896
16680
18425
18648
28770
7519
15112
29795
10229
11480
13051
14459
22602
7873
14114
17202
7861
14112
14588
15864
18428
27749
30754
8788
16783
8083
13954
23730
29799
5520
10613
16663
16469
16497
6484
8764
14088
7782
13418
16434
29514
13227
15401
29002
29029
7526
14855
28521
13391
13398
15851
16659
17206
29967
16739
17088
29719
5647
5648
5657
5725
17623
5512
5773
16749
8842
8856
16449
29532
14569
5756
8764
29580
8285
18498
18528
8485
13249
16421
16955
8227
13726
8694
13302
13868
5565
5680
13882
14110
8294
18561
18565
18666
10615
10801
18581
18776
14741
14756
15074
29936
11067
17890
24511
18999
5569
7863
16802
17071
10387
11207
16700
17450
18635
29627
8713
13672
16370
29514
18865
18905
19013
10729
13313
13316
15848
18392
18407
18465
17658
17688
13631
16716
16758
16892
6718
18910
19010
19061
20936
25905
26950
5488
13648
16050
16383
5556
13686
5481
30314
12867
16137
28649
8136
14046
13048
21182
14394
17625
30253
13756
14575
6390
18120
18668
18763
14397
16698
29655
29756
17487
17600
10285
10681
19059
30853
16824
16828
16836
17151
18916
19146
19207
16656
18621
18640
29606
12519
22719
28093
28220
14735
28539
16896
16997
5459
10740
5459
13823
5593
13821
16665
16602
16607
16611
16620
10659
17673
30309
10659
17658
10600
13851
17691
18381
5479
5504
13832
16662
17666
17676
29608
15648
16554
29710
29714
11212
11231
8685
14070
14590
13817
13841
13866
16747
5764
13224
13818
15662
18317
30678
11280
13822
16654
5502
13866
16673
16743
8846
16602
10743
11229
17711
5593
13824
10604
24599
30665
16645
29148
29156
29203
8442
8650
5504
5506
10617
11280
11263
17711
13363
13860
16654
11238
17686
18385
7851
13759
14077
17208
10464
11241
15850
17697
8421
8731
16441
17035
8781
8854
13805
16632
10692
15915
11200
11235
17685
30317
10561
11286
15938
16223
16248
13819
16733
29679
10378
13881
14349
13378
13434
29290
29291
11165
16931
29621
29651
8447
13140
15220
18604
5668
8470
8486
15885
8741
13796
13832
13868
5506
10561
11286
5526
16642
16740
13845
15918
5522
8669
13828
16440
16456
16981
17260
5563
13928
5707
5729
5732
8768
5698
8864
13706
13840
8775
11058
16589
29532
11277
13796
13832
13928
5567
5568
8868
5556
16598
13373
13844
16651
16696
8561
8602
16041
16048
16127
16188
16211
16249
6491
8434
5590
8669
11286
13836
10613
16619
16747
8752
13400
29595
27566
30456
30704
16638
16673
16746
13301
15901
15902
29596
5649
8812
16490
11280
11288
13362
16667
8299
10493
18355
30718
10593
30329
5606
5613
13792
16566
16599
29731
13306
16702
16860
17450
8207
18379
18380
5741
16596
16628
13697
14097
17605
19068
13301
13671
15902
29326
17647
17831
29636
30287
8375
8470
15876
15885
8437
10723
15955
5785
16453
29531
29539
13396
15857
30350
30351
13645
13718
16344
16347
5698
8867
8344
8859
13704
16487
13260
15902
29361
29598
8339
13830
16625
8695
13834
8830
16545
8344
8859
8860
29549
5639
16497
10674
18478
29305
13709
16449
16454
8842
8847
11059
16589
16594
8636
16231
16239
16314
8144
13817
13839
5711
5727
8336
8339
11277
5563
5564
16621
5568
16622
5656
13770
5703
5731
5568
8833
7991
29738
29830
5683
5776
13010
15573
29234
29243
8501
8824
13748
13902
14097
17089
8748
8844
13791
13893
7832
12854
13760
17112
27363
27375
8757
8843
13705
29533
22505
5623
5702
12769
13754
8325
12724
16074
12903
13215
16264
16393
13395
13914
13257
29593
29690
29731
8719
16296
16706
29432
29436
8355
8813
13536
5704
5708
16455
7793
8773
8870
13723
13236
15566
15765
29100
16760
14099
16371
16381
16766
8380
8751
13673
13683
13823
5641
5771
8740
13716
7555
8587
13562
13778
16494
29547
17099
17101
5626
5642
5643
5657
5725
13889
5607
5642
13890
13553
16312
16337
14634
14643
28542
28551
11381
11988
15089
15102
8088
10625
16881
13227
15639
16241
16755
5608
7572
16466
16528
16574
7793
13907
29433
29456
17737
18394
30376
16456
16465
16597
29533
7827
14077
8394
14767
15430
28492
8678
8808
16090
16281
12868
13760
15430
17112
12896
12986
15024
15507
7870
5630
8832
13609
16394
8203
8811
30443
16327
16372
16530
13234
29561
29564
29721
7874
13903
7897
14729
16795
29743
8237
10998
11050
5698
8864
8340
13436
5716
5759
24210
27511
15990
18494
29303
5672
5674
13733
13736
13738
16214
16234
29421
29422
8695
8867
11061
11204
17751
5644
5646
5688
13710
7874
7985
16546
10330
13802
16476
13903
5681
5753
5680
7902
8664
16521
5647
5648
5684
13738
5651
13744
29549
16225
16252
16259
29437
9302
12765
13899
16278
7900
8234
15748
15807
8097
13765
13460
18746
30824
30959
7874
13762
16789
16517
13687
13716
16477
16586
7702
9157
10739
14995
5706
21116
24141
27202
10992
11047
16486
16496
8595
16351
16363
13711
13768
29495
13417
16419
16441
16463
7851
13759
13383
13510
15883
17080
17082
17100
29834
29845
8265
5783
8435
13503
16000
16065
5682
17517
8493
13397
16448
29577
8871
13882
16507
29556
13725
13889
16532
5703
5714
5731
5681
5683
8664
16518
5776
5683
16508
5753
13736
16516
13607
15469
18601
29099
8830
7850
12846
14581
28611
5767
8794
16497
5737
8864
8872
7601
13708
17402
8724
8861
8863
16458
16254
16452
16572
29430
16291
16333
29468
8673
13246
13253
29465
8493
13786
29577
29723
13503
16011
16405
7914
13719
13705
8751
10330
16375
16332
29473
29475
29500
13704
16581
16585
8356
12774
5735
5740
5775
8351
8508
8699
29662
29720
23888
27134
5783
17340
8508
8704
8794
5770
8324
8590
16437
8819
16351
16354
5712
5715
5734
5772
8203
8792
5734
5744
8794
13710
24676
27081
27092
5724
8435
16000
16003
8119
10601
18984
8710
13547
16287
8541
8738
13659
5728
8765
16473
8328
8449
13542
8771
8822
13748
16002
16399
7902
5775
8757
5728
5767
13711
13743
16340
16485
16489
5744
5751
5745
8845
16695
16902
28928
28943
13769
16257
16544
5744
13830
13838
16627
8857
16453
16475
17353
13147
13942
17448
18932
5765
16368
5751
5759
12023
23888
27214
13247
13806
13892
8485
16366
16379
16409
13897
16643
16744
16770
5776
8168
17101
7642
17193
17195
13842
5781
13720
13905
16512
7869
16257
16537
16544
27198
27510
13841
14102
5762
16332
29475
8772
8233
13813
13866
15889
15906
29355
8830
13891
8794
16473
8872
29536
13250
16049
29464
29465
11061
8751
10330
16360
8761
8801
8802
13842
16444
16598
13374
15819
18626
30785
8708
5780
8869
5818
7566
14115
16366
16456
16481
11060
13742
8778
11189
30344
16485
17518
8845
16489
8863
16451
16459
5790
5860
11762
27509
10379
11472
19111
9348
21023
25749
31493
26435
26494
25400
27202
27532
9922
10128
22276
19292
22242
22324
12596
28718
28726
19300
19374
19951
26920
13949
17401
29776
30165
22303
22408
22473
25116
8042
17412
17422
30096
30122
17942
18156
18275
30663
7550
7653
20992
25978
26007
31510
12563
12638
14428
23848
23851
24110
9908
10139
10140
24987
26450
26465
26469
8131
17386
31082
31103
19496
20802
26490
26740
12690
14678
28454
14207
19686
19745
21938
22237
22486
22491
25063
21223
21679
24132
25718
19360
22266
10424
16941
17435
30153
8016
9327
23842
25377
13307
13702
16098
18148
7566
10429
5869
6247
14688
14745
17192
6247
9325
21139
25812
10439
19104
19109
22532
6153
8006
22425
25380
12951
14965
28664
14047
29905
29929
24326
24328
25590
19227
19407
22260
12848
14103
14771
29966
22212
25169
25173
25190
8027
22259
28911
5856
21116
27506
9426
14188
10403
21125
24944
25810
9419
19856
7949
14009
14510
14974
11254
13816
13887
10203
10382
19506
6558
6651
6682
12111
7459
22655
24753
24778
9510
9519
14165
14190
10109
26624
31516
6161
11622
11688
11724
7680
12959
13275
14942
10036
13895
17434
18943
30181
16964
19188
29773
30154
6633
28237
28254
10223
19794
15300
19319
28893
6854
11757
23111
22449
22624
24603
24802
9456
20956
12371
12490
28229
7575
16796
29829
6683
7437
12108
12119
12057
24141
24175
13059
15314
28883
28900
21902
24556
25417
21345
21485
31329
31330
5902
21411
24149
23723
23939
23950
27725
7843
12103
23303
17395
21687
21714
22687
28325
28352
28391
19935
31500
10309
10556
19412
21969
21984
22052
6225
21759
24375
25553
21183
25964
10402
12102
23557
10313
19371
26913
9918
22451
25061
25062
9270
9454
9650
20593
14964
22635
28342
28368
21421
21672
31336
22336
22354
6618
6948
6949
18988
19017
13064
18914
19132
19640
9147
9195
9212
25776
7438
7443
22870
28354
20072
21506
31297
11522
22452
25031
17038
17167
19278
29888
25370
21363
21391
21679
9150
9152
9331
25774
6144
9022
6200
7826
23258
23308
7415
7627
7628
20388
13974
16170
5922
7886
14479
14482
6533
7635
7643
24562
24587
24593
21123
23281
24147
24217
15025
28701
28709
28712
23935
24949
24966
26543
12470
22819
23349
28246
6959
22980
23250
28122
24131
24175
5904
5912
23804
27546
9335
24135
25686
6347
12274
24250
27583
21533
25645
25714
26196
6473
20264
20301
6182
6777
23170
23238
6029
11528
24350
24351
30525
9263
11700
5951
6058
27540
21707
27331
27406
17672
18643
29614
26763
26766
26877
26937
7016
17419
30136
17044
17060
29819
5974
9811
25465
26247
10000
20049
25252
12797
23611
24079
11927
13960
23629
23806
12670
13191
13636
11444
24629
27148
11766
11958
23806
23807
9358
11338
11481
25330
12852
13606
14778
16575
6608
12796
23573
15285
28884
28885
8142
28895
14005
16873
16974
7493
12494
12587
22866
6946
7450
12395
8323
12785
14507
14523
13948
17505
25598
10053
19369
30669
7152
7169
7199
23047
20893
20906
22097
6770
12254
23451
11511
25041
21624
21798
21857
31300
10066
22199
25154
8899
21823
11925
21138
21167
10105
20182
6407
9656
9802
20260
9777
9841
10011
20252
20316
20564
6391
17251
5963
23890
24138
21071
21172
25851
25856
25930
25936
24608
24622
26976
27132
19889
20022
26436
24372
27316
27320
27323
9454
20664
25996
25917
25920
25948
23438
23832
27069
6007
11327
23618
23775
21405
25858
27542
6872
12791
23306
9464
20858
7010
8925
9009
11932
23848
24110
27763
20293
21867
25466
31304
21941
25235
31276
11767
11408
11959
23421
8899
21820
22141
9212
9213
9237
9074
21894
26157
9189
21821
25491
20878
20923
20934
31392
11325
11373
22040
25342
7611
9707
21268
22144
21094
25346
25363
11484
15240
11512
21933
21944
22170
6553
7441
7502
6141
7252
12423
27291
21021
25877
31381
31384
6058
9335
24111
27545
9979
10103
20141
20188
22766
23879
27506
7279
11514
24605
27188
21150
22297
25915
12833
14502
14653
28503
8113
11353
26906
27009
6031
23727
23801
9039
9087
25549
25557
17304
17579
30222
30397
17396
17423
17428
11577
24397
27303
21993
25413
22112
25333
25336
25340
22453
22521
25051
9361
20873
31395
10081
26323
31516
12535
12563
12673
11506
24627
25396
27144
9269
24027
24044
27662
7431
12495
12821
23661
26991
28392
11714
23032
23115
23216
6921
7588
28071
20522
26129
22969
24292
27407
27411
6925
12220
12264
12293
6335
6374
11914
8883
24356
24360
7263
12382
22968
22977
7198
9154
27227
6024
6288
7040
21700
21708
27523
6155
21480
21482
24120
6987
23790
27807
22048
24039
24196
27528
6364
11848
21197
21208
6904
8023
11751
22715
7011
23192
23186
24274
27478
28102
7023
9015
22964
22981
6326
9052
7050
11466
23287
27492
24327
24330
24350
9153
11597
24358
11471
24662
6640
25426
25427
12377
22963
23115
23123
11693
23241
23459
28116
21439
21670
24164
24281
7159
7298
7325
7216
23036
28145
8968
9019
6097
7217
24386
7249
7277
12410
12461
6086
7159
7241
7340
22893
22993
7136
24192
24452
8970
21741
25561
11605
24279
24419
27254
6117
11595
21757
11562
11654
24312
6056
7045
23038
8898
20481
25483
7347
11656
11942
12458
6099
7263
12414
12562
12592
24237
27464
7325
7332
12376
23038
6087
12376
23017
23024
22714
22934
22974
28192
7307
12390
12426
6821
11706
11893
24007
9335
27544
6943
7019
7083
23164
6099
7252
11609
11606
24199
24496
27133
6100
11580
12411
12430
22731
23245
23315
28042
7175
7285
12406
6066
24400
6097
7276
6142
11701
12305
24392
22939
22944
22981
23011
11842
12327
23182
28136
9024
11696
24433
6581
6953
12259
22963
23127
23208
6218
11566
11581
12410
6084
11496
11598
21759
9027
9063
11592
11657
11849
24280
24300
11593
12365
12414
11559
11670
27278
27307
6139
23819
27358
27486
7302
23009
23063
23078
12382
12420
12429
6092
6100
6117
9153
24386
12414
22977
7332
12405
6137
12415
24396
24397
6091
6137
6321
11782
6102
24390
24391
6168
7287
24400
8178
11978
12006
12855
6095
7401
8880
6104
11566
11581
11904
11579
11713
11550
24463
24469
22962
24403
11580
24400
11913
24355
27395
6321
7401
8987
6157
6401
11774
27339
6128
8987
6126
6128
7004
12221
23522
6168
7251
8983
11595
6126
6112
6140
9227
9267
11807
21206
6140
11531
24344
24368
27342
9020
9165
9543
22718
22720
24283
24441
9034
9036
8979
9042
21739
6236
8980
24438
24504
24509
7759
12296
27998
28075
6538
23421
23680
23780
24554
6161
11589
27401
21940
21949
22147
22151
7366
8881
8976
8932
9022
21979
22141
20319
21893
31464
20556
26161
31431
31432
8945
25560
21557
21904
21907
25454
9030
11688
11704
11724
8945
21739
8922
8936
12452
9160
11808
23965
6223
24129
27474
24403
24404
27290
11592
11633
8879
8989
9033
22141
8984
24180
24385
11641
11889
21663
27386
21741
8921
22030
22210
22228
9126
25869
9028
11600
24388
6174
6213
6632
23983
22352
22436
24621
6187
9065
11804
9347
21076
9152
21330
25774
11607
24301
8992
24598
27175
27189
24553
27194
21593
25775
31339
31341
11703
11775
21966
24335
24367
7099
8918
9840
25499
12628
24499
24687
23004
23025
28177
11704
9553
9567
21630
8914
8972
21732
31313
9151
11863
11915
21801
20759
26065
6190
23423
24087
21736
21793
21836
21790
21817
23445
27993
28001
6232
9193
9263
9271
11790
21681
7062
7120
11468
24801
26446
23223
23234
23237
21436
21459
21982
7032
8988
11543
6506
6702
12634
23600
6908
23850
27772
27790
11913
9111
23876
23878
23902
12174
24399
6209
27634
28099
6574
7301
7365
7379
11553
22875
22922
12608
28452
28454
28455
7612
28055
28226
28228
7537
10484
13053
28372
6619
12281
23136
28019
6288
11900
23200
27677
24514
27204
27205
27215
12780
22827
22910
28239
22689
23244
28221
23247
23250
28077
28116
6257
7040
12178
23488
11862
24038
24056
6892
11818
23255
28073
7053
12166
23175
28152
6285
28040
28043
11191
11398
14949
27010
12462
23027
28157
6231
23416
23850
21784
21790
21860
21290
25768
26067
31419
27687
27690
6231
24058
27589
11741
23284
24249
27681
21233
6348
26107
9255
7204
7280
11332
24681
27027
9079
21427
21697
21750
15223
25030
25081
25083
24211
27423
27650
21015
21054
11764
24376
24522
6283
11950
24136
8253
11663
23083
23170
22440
24630
24631
22031
22064
31266
7195
7294
7370
24083
27776
6354
21249
21651
11618
11704
23903
21252
8881
8976
7498
22801
23317
23356
7398
7530
22663
28317
7454
12286
22820
28243
21308
25641
25649
9220
21209
24049
24106
27555
7007
23182
28140
7589
23013
6947
6973
12160
23017
23020
23021
6549
23754
11890
24202
24286
24300
7133
23191
24269
28124
9175
23965
23968
6874
12148
12333
11576
22954
24463
6837
6861
11697
23177
23704
23714
27899
27906
6285
12261
23350
28082
20875
25891
6825
11858
24032
6348
9611
26088
7265
12396
12418
23080
11988
15102
15211
24868
6264
11725
23439
11467
12274
23779
27758
23188
27996
12182
27995
20323
20386
26235
6298
23279
23482
6272
6309
12270
24087
6327
11912
12169
23460
27960
9222
11873
11881
21394
27565
27599
27635
6632
27616
27638
21539
25574
25584
31335
25601
6284
6317
6369
6989
24054
27105
27806
11725
23407
7966
12187
27677
6547
11830
24089
27587
6973
7042
12177
23484
6789
23362
7202
7324
12437
23066
11823
21414
23868
6330
6931
12369
11788
11827
24057
27708
11862
12311
24010
11841
11861
6791
7041
11955
27981
6293
6829
6293
6823
6947
6621
23136
23318
23388
11646
11856
23994
6300
6301
6323
6799
23192
23485
6773
12269
6314
11855
6305
6308
6842
23477
23510
27978
12176
24103
27572
27574
11694
23494
27956
27961
6307
7283
6317
6333
6344
7283
11898
6332
27609
27614
11899
24029
27685
27695
21433
21710
24368
25439
6322
7283
24012
24485
24500
27220
27221
6375
11853
23639
24076
27610
27611
23389
27968
27972
6344
6369
20687
20859
21040
21314
21378
24111
25864
6367
9230
12180
7287
7401
6876
11860
11653
24003
8982
11908
21157
24645
27784
21229
21666
21796
6330
6361
12180
20466
6355
11918
23966
6365
9226
11807
21351
11888
24065
27628
6338
11919
23961
23963
9258
9260
6374
9293
11914
23963
7092
11679
27689
27956
6355
27384
27397
7064
23165
11653
11891
24003
27693
11897
21643
31308
31309
9352
21477
6373
25772
25793
11887
23425
28004
11469
12227
23846
10003
6396
25312
21248
25781
9224
21229
21237
21245
11533
21784
21896
6355
11918
9155
21653
6358
6358
6367
6374
21206
21396
23962
6561
6825
7253
11858
6365
6366
9175
9284
11875
9192
11909
11912
23995
23969
25790
6367
23973
21692
25598
6899
7090
27699
21218
21427
21753
24330
11854
14026
14999
28717
28721
24050
27652
9361
9364
6651
7983
14078
7336
11840
23412
24056
7960
14460
28437
9161
9328
21166
8413
13459
15982
8213
30153
22344
26487
11537
11542
24562
24588
9149
23971
24101
25578
11430
12078
15272
26903
17141
29905
18701
18719
10379
22512
22518
25047
22458
22501
22509
25052
7497
11336
28356
28369
9986
22159
25314
25324
13056
14835
15249
28805
8992
11300
24586
24598
18884
31059
11753
24601
11869
24301
27393
21015
21041
25877
8014
26692
9345
9387
21324
10446
22463
22541
25075
10515
25804
9797
7279
24523
24588
27182
11871
23970
25490
26250
31297
10643
12740
12901
15542
11987
14055
29885
22155
14248
30530
9904
10124
6856
7336
11711
27567
9206
9281
25776
31339
18809
31045
31133
28514
28524
29953
26464
26555
26600
26637
22112
25301
9377
21066
21096
22295
18358
30465
30569
12086
17062
23691
29918
21991
22142
25403
31275
9124
9647
9648
9693
6453
7977
21135
30140
11562
11656
11942
12326
9073
11936
21417
20046
20082
20111
22196
20545
20634
20656
26182
11941
24127
25694
27550
11454
12584
24604
20490
20504
25645
23724
25836
27114
27124
15168
23936
26330
24478
28291
28337
24569
24574
25420
27187
9018
11683
27326
6928
23649
23746
27869
8787
14612
28474
28475
9327
21120
22005
31262
11526
25006
10075
21004
26506
6617
7208
23402
27985
9329
22418
25142
7550
12675
11986
9021
11792
24112
21109
22071
22314
31357
6693
12046
12087
12796
6954
7409
14475
18938
30159
29909
29910
29932
10068
20049
21973
25229
21386
21482
25359
25718
6555
12037
23673
23781
22147
22470
25405
25411
20362
31441
7468
7493
7703
12494
9082
9332
11882
21401
12515
22663
28314
28318
7587
12034
14457
28249
11365
21998
22772
27056
6810
7174
24459
8002
11992
12641
11370
15138
15514
7741
12819
15263
15411
6526
20546
21913
7519
9309
16992
12800
14640
20268
31479
12981
13063
15119
28814
17404
19272
28947
31082
15279
15282
15323
28901
7754
12957
14896
28652
9670
21947
25425
25430
6528
6822
27670
13991
16989
16990
23948
7529
28718
19090
31145
31153
20078
20121
20198
13924
29584
18983
18986
19040
26713
7995
8110
17522
30061
9985
22176
20984
21052
7713
7731
14566
8308
15839
16976
17008
14698
15512
28672
28689
9019
9065
24353
7491
14906
14915
15019
8147
11309
22563
22639
28389
7327
23326
23645
27890
7498
7534
14028
23346
15201
15206
24908
17139
17142
29814
11695
27273
27282
27284
6954
7503
12670
14433
14437
6506
12082
12634
12636
23567
10340
13163
22544
28863
12708
12914
13552
13563
7553
29820
13686
29723
23728
8675
8788
13902
15020
15316
15518
29043
6689
7931
28573
28577
6583
12083
7569
12667
6685
7580
12122
6529
14017
6523
22570
29903
29913
12008
12969
28443
29916
12053
14641
22556
7594
7830
14767
14768
28492
13131
17013
17030
14064
12825
14495
14541
14622
6540
24068
6689
17189
6652
7954
14051
7659
12498
12506
11357
22664
24668
28326
7456
22645
12129
12980
23565
7046
22689
23244
28058
6903
12552
23313
12810
14731
15445
17090
23652
24699
27815
13027
22562
22573
24763
6594
12231
13079
12098
12117
12798
23553
14124
17242
12906
14954
22650
6567
6639
23686
27862
6584
10475
14050
23553
11828
11839
23829
6760
6812
11673
12068
9325
21191
6583
6606
12130
23849
24099
25694
27536
12882
14617
14635
14422
14425
14048
21701
24451
27345
23554
23667
23789
12054
12656
12664
22643
22706
22733
12106
12124
7422
12496
14473
6680
6710
10402
12119
11838
23202
27666
12006
12103
22569
6917
6974
12257
28019
7539
10447
12125
6571
8018
22773
23617
6636
28245
23551
27858
27860
11480
13051
14454
28347
9383
21372
12240
12285
23354
22774
23653
23676
19237
22379
22405
25123
12383
22909
22976
28187
7212
12485
6888
7131
7189
12440
11892
23500
27621
27680
12000
12097
23575
6956
23627
6598
12201
6783
6786
6934
6938
23652
24699
24707
7583
10475
12008
12606
7014
7634
12656
22851
6666
12644
22776
23659
6648
7022
17157
23559
12080
12121
14673
7029
14413
23549
27872
27105
27108
27825
7288
7469
12035
14004
14315
23603
23620
28426
23982
27425
27491
11838
27629
27666
6670
6755
6821
24028
6962
7455
23592
7288
7982
12223
12088
6600
6611
6629
6612
6655
6704
12046
6693
12087
12230
23546
6614
6615
12088
11448
22743
24744
27503
12129
12133
23543
6704
6709
11960
23203
27625
27650
6627
12045
23572
12062
27256
27259
6611
6614
6624
6655
12036
7483
23591
28095
28271
6622
6616
12064
6629
12047
23423
23446
27891
6941
6621
12208
12654
9274
12082
6645
10443
12088
7030
7138
12484
6627
7481
12120
12134
6926
12322
23396
6629
6927
12655
13305
23595
6645
6880
6909
12539
12195
23410
12621
24087
22756
28263
6701
6897
23602
6880
7454
12217
12539
12780
28046
13028
14080
22799
28090
23244
28066
28218
14309
27857
27861
6645
12654
14443
22838
22839
22856
12224
12541
12548
14458
22803
22842
23318
28020
6646
6909
12207
11535
24530
27187
28446
29914
29916
10476
15046
24764
28361
8539
8577
12517
22860
14049
14056
6996
22643
22722
12048
23604
27927
12043
10442
13063
15043
9559
12091
14692
7211
11613
22714
22946
6997
14434
14682
14907
15500
29032
6681
12114
28403
8102
14047
12464
22708
28304
28329
23657
27885
28287
7581
7618
23711
27880
6669
6671
6749
24045
24296
6674
14056
17144
29885
29896
6681
7888
12823
14414
6687
12074
14031
23545
14016
14076
6687
11360
12662
22568
24853
7437
12041
12083
23543
12135
12115
12606
23563
6684
6712
6714
7461
12128
6779
8060
23762
24865
12205
14004
23583
23584
7428
17191
15556
15588
15775
29368
12622
12642
14424
28442
12049
7937
13936
13976
6951
12645
12647
14693
6706
12060
12230
22926
28232
7704
12379
22898
23334
12090
12999
28425
14005
16935
12072
12092
12054
12636
22850
12052
23317
23596
27937
11549
11585
24443
12049
22852
23569
12090
12999
23664
28409
12048
14421
23575
23603
6717
12130
6714
12109
12119
12536
23632
23633
23655
7437
14047
6944
23548
23693
27848
11487
15096
17028
17170
19016
19060
11718
28032
28041
11413
12978
14654
22636
6722
6725
12150
23503
23512
27957
6745
6801
11905
12162
6758
6939
12157
6831
12979
6733
6739
6768
6905
12163
12221
6746
6834
23537
23540
6744
6751
7060
23537
6744
6815
12143
23529
6738
6758
6798
6800
6937
12186
23541
6739
6885
6800
7520
6748
6750
6758
12142
6739
6753
6806
23541
6937
6885
12186
23540
6742
6767
6743
6802
6762
12361
6846
7105
7066
12170
12244
7056
7006
7070
7104
6759
23539
12331
24288
6817
12341
23538
6834
12156
7066
12142
12183
6790
6814
6770
12254
23531
27945
6763
24006
24044
12241
23302
6815
6971
12979
6759
6806
7240
11660
11851
6824
23452
23455
23475
23530
11647
12331
6786
6914
23375
6776
12349
23132
6860
23474
23481
27977
6790
23536
7001
6788
12255
27944
11863
11916
23966
24011
7108
23456
27668
27965
23454
23481
12076
12194
23383
23387
6795
23029
23168
23172
6788
12330
23236
28126
6816
6971
7155
27953
23731
23757
27870
7023
23180
23208
23212
6879
9107
21640
24162
11697
24286
24299
12225
7015
12149
23160
7064
12351
23362
7115
7302
23078
23088
23132
23517
23533
11887
12182
27994
6901
23458
23467
23471
7210
12352
23159
28151
6805
12350
12354
12380
12447
23162
7060
7511
6809
7055
6800
7273
23443
27965
27968
6817
6826
27955
27975
12361
23536
7056
7063
7511
23014
23223
28132
28138
12343
12186
6907
12346
12355
7059
7084
12158
7070
12338
24461
28204
13986
23680
23778
27815
6871
11694
23196
23469
27948
27950
27974
6937
23542
6846
23534
6857
7884
12251
12185
27978
6844
6973
23478
23484
7080
6860
12235
23451
23533
11712
24006
24264
27641
27671
6829
7042
11861
6860
12235
23454
24030
7084
12158
12162
11827
11902
21416
27561
23161
28154
11857
22967
7059
7080
6845
7091
12979
6963
7171
28130
6841
6873
12145
23513
7100
24019
27690
27959
9272
23988
24096
23182
28136
11408
23743
23759
23764
12227
24216
24220
27484
11967
27563
27590
6853
12165
23508
12146
23509
27978
7108
11676
12353
23501
23511
7091
23148
23522
12979
7248
11709
22963
23226
23444
23490
23491
23500
23204
24067
24240
28097
27696
11837
24030
7535
12234
23148
6873
28151
11757
12357
28142
12225
12236
12250
9333
11840
23809
23141
12455
22955
24488
24743
6911
12478
23339
28050
27946
11890
23182
24286
7333
22899
23067
23070
6943
23114
23164
14458
23408
28005
28014
23193
23390
23458
7884
12153
23528
27950
7001
7060
7511
23537
7090
23996
24271
12139
12158
12183
7891
12195
11659
11677
11852
11956
23787
7065
23462
6976
7340
12384
22996
11855
11898
24029
7332
12403
12407
12461
14466
22603
22608
28369
24159
24168
27376
22820
23318
7762
13079
22638
22685
11479
14683
22587
28285
9918
22331
25062
25125
12020
21226
24218
24333
6937
7100
23427
24317
24408
24415
7723
22795
22802
28118
6991
28235
7294
7296
12486
22860
12279
7479
22966
28070
11945
23998
24350
25591
7980
9334
21384
6911
12780
22827
11879
23697
24066
27772
7634
8173
12092
11400
23679
28412
11641
11868
11886
6926
7132
23374
23373
23396
6915
12251
12253
23315
23333
28054
23240
28116
7006
7356
23169
12629
23319
23346
28238
7002
12222
23140
6989
23823
6923
9029
11844
23018
24398
28049
11970
22785
23641
23784
7166
23195
27675
6930
12256
23327
7079
7884
23370
8193
23398
12070
12281
6922
6924
6925
6920
6930
23327
6925
7588
28159
28223
7330
12804
12293
12322
12071
22840
22843
15082
28417
29958
12325
22737
23363
23365
11718
28031
28041
23654
23791
27791
27810
7880
12313
27980
27988
6960
12202
23386
23167
23174
23515
27962
7342
13019
7273
23147
23519
27954
7355
23330
7115
12360
23060
23100
7120
23112
12098
12111
12606
23312
23325
28009
28090
6960
7042
7059
6960
7036
12293
23361
23378
14455
28436
28456
8880
24386
24391
9169
12076
13191
27462
27463
28200
28219
7486
7250
11609
24086
24088
27589
27774
23139
23347
9032
11599
27268
7982
12321
23029
23173
23179
7216
23024
23035
22788
23418
23419
7008
12333
7159
22968
22977
7081
7228
23092
28165
22829
22910
28240
12197
12263
23302
7490
7723
13028
22801
12202
28017
12425
24737
24743
28298
12339
23300
23391
23436
28013
8383
22798
23320
12205
23576
23624
7333
7352
23070
7292
23806
23807
23871
7027
7178
7328
7487
8057
22826
12441
22722
28262
7328
7496
22823
12791
23697
23787
14430
22631
28421
28428
27758
27759
22900
22915
22948
28213
7195
7658
28236
9783
12807
8652
22949
28311
28335
11331
11433
24230
24232
12053
12638
12639
14428
22685
22688
12909
14449
7208
23446
28015
28096
12504
22682
22835
7442
7494
12221
23538
7661
12345
28084
7179
7290
7371
23093
23508
23509
23519
13071
15042
28720
7104
12340
11661
12326
7062
7074
7127
11368
11454
15281
24792
9006
21758
12187
23242
27677
12273
12347
23479
28074
7098
7343
8433
22866
7454
22831
7282
12372
16979
30164
12298
12417
27289
27431
27250
27261
27267
7049
23128
23201
7075
12379
12469
15059
28438
28698
23561
27872
27875
9015
12370
7139
7197
12480
12520
7320
7329
7373
22919
7089
7103
12637
7031
7321
22908
7341
7392
7432
22822
12792
23561
12998
22893
22917
7365
7375
24180
24384
24797
26546
31364
7358
22606
22690
22880
7129
23061
7355
12654
23299
24239
24242
27456
7233
7246
12336
23109
7066
12163
23145
23485
12182
12319
27610
7984
7617
12587
22815
28315
24212
24495
27243
7307
23039
8577
22915
22948
7233
12337
12378
23084
7155
12246
12247
7275
23129
23227
22742
24738
27065
7081
11709
12312
23089
23191
23974
27479
23495
7233
12336
12337
7058
12344
7058
12159
7091
11589
11670
27401
7102
12334
7070
23164
23166
11693
22980
23130
12341
23314
23316
23355
28035
11818
23133
23341
28158
7107
12368
12375
7081
11709
28149
28168
11696
12288
24180
11477
23559
29956
12351
7255
23117
7488
12490
28228
7112
12373
23432
27480
27655
7087
23152
12159
28150
23047
28171
7275
7354
28155
12168
12173
7208
7299
27985
28002
23104
23106
28171
12222
23154
7324
23052
23064
22898
23119
11644
11889
11678
12168
27955
7289
12371
12064
12395
27939
23105
7117
7172
23058
23102
9081
21436
22120
25449
12517
14019
22861
9222
11873
23962
11668
11885
24006
7114
7127
12373
12467
23334
12155
12338
12156
12361
11689
23186
23392
23457
7246
23107
23112
12353
27665
12359
12637
23091
11678
23484
23487
27969
11942
23031
24417
7172
23058
12388
23042
23059
28169
7116
12334
7124
7121
23069
23077
23090
7245
23102
7126
7157
7246
12336
7126
23109
7161
7227
7304
12481
7233
23084
23105
7187
23073
7196
7214
23005
23110
22899
23067
28160
7360
23062
23256
23322
28216
7369
7495
28193
23379
23974
24214
24247
7338
22943
12387
12428
22939
22983
24347
27278
27303
24500
24512
24572
27431
22918
22919
7364
7406
22894
7176
7340
22984
7194
7214
23005
23065
11960
24290
27624
24025
24272
27695
27698
12511
12650
22690
28232
7207
12366
12388
7147
7169
7168
7173
7181
12463
23006
12382
12387
12406
7223
7304
12481
23056
23051
23060
7237
23099
12407
7408
22713
22887
12245
7172
7259
23067
23077
7158
23106
7213
23016
7256
12402
23043
7230
23057
24415
24426
24447
27288
12400
12463
23014
23031
23123
7310
7315
7488
11679
23501
27684
7205
7236
23006
23049
7213
11300
11824
24582
24585
12447
28131
12393
7209
12399
11576
11780
22973
12401
12418
7261
12454
7333
7352
12476
23075
12556
22907
28048
7265
12396
28163
7203
7367
12453
7285
7451
12363
12408
28148
28164
12382
12420
23011
7360
9125
12437
23013
7189
7261
12435
12443
7214
7337
7229
7237
23099
21427
24168
24327
27376
12454
12482
7191
7197
12480
7192
7194
23005
7194
7200
23065
7369
22903
23051
7364
11692
12424
7237
23049
23101
7363
7202
7215
7363
7268
12488
12405
23017
7290
23013
12386
23061
12367
23108
7351
7892
22980
23514
12329
22934
7311
11553
22922
23047
23063
7220
23053
12458
11611
11701
7219
7221
7220
7223
7223
7222
7227
7304
7226
23056
12397
12398
23094
23101
7359
7371
12391
12397
23059
23069
23090
23049
23052
7274
21466
22089
24160
24163
22841
22842
23614
28020
7235
7256
12402
7286
23078
23079
23073
7239
7249
7247
8343
23218
28135
7277
11566
7249
7269
12410
12434
22973
22990
22998
11574
27269
23058
23091
12375
7256
22964
23033
28168
11582
11607
11690
24349
7345
11899
27679
27686
7275
7354
23129
11543
24521
27226
7311
7326
22920
28230
12393
12487
11747
23041
23207
28158
12433
11692
11767
24517
12429
24404
22027
25345
31260
23006
28166
7321
7365
12485
11631
24396
27304
7309
12476
28224
7270
7276
11581
7272
8343
12401
12461
8343
12407
23045
12144
7359
23514
12456
7298
12420
22995
12456
7299
11955
27981
27993
12355
23117
23140
12378
23084
23091
12418
12428
7359
7397
7475
23587
7589
23006
7315
7488
12471
28055
7352
7389
23802
23818
23852
7375
12581
11747
12312
23089
23134
11726
28230
28231
11298
15046
22641
27006
12401
12461
7318
27984
11432
12299
27059
27457
7393
12360
22986
8978
9028
9034
24390
9145
9206
9229
21129
22004
24190
24633
12394
23026
23428
24047
24084
7333
12371
22818
7499
12485
7341
12483
12497
22822
7414
7496
7435
15315
24793
24818
12477
28069
8235
23392
23447
7424
12567
12679
23433
27993
7494
12559
12977
22694
22918
7496
11726
7334
7372
22922
22892
22919
12437
23053
23034
22690
22883
7351
23616
27889
12525
7381
12479
12286
22820
23316
7337
12436
22993
12479
22925
22667
24739
27247
27252
27645
27663
7442
12292
24466
24486
7659
7891
12076
12664
14019
22706
7414
22876
8910
11657
7387
22878
9029
11664
23019
12362
12447
28137
12412
23018
24398
11841
11857
11861
27683
12473
28015
8235
23392
24076
27993
12337
12618
12285
12152
12340
12350
27373
27374
27498
7436
11557
22699
23013
12457
12586
12505
12589
14466
14467
23066
8042
8932
22890
7374
22895
22918
12427
12488
7393
7658
12586
7589
12391
7386
12479
7393
7538
12497
22822
7499
11553
22877
7379
7391
22875
12507
22697
22927
28234
7386
7658
7394
22878
22812
22860
22948
28232
12582
13134
7388
7392
7421
14062
22880
7391
7392
23051
24256
24432
28205
7432
7440
22696
7423
7960
22603
22608
27272
27274
8932
11596
12587
22871
22888
22935
22938
22973
7462
11434
22675
8880
12580
22679
22696
11536
11554
24745
7530
22675
11384
14964
12522
22895
12690
14419
14434
12564
12650
22887
12516
12574
14003
9144
12491
12497
7762
12505
22874
28354
22661
22684
22686
22882
10255
14723
24831
28697
7433
22863
7427
7620
7660
14030
29904
29905
29928
7420
22607
22676
7420
7421
7659
9144
12496
12501
14469
14459
14978
7503
12508
12550
7623
12660
12801
13024
12260
23665
23789
7633
14418
14826
28512
14473
14485
12653
14718
22636
7689
12827
14473
14062
22875
7468
12494
11821
23908
24712
27781
8010
15264
24793
12514
22879
22647
22670
22681
14432
14441
14674
14680
7531
22699
14431
22837
22838
22694
22681
22882
28316
12238
23396
8886
24468
24569
11607
11690
24319
27339
23847
23884
27772
27776
8002
12089
12778
28439
7857
19517
28784
28788
12064
12088
12463
22970
12215
12293
23386
12428
23010
28167
12302
22732
11443
22642
28326
14466
14476
22671
28370
12542
23420
12295
24779
10398
12032
15149
15152
10402
10475
23557
22678
10338
12278
21106
27812
11386
11484
13166
24821
7553
12004
11727
23437
23610
23636
7489
7699
12677
12785
12532
12035
23588
27938
11534
11536
24754
8140
15317
15520
11991
14716
28399
28761
23322
28056
28060
28079
12112
12120
14050
23553
12047
23582
12860
13205
13951
12080
12792
28403
9274
12980
7480
7588
12213
23269
28064
28214
12095
23030
28141
28145
22797
22848
23590
11368
11824
12584
11980
12030
12302
22732
7583
7603
22646
13082
14935
28460
7498
14028
28031
14912
14972
28616
15235
22595
25023
7694
22867
12489
22956
12488
12998
22992
22861
24783
28351
28035
22876
7690
7704
11801
12324
22698
22927
12811
14438
7544
14464
14467
14470
14476
22642
22651
22657
28323
12385
22897
23010
23085
24263
24370
27263
24341
27372
27423
27451
12635
24920
27015
27077
14612
14786
16274
17201
7932
8618
14566
13043
22640
24775
24782
21520
25659
13948
17455
30175
30176
10975
11158
17572
18936
22106
30111
30116
7528
12055
27897
27908
13996
12185
27944
27945
7524
7614
12318
17137
17171
8061
23941
23944
29776
7599
22902
28160
10423
24775
27021
27028
7595
7924
17169
21134
21152
12026
23608
23641
10467
13006
22871
22872
12513
12576
22696
12944
14967
28668
7651
7720
12684
14486
23349
28245
28246
12155
12234
23157
13195
14900
14929
28686
12787
28378
28386
12510
22877
7582
14413
12856
16257
16536
27241
27244
27248
27249
14654
14686
14690
28540
11969
23387
23437
7660
12671
7802
8101
13569
16086
7649
7786
7948
13213
7657
12676
12790
28459
8152
10425
12932
14072
14573
14594
7650
7687
7734
7764
7771
12916
7693
7755
17060
7663
7893
24762
25016
14569
14576
14577
11769
21459
22133
24170
11340
23649
23692
29958
14572
14807
28484
12641
12799
7598
14510
12749
13577
14897
8038
13945
17475
17501
12662
22588
22806
28409
7733
7737
7773
12745
14325
21181
11749
12003
15163
28809
13976
16828
16922
17449
12668
8039
14687
14712
14716
11494
22741
24587
13905
16505
16532
7680
13275
14945
14994
7605
12827
14464
14485
16796
29824
7746
7785
12888
14599
23224
24263
27294
11477
12805
14414
29963
9870
14412
17166
28511
12114
23557
12074
23622
23549
12044
12116
12776
17184
23552
7777
14516
14970
12685
14036
14637
22804
23600
28247
28214
12399
8677
12782
12843
14504
12837
14446
29921
7825
12878
14609
12809
14014
14766
28500
28521
7836
7843
22767
14112
16540
17128
29858
8613
14965
7612
28181
28229
7668
7840
12955
7794
12758
13578
8057
22855
8148
12669
12831
7670
12651
14486
12852
12868
15430
12844
12854
14314
17086
12685
14500
14637
13022
13692
14508
14942
14677
22749
24728
28340
9116
7688
22901
7881
24559
24781
24788
7688
7690
14544
16247
16273
28476
7809
12754
12936
7694
22858
22874
8018
23676
27881
7621
7639
7645
14483
7640
12493
7736
14481
28374
28380
28384
28385
12676
12685
12831
12920
15525
29042
7638
13053
14479
14484
7627
7628
7630
7633
12671
7630
7631
7736
7655
12678
12496
12503
14471
12217
12275
12516
14003
22645
24726
26996
26997
27033
12670
12671
13636
7944
10484
7689
12492
11410
28371
28387
28692
14073
28501
22664
22668
14620
14636
14864
7736
12678
14486
7648
12962
14490
28377
7672
7743
7948
14956
14011
14488
7677
12950
7653
7662
12678
7677
10440
12743
12955
7654
7655
7742
7918
14637
12975
14468
22608
9144
12550
12222
23146
7669
12680
22545
24761
24992
7669
7718
7719
7668
7671
7675
7667
7699
12695
13692
12688
13692
7675
7720
14485
7718
7695
12696
12008
12606
23560
23693
7676
7719
7691
12682
12826
14505
14956
7839
12610
12885
14663
13751
14595
14661
16540
12964
7698
13014
15028
13578
14808
9274
10447
11523
12125
7709
9608
14679
28431
12760
14552
14554
14555
12843
14504
12680
14493
7690
28054
23333
7717
14062
22875
22881
12700
13076
14487
22868
7755
12701
12841
12688
12743
12955
14702
15032
15055
28814
14907
15500
14489
14492
7788
13953
14461
14499
14917
15266
28720
8048
14977
28729
12533
14487
12318
14835
28778
28813
28814
7809
7926
12910
12659
12822
12843
14503
13195
14009
14510
14524
9614
14667
28534
12754
12763
12936
13578
7769
7809
7908
13062
12878
28499
28502
28522
14562
14564
8153
12768
15450
28602
14509
14523
14527
14529
7718
7719
12686
7728
9310
12682
8314
12889
14520
14971
7729
12696
7761
12261
12706
12738
12933
14515
7730
7740
8152
7732
12913
7744
12153
12347
23345
7729
7774
12942
12738
13955
8284
12847
7909
7750
12713
12764
14545
14808
14851
7750
12714
8618
14902
8625
10830
16094
14920
15065
28677
12683
14499
14500
7948
14517
14524
7745
12242
28075
7759
23248
28086
12766
14085
14658
7791
12766
14095
28467
10399
10472
14846
14849
8436
14576
16272
7773
8454
13597
16062
7800
12711
13557
15728
18973
13207
14886
15569
8727
12910
7810
16117
29390
16069
16088
16309
29397
12733
14557
14559
14813
7761
28010
7768
7794
14546
14806
23248
28026
22858
7764
7766
12719
7778
7800
8689
8623
12721
7871
12061
28066
28091
13578
14557
14808
12725
12933
14563
12697
12942
13955
8689
12714
12840
14619
17182
7909
12731
8596
12709
12739
14564
10830
12713
12729
13564
7921
12709
12718
12941
8211
16106
28642
22646
22733
22826
22829
13628
13677
29516
13613
16117
29389
21400
23860
25857
14606
14613
16274
14516
14928
15438
15461
15510
15511
13953
14526
14935
16315
16323
16520
29468
8476
8643
14874
14085
14619
14622
8257
8364
13466
15991
13907
16502
12711
13557
8639
14549
16090
14045
14618
14821
17198
15051
15197
28768
28769
14892
14893
15009
14676
28406
28429
8651
13567
11359
23912
26981
7814
12722
13568
12011
23708
27850
14097
17083
17120
16278
16282
14547
14774
17121
28472
14449
23555
12641
12801
14456
12932
13582
16115
17631
18836
30197
12810
14753
15067
15413
10374
12922
12923
15513
8101
12723
8624
8633
14582
14033
14042
17197
14113
29827
8523
16136
16149
29484
13507
16305
16326
29487
7861
8341
17204
8120
13490
29373
13916
18234
8790
13660
29490
12614
14602
17113
28065
28072
28214
7866
7979
13995
22567
28414
8646
9316
14584
29965
16484
16492
29551
17115
17128
12865
14611
14775
28613
13882
16543
16544
16577
15173
16897
28976
29170
7843
8143
12011
8100
16837
17041
27853
27857
27883
10088
14663
29952
9310
10440
12687
17053
17147
13605
15472
15479
15529
8238
13612
15765
12938
14001
14987
15016
14057
14120
17115
17210
18425
18642
18651
30875
8394
17114
29857
14040
12848
14589
14608
8064
11392
12966
14945
7916
16095
16120
29387
15138
28788
17187
17188
8081
14336
17040
15310
18986
18987
19050
14066
17213
13961
21115
27720
7957
12862
8710
16287
16560
13552
16096
8007
10623
12865
14585
17121
28471
17138
17160
19164
16256
16529
16819
14065
17195
22644
23251
28219
24809
25008
27023
28355
13761
17110
13890
28143
28146
28164
25848
27113
27732
14950
15047
28695
28707
12842
13156
14748
29868
11982
23779
23863
27770
8023
8214
23278
28319
28345
13176
15063
28572
15461
15511
15571
29027
12147
8621
13576
18152
13191
14474
12956
13022
14508
14511
15088
17131
28774
28775
10643
12937
13975
12544
23387
12401
22520
22548
25017
15428
15444
16174
28600
9374
25799
25899
25902
10471
14910
15063
29039
16794
29734
29742
12867
16129
29406
8095
8624
17095
29965
8239
15763
11784
17015
17174
28809
13764
16789
13095
13214
15269
19101
8796
13248
13649
10681
13837
30902
31086
8643
14844
14888
28622
14558
14837
14869
16143
14512
14521
14522
8627
10687
12803
14632
14633
8222
10671
14299
16928
17078
17081
13708
16496
14560
15072
16279
16122
16126
18151
13246
13253
13684
12661
14499
8613
8690
13141
14879
15468
15555
7932
8596
16265
13700
15393
15598
15811
14972
15018
28732
28736
8626
14644
12852
29843
29848
8727
10425
10410
18668
18745
30918
8227
13757
9939
10153
28530
29946
14059
13033
14892
13241
16674
18128
29654
8009
14055
17122
17138
12867
16261
28649
29413
14591
14592
29964
16867
16874
17003
10766
14023
15656
29161
10336
14913
14999
15268
13276
15365
15367
15382
13088
13273
31195
31198
11453
23917
24704
17016
23923
23930
23953
14482
23721
27712
17059
29811
12975
14484
28457
28459
14928
14508
14523
14936
13093
13107
15199
28819
10945
11415
13016
15502
10830
12948
16092
9783
28520
12781
12823
12847
14537
12738
14903
14970
7991
8106
21310
12858
16862
29829
29832
11450
28437
18983
8657
14660
17197
19758
10228
10367
26871
26933
11541
24462
27234
27469
27632
8023
8127
23415
8067
19345
28881
11351
28822
28828
19357
22553
25187
14250
17336
21900
25482
31302
31323
9356
9978
10076
26530
8079
28879
28882
31120
19740
26675
15541
15566
15747
29094
17417
18636
18938
11265
13852
30748
15076
17019
29935
11806
11829
11859
23835
23847
24066
27762
14015
11678
12168
22967
8700
13903
19649
29997
30025
9915
10954
18119
9161
21091
25798
11389
15007
26998
28758
25189
25220
10519
29829
17600
17623
22499
31137
31143
12266
21106
10431
17357
30230
22260
22373
26730
8166
15346
28899
12717
12948
13567
8141
15302
15303
17144
29883
12999
22575
28410
28417
14694
12877
14614
14786
16550
16551
16284
29436
29437
29438
22280
22352
25063
8676
17212
18872
18887
22407
31215
17149
29900
13200
15264
28756
22656
22700
22951
10228
26762
26933
30381
9841
26677
21442
21495
21898
21983
22027
23891
25376
26057
26059
12081
23612
11124
17805
9007
21583
21833
11463
25289
25343
14206
19665
26606
23525
10355
14251
19273
20790
20793
20799
11314
22474
22552
25215
12001
23748
23752
29893
9392
20995
22074
25286
9988
20555
17487
18637
23082
30205
23747
27859
14180
8082
19331
25184
17146
17181
10429
13197
10397
16965
17454
30148
17631
30192
30197
12657
14715
28429
19327
19334
11342
11355
12003
15163
10442
13093
15247
12557
12631
14683
22864
10326
14234
17363
21303
26777
22062
25322
25328
31278
11391
11394
12894
9301
9311
23958
14858
14882
14894
28646
12895
14065
17195
8974
13051
14462
14948
9675
20545
20608
10196
19399
19489
26825
13295
18954
18968
10507
17390
22839
22856
9916
8860
16499
16586
23701
23731
23759
10321
16984
9359
16949
17022
17154
11449
13158
19057
11415
14982
22613
10453
19422
30306
31137
14233
18927
19086
22259
25084
25203
25209
31149
18815
18968
30849
10454
11928
25114
18662
18767
31092
17228
17299
17335
10357
19108
22525
14269
17504
30115
19322
31011
31129
22387
25818
31367
19315
19407
22332
22420
18114
18782
18817
30979
10417
29425
31128
19641
19648
26733
16975
17011
25184
26908
19540
23663
29935
18849
18924
18412
14310
17443
28045
30810
30836
30873
16970
17009
8114
19035
19044
13057
13060
15143
18077
18175
19791
30594
10492
18659
31088
31092
10655
11240
17675
29763
30172
30177
14114
17207
17894
24524
30366
15644
16761
29702
29711
11263
17710
12004
14032
16999
8594
12729
14037
14115
12811
14432
14438
14441
10620
10731
13317
18520
13179
13193
15414
15684
12862
17052
14085
14540
14636
30878
15245
19063
19200
29240
10431
17284
31068
8333
11246
14341
30298
16831
17000
15276
24818
24822
18994
19026
19041
22171
22452
25050
25408
14266
17469
17520
17524
22531
24665
25016
26477
18378
30709
13202
18976
18984
10667
13450
29369
8725
12893
14116
28622
8335
13147
17460
30186
22440
24630
24957
26575
8164
19076
19077
12007
29908
13748
8214
28101
17575
18681
18686
18856
16548
17565
18875
29573
13095
15279
15312
18860
18911
19248
18391
30249
30899
15766
18749
29258
16670
30288
15706
15787
29275
30776
14684
17162
23552
11390
15268
24813
28740
13089
19119
19138
19170
12852
12864
8208
13270
15392
16157
8180
15284
15285
12015
22569
8339
11246
17646
15671
29155
29204
29251
14057
17152
14480
8647
10679
13433
8810
16364
16474
29535
8212
8743
29597
12698
12942
13900
16160
29409
8753
13718
16468
17506
17515
19142
22185
10774
18345
11193
30321
30324
10290
10678
18736
22662
30206
30270
30273
13012
13102
13879
28917
14611
28487
28584
28613
15591
15698
16204
29066
15652
16153
29137
29144
19085
19339
13430
13431
16419
16463
8282
8432
31114
17084
17102
17214
30524
13483
16135
16151
16158
10274
13116
28975
28984
12199
12656
15593
29367
29369
10329
13440
13442
13521
30834
30910
30962
30972
10544
13286
30901
17018
23698
19442
31005
31031
28877
28885
8706
15767
15881
15925
18099
18107
18133
18768
10989
18131
18778
30966
10640
15848
30878
11224
14332
17493
17798
15366
15382
15603
15695
10555
13369
18544
12024
23729
10256
14240
30068
30078
8456
13496
13515
16066
10733
18488
18493
8303
10385
13977
12236
23393
23452
13260
16611
16616
29362
8696
13351
15983
19589
30046
30063
13414
15929
15934
12735
12736
14847
15561
14119
15395
15604
28999
11265
13855
16774
17450
29637
30298
13548
13652
16294
29471
8802
16476
17625
23264
30287
30897
8276
13468
13353
13852
15849
30772
18344
12986
12988
15257
13094
15319
15346
19051
13920
16277
16297
16706
10673
15468
15544
13846
15933
16436
14320
14324
17424
12277
14157
14263
15776
18612
8319
8764
14088
29583
8514
8797
16325
16361
14102
16634
16642
15404
15423
15671
29207
11285
30265
30295
10251
18779
31044
31473
11233
17711
11251
17728
17761
13980
16795
17126
29742
8659
8828
15793
12192
12226
12265
13750
16342
8299
10821
11236
18514
8255
8654
13466
17954
10690
13148
13603
15862
18566
18662
18767
16738
29727
15768
15968
29296
27608
11243
16765
17073
17944
18340
18977
29049
29100
15753
15867
8674
29273
30806
8386
8413
8440
8467
13550
13617
27167
30700
11135
18028
30556
16330
16365
16369
29477
18506
13972
15709
16899
17633
8409
13326
13472
13694
13471
13495
8257
8390
8253
12364
23201
28144
8273
8274
12357
8257
8258
8363
13492
15978
8273
13585
13341
10779
18500
18532
10675
13333
15962
8267
8402
13427
13424
13818
15893
15929
8363
13322
13433
13351
15983
13614
15925
15953
15967
8274
8279
13348
13351
13427
8270
8402
13386
10696
8276
10731
13316
8279
13521
15750
15768
15989
8384
14038
15454
15481
15511
10267
13340
18305
18515
30801
30807
10714
8432
15309
18974
8296
23170
23183
13239
14658
10608
10713
18510
11233
17657
13265
13456
13464
15923
10473
11352
13017
22519
12771
14103
10784
10810
18356
10918
17546
19720
30047
15205
19125
28827
28842
8594
12729
12732
18653
30248
30250
30271
30276
11747
12330
12364
8342
8389
8417
11723
8308
16672
29609
18557
30686
14404
17685
17724
14381
17793
18047
30398
11200
17664
17670
30310
13320
13492
10802
18581
18999
12795
17055
17057
17147
11266
16865
12949
14558
28629
28634
13358
29606
15734
18957
29030
29045
15164
28553
28577
11008
18209
18216
18217
16930
17496
29619
12934
14842
8516
13618
15978
14827
15415
15422
28969
11248
17686
17687
15903
29356
29361
29591
29729
10212
10818
30566
30574
11516
11800
23767
24655
10596
10665
18304
18356
10440
12692
14509
8875
16437
29522
16013
16088
29399
8572
13538
16051
13851
17690
17692
30307
8484
8532
10653
15852
29304
16325
16937
29469
29477
8556
16045
16078
16111
10510
14892
15009
10506
17498
13434
13473
16898
29758
30279
13796
16613
16618
13249
13417
15930
16419
8701
13256
16929
29662
16596
8732
13666
16388
8383
12568
8776
29548
8704
8811
16364
13397
16423
16448
17035
16446
16447
16589
8663
13676
16461
16366
16368
16460
13279
13869
14360
17575
16644
16672
18110
29675
12768
14091
16175
16197
13877
17798
18940
30183
8455
13524
13532
13757
10674
13384
18476
18478
8859
13781
16491
16492
13203
14886
14896
8389
8423
23400
8473
8597
10573
16016
8791
13925
16215
16432
8406
8390
13459
16121
16132
16133
16147
8376
13461
13592
15953
29480
29489
29505
13520
13549
13623
13506
13621
8395
8407
8419
8441
8469
16063
16205
18153
8447
15292
15742
15867
8826
13470
13511
13422
13446
13461
15987
8405
10764
11269
13850
13236
15453
29094
13155
29114
29119
29167
8565
8835
16355
18115
30945
13432
15917
30749
8389
28085
10731
13317
8691
13443
13496
16066
13498
13546
13336
13497
10693
23434
10275
27814
30786
30867
13099
15606
18150
29048
8402
13386
16575
28611
8497
15956
15987
18487
18516
18528
13472
13498
13690
8399
8440
13544
8407
8826
13499
13502
29555
8408
13511
15566
15762
15764
16226
13332
30747
13492
15763
18541
13470
8410
8746
8440
15972
8427
8481
13210
13477
16119
15943
16138
16316
16400
8415
8422
8420
8465
8463
8469
16023
8423
11432
28282
8444
8691
13528
8420
8441
13801
16440
29526
8424
8427
22793
27799
8505
13489
13355
16682
18628
29192
16384
13489
14584
14768
14773
28493
8575
8614
8735
8472
13690
10486
13012
13102
28964
15310
19040
8539
8629
22865
8780
11281
15839
13544
13973
16279
15987
8691
16026
16028
16413
8557
8737
13943
15809
8505
8463
8465
13403
15576
16101
13487
13498
13496
13529
16030
13475
13488
13599
8558
13523
16017
16034
15597
18650
16347
29499
8480
13518
13530
8832
13659
16388
13565
13582
14092
16091
13860
13591
16160
16263
29414
8570
15964
16118
8538
13526
8582
16200
16401
8875
16418
29527
8480
8535
13530
13554
8474
8495
8531
13329
15966
29296
8731
8852
13801
16446
8472
8511
13520
13549
8575
13545
13598
15910
8467
13514
13441
15957
15988
8505
13549
13743
16340
16377
13389
10573
16018
16054
29385
13623
8597
8786
16029
8475
8479
8518
12919
15736
29010
13843
15928
15950
14408
16679
17607
30284
8540
16060
16121
16149
29402
8484
13661
16028
8553
16205
29384
13518
13584
17199
17260
13510
15948
8494
8754
8790
16053
13257
16235
16562
16748
13429
13699
13845
10505
15487
8560
8564
13664
16709
17638
18383
16438
16488
8785
8839
16358
13584
16028
16413
8595
8715
8835
13667
8681
13326
8611
13629
16036
8537
8631
13525
8502
8504
8541
8542
8598
8504
8521
8537
8545
13623
8507
13534
8782
8546
8559
16044
16088
8559
8693
8711
8755
15973
8597
13515
16017
16066
8572
13917
13501
29472
29500
13250
29479
29487
29508
13618
16212
16219
16417
16432
8532
8520
8528
8521
8554
13918
8528
8529
15994
16125
29509
8525
8528
8527
8563
8529
8567
13540
13541
8554
8567
13543
8567
8578
8605
15997
16001
16413
8540
13541
8723
16464
16478
16597
8536
8550
8563
8536
8547
8545
13918
8544
8661
13504
8601
22889
8578
8854
29491
13536
8634
10465
13613
16110
13528
16030
13527
13625
13566
16013
29466
8548
8549
13554
8555
8614
13530
13543
8552
8555
8588
13486
29382
8567
13918
8774
8749
13933
16033
8579
15837
16118
8661
8823
13661
13566
16068
8573
16339
16041
12940
15910
16058
13543
8823
13917
16040
13418
13505
16394
16294
16304
16570
29470
8770
13559
16087
16300
16368
16373
29477
13570
13926
13421
15873
16407
16040
13554
13611
13664
8735
13943
15910
16062
16061
10667
13694
15972
15999
12996
22862
13541
8615
12724
13755
8752
16430
29523
13592
13610
15952
13668
16007
16386
13237
13693
15993
29479
13478
15954
29353
13728
13732
16581
29553
8607
13568
29394
14577
14792
28485
8593
8735
8774
13614
15945
15967
15989
8695
11061
16447
16069
16309
29461
12600
12879
14411
14737
13943
13559
14566
14899
29375
13527
13539
12882
14856
14864
17182
8607
8610
13755
13926
8616
22885
28268
8750
13611
16048
13481
16012
16016
16111
15884
16110
16116
29387
10594
13550
16065
8612
8630
8610
8630
13556
13755
29393
8612
8693
16038
16056
13926
12951
12956
8774
13516
8653
8737
13556
8637
12561
28307
8623
14903
8747
16290
16332
8651
12729
12732
14570
12918
13552
13097
15322
15526
29045
12770
14771
12703
12718
17198
28498
28524
12731
12745
12695
12964
14490
14942
8637
22722
22815
16027
13687
13716
13717
16369
13589
14583
14587
12940
29388
13551
29457
13925
16215
16288
12441
12561
12693
14095
14521
14989
8770
13678
8786
16059
29384
29385
13258
28983
29119
16076
16089
16300
16341
14874
14888
12704
12898
16107
14778
14784
19165
29843
29826
13491
15983
13307
13702
8652
12441
12571
28266
13588
13702
14560
14570
28306
28307
16044
16088
16506
13350
13499
11274
18463
18480
17382
17411
14688
14925
20002
18519
15793
29282
10601
18580
19072
13525
16027
18958
19288
31124
31127
13674
16424
16573
29557
11292
14409
17647
18073
30522
30535
30552
14575
14607
16560
28483
10211
10912
13828
17696
8829
29753
29840
16925
16974
17449
8808
16089
29460
16008
16316
10688
10715
30805
16792
17089
14525
14533
14621
13187
13483
13662
16113
13875
16552
16559
16777
15999
16003
15367
15369
16735
29118
12850
16082
16206
29416
8798
8809
8848
15128
14101
14593
8838
13483
13662
29380
14744
14757
14823
28553
12903
16180
16186
29444
12916
13564
13213
14516
16024
16048
16339
16302
13827
10679
13350
13357
17211
13334
15786
15790
29268
16780
18393
14308
16519
16546
16779
16780
17071
29830
29866
29833
16473
8758
16451
16459
16491
13510
15952
13382
13434
13596
13778
13349
18494
29303
13756
16043
16056
13397
13785
16317
16955
16379
16381
8795
8858
16344
16567
8738
16357
13812
13829
16603
19030
19075
19339
13627
13635
13713
17708
30351
16073
16298
17093
13819
16674
18641
29654
8763
12776
14926
17162
13676
13687
16481
8861
13786
14829
14832
14872
16343
16502
29497
12701
16480
16484
17548
29551
8753
8762
10720
10738
10750
18607
16565
16599
16384
16387
8799
10430
13691
13643
16360
16362
16370
29465
29484
29501
29509
16042
13665
12880
14613
14662
28531
8858
16360
16369
16623
16635
13708
16533
13679
13695
16425
13715
16186
16187
13583
18148
18152
13489
13511
13690
13696
8762
16346
8750
16035
16038
13908
16047
8840
16422
16610
16344
16472
13654
13657
16349
16068
16336
8773
13723
16495
13709
16450
16482
8767
8803
8761
8804
8767
8801
14018
29924
29953
29580
8804
8793
8865
22623
28698
8801
13710
17510
8771
16353
16089
13656
16345
13741
16503
8842
16443
16547
16573
29557
14111
16550
13762
13890
13979
16633
13668
16384
16388
8822
8824
13490
13580
15974
16140
15993
16114
16264
16301
13501
13658
29489
13517
16205
14072
14601
17076
16334
16336
13655
29492
16311
16378
29476
8804
22574
22610
13642
16359
29474
16343
16502
16570
16766
29469
29476
9025
11377
12995
12940
16110
16116
13173
13271
13480
29060
13791
8827
13791
16354
16312
16335
29488
14107
14108
16531
13289
13689
13779
16434
13747
8814
11440
14462
8811
13802
16476
17353
17548
29546
8854
11445
22612
24851
11220
13581
13588
16135
18148
13703
13894
29586
8862
11209
30345
13791
16352
8839
13639
16376
29490
29492
29504
13664
16034
13426
16396
13489
8844
16353
15828
16636
16725
16728
17078
13891
10656
11227
13505
13684
13830
13838
11058
29536
13669
13683
8867
8869
11060
16215
16217
16306
16853
13484
13599
13712
16053
13670
13716
11028
11085
17978
16376
13787
13829
16566
16590
11060
16626
22612
24835
28697
13859
13863
29634
12526
22794
28265
28266
16880
17813
29693
29701
16444
16488
16565
16888
29668
10350
11281
16642
16454
29529
16568
16330
16471
13783
16547
16438
16460
30327
16458
29539
8874
14959
15053
28697
17751
17753
17764
17888
8873
13745
16580
29433
16552
16559
29565
13706
13787
8874
29521
11164
11198
13401
15922
29520
10243
19562
19712
19803
8883
24387
21622
21631
25595
11634
11577
11580
11611
11713
9067
9068
24339
24530
24567
21925
24371
27192
21984
21997
22156
25459
23992
24315
27391
9109
11860
12311
21608
25614
26190
8916
9840
25506
21493
21874
25565
31303
8896
20505
21787
22161
25472
25500
21777
25551
8981
14715
28363
28429
20509
26199
21819
9142
21490
9795
20210
20283
9691
21532
21534
21562
8920
8952
9168
21884
26375
26378
20298
21854
26252
20542
20551
20552
26183
20110
20327
21889
25479
20193
20230
21186
22403
25845
11570
27271
26238
31439
21656
31311
31312
9014
9225
10477
28362
21609
26251
31456
21828
21829
21834
25463
8919
21811
9005
21808
8925
9003
21879
22157
9038
21765
8927
21818
21830
21847
21784
21785
20492
26231
9724
8975
9039
9087
21739
8980
8999
8987
11545
11717
12300
24429
11619
11625
9033
21730
8965
21568
21674
25641
25649
21786
8941
21736
25558
8971
8979
8971
21735
25435
9245
21263
8965
9042
8951
25547
9045
21619
31318
20401
9217
28359
28360
28447
9199
21300
8998
9054
22157
9763
20411
20414
20420
20396
20416
20556
25633
26189
21626
26230
9661
20325
21848
26281
8997
25546
9119
21572
25576
21770
21816
21817
9649
9735
31445
20346
21786
20367
26232
31439
21719
21252
21270
25785
21740
8979
21735
21680
21732
11617
11623
11869
9217
12995
14454
21723
8977
9009
9014
9025
28791
11901
11908
24358
24359
9028
9034
20737
21286
11764
24367
24541
24383
24518
11597
21740
11496
21464
21759
24549
9289
21260
21351
24562
24597
9339
11957
21102
12300
22936
8999
11883
27331
27338
9039
25559
9057
9001
9001
9008
9009
21805
9003
21879
9006
25438
9006
9008
9011
21785
25514
21758
21804
21758
21464
21890
25438
21783
21784
21896
11878
21650
21666
25588
21797
25469
31281
9025
12598
12356
23012
21457
25672
21921
21923
25427
9115
27406
9064
11804
25526
21390
23637
27767
31288
9164
11630
21711
21883
12570
24425
12995
21759
25438
25553
11610
12413
27298
9061
11637
27301
11587
24304
24312
9063
11599
27275
11634
9040
11636
24361
24379
24384
9038
21760
21813
11627
11619
9042
9043
11619
20748
21615
25622
26204
21771
21449
21563
21970
25674
21910
25436
25444
21643
31308
9432
20739
21307
21415
21465
22089
25586
21469
21483
22021
21365
21796
25580
21754
21815
25543
11691
12555
24320
27388
9197
21277
21765
25557
21230
21236
24378
24450
27312
27316
12289
24209
27363
27440
11654
11662
24312
11624
11787
11911
24424
27271
9066
24352
9068
9164
21709
11869
24313
24313
11452
22956
24488
28299
21307
21277
25783
20836
11966
24116
25471
25519
26173
20344
20412
20470
20493
9561
20450
20517
20443
20700
20704
26073
12196
21648
25589
9160
11806
21384
22044
11859
11935
21366
20524
22090
26073
31413
9732
20589
26143
9583
9586
20635
25558
20309
26259
26270
9966
9967
20571
20394
20488
21500
21708
25563
27523
9237
21209
9413
19997
9483
20103
20144
25989
9454
20595
20664
9817
20204
20211
20419
9822
26380
20163
20166
20572
9390
21024
11563
11774
27346
9808
20463
11681
21715
27333
27399
21755
21613
25610
25611
25622
21295
21356
21472
25777
21395
21466
27538
11502
21559
25399
27135
24031
21449
21494
21970
22165
21103
9204
21574
25512
25513
20604
11683
27398
20736
9337
21067
21073
21100
21304
26065
26066
9120
21623
9135
9443
21582
21278
9818
20235
9548
20697
20623
12437
23055
9336
21086
21101
20888
31399
31406
21092
23873
25840
27730
9637
9182
21326
21348
9135
21531
21553
21568
21221
21425
25572
21702
21722
24324
27340
21624
25522
25634
31280
21455
21543
21529
21532
21457
21887
31323
11731
12292
20265
26276
26417
21887
22120
25451
31322
21487
25259
31294
9212
25770
12493
21210
25796
20910
21518
21521
25278
9445
11934
24049
24108
27548
12282
27710
9190
21418
25715
9223
21325
21366
11598
11768
24546
9261
21249
21254
21675
25706
11393
15008
28733
21442
21449
21050
25884
21196
21188
21104
23703
23903
11652
21218
21221
21697
21710
21731
25526
9174
21215
25702
25705
21577
21703
21728
21807
21853
25470
12259
12279
23383
21906
25448
25449
9220
9286
9288
21197
21384
25579
9175
9270
9284
9176
21193
9276
21201
25579
21068
21078
21086
21346
25727
25874
25875
20058
26373
26389
20901
25753
20686
20889
26081
22099
25650
25879
21382
21481
21564
25364
21248
21597
25782
9214
21363
21391
25709
9369
9387
9390
21083
20646
25656
26165
31428
11933
23862
25846
27745
21552
21834
21397
21617
21527
21549
25667
11638
21260
21651
21406
21564
25687
25731
9213
9951
22020
25761
21269
21287
9205
9257
20747
9715
9753
9219
20726
21307
9560
20697
20732
9205
20732
21309
25639
9228
21604
26201
20690
25778
20654
20678
20841
21684
21728
25598
25773
25699
25704
20860
21298
25657
25658
14948
28438
9262
21242
21245
21254
9257
21294
21203
9257
21284
23989
11894
23194
23972
9238
21681
31310
14454
28364
28390
9275
21203
21257
9240
9281
9260
21571
21590
21629
25597
9548
9245
20738
20739
21255
21279
21301
21397
21255
21364
11790
11803
25593
9294
21351
9288
20985
9475
9570
21275
21292
9593
9640
20608
20429
20607
26145
20295
25528
25530
20717
20775
21241
21250
9535
9727
20627
26089
26104
20162
20167
20170
20173
9577
9538
26053
20692
20716
21300
11875
23964
9261
21352
25795
11871
21247
21652
21235
21241
11700
21232
21237
11946
21227
21205
21206
21207
23964
21659
9285
24272
27693
27700
21200
21800
11640
23992
11906
23990
9286
11807
21196
23965
23969
11791
11880
11902
23968
11876
23967
23978
24098
11792
23814
11915
11918
23972
21288
9288
9302
9355
9415
21258
21202
25630
25786
9294
9295
21205
9292
11873
9293
23963
9296
9296
9296
11914
10453
31137
31138
31141
14278
10406
21174
23885
9339
21098
21127
25872
21141
23959
12771
16268
11488
21119
23841
23883
9420
14579
28481
28483
17424
11397
24702
24859
24902
17532
17533
19588
17419
17427
18636
30158
13996
16948
12841
21191
23754
23957
9314
14303
28838
12468
23332
28029
18917
19151
31097
11305
15234
26904
29826
29866
17358
17531
9370
25099
21150
21161
21167
22297
19843
19990
26600
26642
21144
25807
14208
17535
30085
30088
13048
14297
21138
23700
23959
25965
27713
25798
19923
22284
26504
26513
11478
24926
11931
21166
22322
19185
23946
27715
21375
21418
25769
11805
24122
27543
12267
12314
27646
11966
21417
24156
21080
9377
25863
21028
21049
25883
21127
9580
21315
21323
25737
20651
20652
20810
9606
20621
20998
20999
21001
21056
21058
21069
21101
9347
9376
21367
20680
21566
22092
31328
25151
25293
9387
21026
21319
20895
22107
9358
11338
25114
21451
25670
25671
21134
22297
11448
11583
24520
27051
9394
13906
14600
9952
25146
31509
19922
20952
22291
25148
22359
31353
16992
23741
20977
20988
9436
25935
24927
24942
31363
20881
20928
21039
26009
9424
21039
26004
20869
9410
20794
20962
22075
25347
11539
22081
22094
22377
21017
21347
21005
21008
9569
26021
21061
25881
25885
21058
21062
21090
20990
22382
25901
21003
21093
21176
21083
21100
23858
9392
11325
22349
25311
20104
20144
20156
20188
20971
9993
25934
9389
20882
21022
20983
21047
21171
19936
22071
22074
25307
21016
10244
25942
21322
20885
21036
22088
21044
21050
21064
22311
9420
14072
14594
19380
25182
26955
10361
26768
26769
9452
10351
20857
10335
19963
14275
17400
10802
18798
31001
19241
19243
19579
26955
17280
29993
14005
14319
16921
19851
19854
20179
18043
30577
17336
17346
17365
10249
17281
19598
31201
9410
21011
9525
17363
20950
30032
30080
14128
17248
19851
26595
9416
9515
9420
14580
14585
9436
20869
9605
9646
20665
19856
20015
26604
12865
19264
19632
20937
22302
9913
10087
20829
22095
20881
25935
20458
30006
31232
9515
9516
17379
17432
25912
9465
9512
20050
20125
20130
26569
17387
19247
31228
10053
19365
26485
20739
9451
20538
20572
21006
22109
9526
22059
9476
9585
20682
26023
9474
9482
9569
20831
9661
9454
20584
26117
21568
9896
9923
21328
21339
9453
9713
9869
20095
26342
19970
20017
22265
11698
12276
23206
24261
20160
20163
20180
17346
20614
30091
20838
9901
9988
20183
20961
20913
25991
26004
20805
20826
9488
9495
26035
9470
9489
20144
9518
20797
20798
20913
9500
20137
22114
20126
20190
26319
20953
19586
19631
31142
20837
9794
20819
9483
20842
20844
9746
20681
26107
9583
9586
26086
9569
20618
21297
11884
22021
25680
9631
20571
21524
9590
20622
20845
25987
9520
9559
14826
20053
26278
26380
9493
9495
9496
9983
20156
20840
22128
31521
9493
19867
9819
19881
26623
10039
9957
20941
9496
26613
9502
10039
19857
19861
9979
10103
26617
26620
14179
20788
20796
9503
20045
25149
26349
9503
26615
9529
20826
9547
12610
12883
14922
10989
18563
18759
18793
10098
20094
21033
31519
19696
19960
22205
26306
26323
14178
10079
14167
14172
14273
14230
9517
20798
26041
14162
14163
9533
9522
19872
14190
20794
20962
20804
20833
20823
20833
9528
9529
9711
20435
20603
9533
9547
14766
9600
14657
20756
20757
20441
20763
26045
9695
9540
9545
9542
9545
9543
9544
9545
21261
14663
28518
21240
21352
9554
20747
21274
20741
20783
9554
9657
20746
9556
9558
9558
9565
14640
20698
20731
20732
9756
20449
9602
20742
20730
20778
20741
21310
26059
20722
20785
20262
22195
20462
20507
9886
20328
20377
20558
26018
21281
21590
21629
9734
9812
20429
31453
9799
21850
25274
26248
20583
20637
26211
20629
20647
20889
26106
9595
9643
21306
20787
26062
26063
21402
20712
20731
22020
26068
9583
9587
20618
20864
20627
20700
9601
21304
21600
9597
9641
20652
20663
20636
20707
26185
20540
20659
20855
9595
9607
20529
20561
26150
25998
26000
9687
20603
20629
20668
20889
12883
14656
14692
20674
26086
9662
20750
20752
25483
25631
20684
9617
9632
20671
9614
9850
28517
20708
9994
26125
31486
26087
9616
9617
26095
20630
26096
14429
14626
9745
9791
26119
20630
26092
26094
9622
20778
20768
9623
9624
20730
9624
9711
20437
21619
25534
25620
20135
20580
22222
26311
26316
26320
9633
9634
20671
20672
20585
20634
20758
9633
9637
20432
20900
21317
26075
9638
9640
9963
9678
20613
20650
9647
20628
20670
9645
20575
20609
9804
20553
20834
20620
20855
20623
20621
26238
20610
9999
20244
26300
26301
9655
9872
26122
20589
20595
26130
20240
20251
26295
9885
20664
9984
21630
20750
9676
9720
20610
26109
20510
21775
26203
21848
26293
20422
20598
20257
20560
26273
19942
19946
19949
26502
21601
25666
25996
31424
21606
21615
21678
9996
26074
26338
26340
20418
26074
31400
31404
31425
21981
21997
22122
9708
20706
21533
20507
21317
25642
26083
31421
9965
20154
20567
26335
20533
20547
20638
26109
21023
31493
9963
9967
20574
9938
20253
20157
20647
20665
20855
21308
25640
25768
25771
20152
25740
26331
31429
9794
20836
20838
9887
20377
9775
9853
9881
26292
20368
31451
20597
21605
21631
20945
20948
20955
20284
20319
21507
9862
21869
26171
20361
20424
20751
20758
20425
20426
20752
20436
20641
9779
20408
26121
25506
25508
26173
26251
20492
9712
20549
20585
20773
20252
20316
20579
26124
20372
20725
20671
9758
9748
26108
21516
22108
25298
20708
21308
21377
21523
20459
21530
21776
25534
20452
20502
20743
20452
20761
20547
20702
26113
20442
20764
26049
26051
9742
20499
9736
20439
20445
26210
21766
21768
21782
25538
31447
9755
9728
9753
20381
20382
9804
20319
20586
26145
20483
20514
20527
26213
20412
20479
26239
26215
20390
20457
9854
26132
26133
26282
9741
20407
20413
9757
20431
20488
9752
9757
20409
20462
20502
20521
20525
20548
20602
20603
9750
20271
20590
9751
20603
20597
9753
9759
20410
9760
9760
20404
20418
9760
9829
9867
20227
9842
21777
21780
25550
25645
26201
31435
31437
21845
21851
9773
21803
26222
9783
14651
14922
28511
9801
9866
20238
26229
20290
25258
26160
9776
9846
9847
20242
26291
9843
20305
9847
9860
9780
9784
9784
9785
9830
9786
21803
26220
26230
20485
20489
20568
20856
26234
26239
31452
21584
25504
31455
9945
20820
9822
22203
9806
20260
20576
22196
26390
26392
26404
20326
26262
20241
9815
9984
26274
20313
20525
20486
26147
26154
26156
26160
26253
20290
20298
22161
20518
20488
20586
26135
20198
26265
26408
21850
25480
20528
20605
26186
9842
31468
20238
20247
9849
9824
9900
20189
9865
19912
20269
9990
10027
20056
26381
20530
26336
20060
20234
26299
9876
20241
9991
26266
26380
20222
20228
14650
28515
9910
22203
26361
26386
20259
20303
31463
31466
31471
9856
9855
26296
20250
20558
26126
26132
20338
26231
31449
20241
20248
25510
31456
9849
9859
20557
26179
26282
26156
26269
31484
9848
9848
26287
9870
17166
28406
20250
20252
20579
20429
26144
26186
20382
20257
20279
26279
31472
20286
20294
22248
25484
20308
21544
25520
25634
21492
21538
25482
26157
21562
26147
26171
19881
9894
9923
10081
20197
26598
10004
31493
9919
28404
9873
9873
9884
26120
9878
20395
9940
26304
31488
20237
26288
20560
26284
9883
20248
20321
20557
20653
10011
20257
20565
26133
20242
26283
26293
9884
9888
26290
9885
20250
9886
20558
9888
9888
20242
20162
20163
20166
26314
10021
10139
10137
20216
9898
20232
20233
20062
20119
20276
26371
20217
20212
9898
20227
21942
22233
31277
9992
20091
20215
20555
20856
10057
19837
19976
10021
10139
26650
9948
20809
26558
26561
10141
20008
26636
9911
10031
10131
19962
25176
25180
26486
20275
20374
20004
20028
21941
22064
10079
14195
20141
20196
25147
18099
18133
26246
10134
22251
25172
25179
22443
25060
12807
28404
28517
25158
25161
26462
26522
14272
19984
26726
31066
20001
20047
20220
9925
9926
9954
20184
20537
10106
20182
26321
10365
14180
26583
25995
26074
31400
10571
10109
19853
20178
26323
19900
31506
31508
31518
22223
25476
26287
26288
14021
14629
28539
20193
26297
19409
19666
21844
21854
21862
26254
9944
26297
9947
20254
9969
26025
20181
20582
26159
9950
14186
19932
26503
21563
25671
25675
31327
20858
21312
25759
26071
19924
26508
26515
22182
9988
20536
9956
10106
9958
20174
9989
10100
20173
20173
20202
26313
20612
21524
26114
20834
20836
20839
20611
26116
9964
9966
20165
20535
20164
21524
19636
19862
19909
19919
25987
25988
26012
20182
20207
10094
10101
20136
20570
9983
20155
20160
20567
10106
20175
20182
22073
25130
25143
20095
25292
25299
9987
20209
10250
26523
26528
10094
20094
19878
22281
31508
31518
21374
22066
22126
25290
20211
20223
22119
20151
20842
26278
22188
22193
25257
20056
20205
26305
20170
20180
10029
26397
10007
20233
20111
21000
20566
31485
21513
26339
26356
31403
25976
26336
31379
10143
10161
14930
28551
20039
20070
22278
26388
26260
26278
21973
22229
25230
10002
20087
25273
31461
20083
25282
26353
25983
26088
26342
26344
31379
22058
22163
25236
20081
20259
21868
31467
10024
22159
20183
20282
20037
20039
26364
26366
21450
21519
25668
21893
21863
21894
22136
25523
11497
11754
22055
14629
28441
28509
28537
20327
21535
25479
31295
20231
26296
20205
20204
20067
22176
22229
10182
20098
20121
25276
20035
20285
22066
26368
25165
26490
26491
31503
20054
20005
20014
20017
22267
20055
20225
26400
10030
10037
19830
10032
20097
19836
10034
10041
20011
20044
26440
10122
20001
10131
26651
31457
19831
19858
26613
19610
22268
30693
19998
20006
26395
20033
20046
22325
26408
22121
22163
25280
19935
26461
26493
19808
26688
19371
26496
22241
22356
25168
19870
19895
20013
20041
20108
10102
22268
25176
26486
26488
26898
26899
26916
10058
20012
10060
19480
19986
10116
10166
19828
19974
10061
19835
10061
19971
19971
19976
20058
20128
26389
26390
13982
17457
18836
30197
19324
19427
26872
25241
25252
25268
26379
22116
22208
22348
20287
26360
26419
26426
25238
26370
22264
22490
19297
19351
19363
25186
19362
20904
22252
22284
25154
25302
19155
19204
22406
14288
19922
20987
26508
26523
26533
19985
26463
26499
31501
20878
20934
26516
14162
19960
13945
14305
17405
17426
14221
17285
29989
29997
10087
17266
29987
10217
10091
19847
14231
25961
10143
28529
28547
14137
19952
26704
10160
26716
10145
10109
20177
19853
19855
20145
20113
20207
26321
26324
26630
26631
26634
26637
26586
26606
26608
26724
19888
31514
10171
19809
22114
26614
20102
19382
22264
26031
26039
19857
19865
19852
26310
20941
26612
31511
20022
20125
20208
10135
20138
10114
19850
19893
26591
26592
10114
26591
19777
19789
10151
19817
10138
10914
18179
10256
14229
18842
25159
26462
19831
20009
19830
20008
10126
26591
26643
26638
19998
20006
26652
10132
19999
20005
10132
19999
20009
20028
19981
10140
20229
19827
19832
19840
20179
19853
20192
20193
20210
10138
26649
20223
26635
26653
19977
10210
28543
10280
19813
10148
19820
10183
10188
10148
10149
19820
10157
10150
19810
10158
19817
19824
10154
10311
10161
28529
28533
19669
10158
10158
18016
18043
30583
19663
19668
14630
28546
19790
26688
19621
19647
19683
26735
11117
14191
10919
18802
19485
10204
10218
10916
19738
10195
10299
10303
10293
10187
19813
10174
10266
19428
19501
19502
10175
10179
10178
10179
10187
10180
10192
10190
10299
22256
22101
22350
19393
19431
18580
15244
28721
28749
28872
18990
19036
31007
31046
10190
19430
10192
10299
10303
19413
10191
19429
19383
19409
26754
26897
19433
19492
19428
19398
19406
13620
15589
15613
15806
10206
11024
17846
30514
10289
19776
19453
31039
10273
10880
10924
17842
17844
18071
18183
10571
10932
19792
12610
17176
28507
10882
14388
30571
10949
26674
26685
30585
10252
26725
10264
10354
14969
28400
10278
19412
10523
10939
26690
10925
19469
19762
10229
10931
10229
19682
26669
31178
31273
11135
24689
30484
30507
19685
19744
26706
19376
19619
26710
26711
10304
19668
19871
19655
19704
26678
14168
17244
10514
14300
17381
20980
19403
26880
26898
26899
19392
19508
13001
14708
15036
15106
20954
10307
15057
24830
28768
19917
26591
10294
19401
19408
26890
19601
26942
26945
19684
20960
21034
25942
19970
20014
19204
19214
19217
19218
17286
20950
21554
30040
22299
26775
31235
26737
26957
31226
22117
26524
19064
26838
19613
19643
19807
10838
11013
18265
17372
30013
30082
30090
10264
11377
14530
14370
11116
18123
30511
10977
11152
17822
17893
13783
13786
16228
29578
17540
19691
29979
19341
19422
26917
10272
19559
19563
26818
24831
28402
10297
18797
19447
19463
19398
19412
10805
18497
14136
19708
19762
10530
30049
30064
30400
18008
18097
18284
18770
19544
26796
26798
19566
26686
10910
15420
17123
29739
30724
30792
30868
10324
19318
19437
19506
18135
18772
10373
30026
30348
19810
19050
31115
10927
19454
19794
17553
17772
17780
10804
18313
18325
18555
10626
10681
10690
31041
31531
10524
10943
25921
18796
19291
31014
10291
18817
30989
31002
10295
19433
19513
26811
26895
19477
19497
10303
19433
19493
18800
19467
18989
18995
19002
31109
19429
19484
19628
26875
10309
19412
19501
19410
19529
26813
26882
19413
19482
19391
19986
26889
26912
10354
15085
15106
19811
19817
19325
19774
19635
19666
26717
26743
19893
19421
19964
30544
30630
19369
26913
19368
26755
26758
26916
19821
19953
15304
28899
31121
10459
13098
19024
19074
19111
22518
22539
18812
19102
31027
29768
29776
30165
22260
22274
22324
22330
13101
18798
19002
18567
18812
18816
19260
22369
25115
26965
19084
19100
29396
13163
19086
22259
19394
25184
30602
15955
15966
15982
10488
18555
30681
30967
19331
19336
19354
22525
31156
19415
19484
19504
26910
19270
26533
11390
28706
25200
25208
25210
11958
24707
22465
22472
22494
19057
28864
19478
19609
19614
26826
13957
19179
19249
31219
11927
23908
23949
24710
11413
22636
28359
28447
11181
14098
30200
12855
17019
23733
23757
11056
30391
30576
30951
14377
18881
19192
11311
22328
22353
18531
29658
14265
17275
21194
11366
11973
14340
23938
17399
19271
25903
14727
15106
17279
31205
19031
19317
31130
10439
28863
11978
12006
12012
13124
31135
17352
22087
22289
26951
26956
19595
19607
25164
26952
14254
14327
30084
18247
19661
19916
26723
19671
19931
26951
26869
26876
30436
13916
16642
10399
10435
14844
28614
17347
17523
30022
28505
28544
28567
18908
19021
19206
29381
10457
19309
19320
10411
10893
17515
19142
30203
13880
15848
18465
18644
12893
14853
28618
16683
16923
17638
22512
10704
30803
10598
18829
19318
10837
18182
10399
15446
15505
13622
15804
16693
29426
29450
13601
15753
29281
15233
26905
28750
10617
11265
18482
13593
15399
29230
29238
12097
12779
22762
28411
10757
11276
10804
18117
30966
30983
23860
25844
31374
13114
17406
30155
12059
15185
30142
15015
13844
15931
16651
16826
16846
17000
12135
23936
25824
25830
14293
19592
22302
19592
19598
22290
31224
23862
27744
27745
12032
15152
15174
19148
13974
15392
18980
10648
10703
18785
18895
31037
12937
16148
15153
15178
29788
30141
17415
20997
30138
17025
17034
17127
28991
11339
11926
23945
29788
13881
14349
17453
29649
19070
19083
26931
16219
16393
16395
29507
13983
16812
16815
17025
19232
22333
25097
25109
11272
13855
16654
23935
26543
22616
22617
24531
10502
16998
17442
12699
13125
20939
29762
30148
12652
14011
17752
30432
12887
17181
13581
16113
16135
30212
14348
17612
30219
13186
15452
29000
29013
12836
13012
16169
29038
15446
28619
28657
11302
22453
22545
14641
23664
23670
28405
13080
28728
28747
19094
28861
14956
13113
15193
19019
19144
12982
15118
12207
12208
23360
19136
19221
22331
22334
12014
14315
23620
27881
22514
22538
12099
12980
12504
12673
22857
22869
22414
25055
25056
22219
22255
22263
22491
24595
25067
25030
25203
26928
30348
22442
24937
13085
31149
18886
19155
31189
19218
19587
26963
22331
22424
25125
19033
31134
22528
18580
18995
31109
18127
18754
13136
18955
31087
19327
19343
13597
15964
29389
10505
10638
11405
14026
28716
10489
15427
29863
29940
18597
18612
29219
30833
12687
13083
14890
28572
28621
10510
28641
28654
15259
19093
15503
15521
23298
24767
26467
15137
22576
15245
15288
19063
31122
15241
19114
24594
14316
16824
16875
12741
12890
14910
28621
15269
22507
28866
11305
28757
28854
14934
28386
15291
15708
18970
29018
12982
15118
19205
28876
28879
28883
31121
18112
26687
30684
15427
17125
14572
14807
16308
14376
18869
19128
18656
18750
15799
30686
30794
10852
11013
10652
17360
17371
22185
19045
19343
13211
16241
16408
16785
17414
17482
17503
10543
17480
18861
30109
13948
14329
17482
30174
18971
13968
23945
29775
17636
17829
17649
30259
30260
14957
10518
17498
30208
19253
26967
17645
30280
30282
30881
14407
17612
22087
14819
28632
16689
16711
18635
29637
22301
30128
12920
12923
19258
21155
30117
11931
21137
19569
26822
26831
26833
18784
26862
11247
17797
30253
16825
17050
29738
10871
18187
17702
18676
30313
30331
19780
26675
26682
10930
10932
18089
26863
11008
11009
14223
18834
18894
31070
22262
26848
17723
17748
18630
18696
22329
31071
17746
30056
19921
20992
25149
12301
12546
13065
16904
14351
17588
17727
30235
11383
11988
15094
28795
11080
11081
10884
11023
17994
10790
18351
18828
27656
10988
11019
25297
18254
30657
30677
17771
30240
30245
30397
19242
26760
26934
31053
18889
18899
19281
19509
18843
30108
10641
18998
19476
26794
26795
10611
30997
10972
10602
18789
18833
18882
18959
31065
10891
19468
19531
19778
18015
18260
25288
30497
19580
19624
26810
26818
19520
19719
26667
11261
14396
18425
30880
10615
10801
19399
19478
26828
19338
31007
31009
19000
30986
10833
11077
11210
17906
13821
10587
18904
18923
31094
18586
29259
29260
18566
18723
15333
17077
18951
10635
14849
15016
15509
18986
18994
10709
18204
18354
30624
17629
18614
30861
30874
19793
10585
18773
18789
16016
16020
13331
28208
28215
30814
13602
15701
18539
31090
19983
25162
26765
19055
28885
19241
25182
26966
31207
18872
18873
19950
10628
19575
10583
17857
18759
28869
30957
30989
10586
10639
18859
18880
18923
19461
19470
19511
19523
13435
18482
30745
10847
18268
18670
18733
30919
11253
13443
16066
16402
18216
18218
18231
30637
10639
10807
18891
30911
31035
17816
17716
17901
30333
19072
18737
17938
17966
18116
10906
18286
18172
25297
25300
14360
17464
18851
17614
18929
30251
30933
10779
10781
18532
27924
10818
18118
30575
30599
26862
13308
14279
15744
16640
17601
23267
30293
18582
11126
11141
11175
30418
11228
17676
13462
15618
15835
29066
13548
16073
16337
17093
13390
18520
13508
15581
29087
29242
11222
17898
17904
14077
17212
14393
17677
17698
18676
16925
13758
15709
30859
18656
18949
18874
31057
10947
18578
18742
13353
16658
30755
11287
17661
17671
18350
30823
30910
30970
14396
18690
30864
18590
18598
10638
13031
15487
13610
15926
16005
16006
10780
10833
18299
18318
28667
13880
18642
18651
18685
18689
18535
29282
29300
15510
28651
10720
10750
15960
30726
10878
28869
28889
30958
18818
30912
30916
13318
15821
30785
10702
15818
29287
29292
18159
18192
18717
19449
17670
17684
30312
13981
17516
18937
15833
15861
29313
11228
11292
14350
10670
11217
18384
10671
18424
30315
17657
12920
12923
15535
15537
11230
13302
16649
16696
13861
18461
18565
28710
30904
30905
15714
30821
30872
30903
10777
18356
11188
11255
13858
13442
13494
17679
18603
29188
30875
18366
10768
30309
10765
18470
18485
30730
15555
28642
29016
15871
18485
13985
29049
10731
10773
18436
18799
19039
31043
15812
15504
15855
29312
30753
13148
10705
18582
14081
30840
30871
10954
18820
26246
26849
14081
30818
30839
12889
14703
29035
15718
15795
29273
18575
30840
13972
15709
15797
15822
15882
28156
10728
18523
10705
18591
18611
18627
30773
30862
14704
28627
28675
28689
15442
29000
29003
13405
13485
14311
18584
10704
29260
13342
29258
29261
30871
13331
14081
15961
18586
13356
18111
18732
18827
10719
10779
18501
18527
18317
30678
11236
18326
18405
30683
18499
18329
18509
15743
27802
30801
18515
18979
30803
15785
30814
30909
15717
15780
27796
30736
10821
18416
10751
18432
14177
18605
28011
30829
18098
18295
26596
30677
13336
13497
10726
10727
10728
18523
10727
13390
13317
13344
18518
13468
30804
10945
12830
14944
28730
10737
10737
13444
15825
15868
13861
15843
18389
18440
10747
10765
30712
30777
18432
30741
30768
10770
10829
13820
17654
11179
17733
17773
18844
10745
18442
11248
18385
17707
30312
11232
17697
18438
18503
10794
30679
26837
30702
30797
30971
18645
18673
15798
18402
30761
18548
19466
30960
17574
17762
18370
30543
18308
18350
26837
30799
10758
10759
11264
17610
17689
30302
18418
18415
30713
30714
30731
27819
30721
30786
30823
11269
13849
18463
29309
18437
18467
15692
18128
29190
13332
30764
30778
16750
29173
29358
19115
22332
22540
17941
18125
30466
30790
10870
14992
28733
11076
17921
18468
18625
18367
18419
30694
30672
30689
11122
11136
30360
30399
10934
18302
18322
10807
10808
10810
18510
13432
13876
29307
29336
10947
18551
30973
10811
10934
10900
10907
18195
18377
18725
30945
18407
18645
30726
13361
13861
18310
18468
18996
27013
30788
18331
27564
30733
30734
10804
18739
30966
30974
10799
10795
18324
18349
30678
10797
10800
10809
30800
10800
18349
18742
28339
18551
18498
18505
18296
18297
10811
18314
18326
10816
18747
10817
10817
18752
30689
10817
10999
14388
18752
30692
11110
18331
18557
10875
18226
18194
18221
18269
18253
30675
18288
30640
18243
18250
10872
18279
13160
14977
18729
30463
30565
30668
10833
18230
18232
18235
18207
18367
11013
18232
18261
18699
30328
10999
18118
18120
11138
17973
30471
30475
10850
10851
11045
18272
10852
11013
18240
18245
18246
10853
17970
10853
10861
10862
10862
18223
10860
10861
10863
10871
10904
30647
18228
30651
10875
18213
18225
18257
10945
14986
15502
18193
18273
10900
18145
18321
18162
18212
26791
30593
18206
18320
18131
30961
30965
10885
19738
10927
19438
10910
18179
30984
10888
10991
10888
10888
10990
17997
24980
30567
10897
10908
26679
26680
18020
18022
19734
19735
17491
17497
18836
10917
19730
18276
30638
18002
30501
10898
18169
10915
18141
30659
18190
30587
18112
26687
30615
30616
10904
10904
10916
19505
19791
30595
18352
18996
10952
10990
10952
11001
18187
18171
18178
19779
18173
18176
19788
30559
30570
30574
18289
30655
30660
14132
14237
10921
10957
18146
19754
30623
19525
19703
18132
18714
30965
30983
11000
11020
18010
30511
19795
19452
19797
19798
19505
19783
26793
26846
10948
10938
10990
18301
18317
30603
30617
30626
13101
18794
18798
10942
19444
10942
10941
10942
10948
18160
26862
30997
30998
19438
26867
28709
10947
19201
18552
18161
10962
30519
30529
11100
11156
28380
28707
11023
25026
18195
18824
19465
26791
26840
18820
30580
18878
31006
31010
31054
26666
26671
26677
19479
19485
26847
11146
17225
29983
11112
17857
11178
30527
19747
26674
18129
18203
30653
18824
26841
26845
26852
18114
18782
18820
26020
18081
19746
19778
19543
19560
19699
17814
17815
18124
18166
18212
18709
26679
31178
17895
17917
14347
18926
17309
17615
22492
30927
11179
17579
30048
17276
14281
17782
17818
11016
18004
30408
17845
17855
17858
11091
17914
14388
25695
25911
30676
17922
17981
30491
30549
30560
30591
11115
30474
18023
18026
18033
19727
18021
25300
18548
28869
10991
11023
18075
17993
30469
30473
11120
30472
30477
11054
17926
11069
11237
18433
30706
30943
18373
30452
18115
25653
11127
30417
18019
18095
18162
18212
18002
30501
30586
18716
19534
26853
18190
18203
24991
17967
18210
18224
17971
18233
17935
18263
18754
11016
11134
17561
17920
11113
11183
18006
30561
18071
30410
18011
18012
18072
24833
17889
18299
18300
30691
30554
17818
30404
17846
18039
30489
11033
11037
11033
11075
11038
11034
17959
17977
11035
11036
11036
11038
11039
18375
30342
11046
11047
18215
18233
11048
17943
11048
11050
18374
17305
17745
17821
24560
17305
17561
17740
30378
17862
17978
18338
24669
30670
30357
30483
18103
18707
30582
11159
11176
11180
11059
11060
17869
17870
11065
11068
11088
17886
30438
11088
17870
17909
11210
17892
11071
11071
17885
11109
17848
17874
17882
11088
17884
17886
30443
17582
17583
18705
30223
11130
30421
11085
17975
17908
17981
11223
11101
11086
11164
17879
11183
24929
30487
17862
30439
17862
30447
17588
17727
30237
17753
17880
17888
17897
17909
30448
11221
17913
17747
17856
30545
17868
30371
11103
17863
30430
17986
22613
24832
28709
11105
11109
11106
11106
30429
30430
11107
17847
17865
18061
17881
17858
17873
30433
17853
18072
17850
17989
18061
30475
18002
30509
11282
17536
19215
30122
18034
18050
30561
30476
30647
17989
30408
30412
17759
17825
30358
17759
30358
30432
11154
30421
18037
19728
11130
30421
17812
23981
24153
30399
17755
30433
17815
17843
14385
17732
17821
18030
30361
30372
14286
18045
30051
30066
11141
17811
18022
11147
17807
17272
30028
17318
19591
14239
30070
30071
11170
19549
29980
11147
14196
14225
17220
11155
11153
11153
11154
11155
17804
11154
17801
14944
15047
28705
11191
11218
14947
28753
24464
30056
30402
11176
17726
17849
30371
30546
11163
11170
17882
29620
29651
17788
17811
18022
19719
26803
26804
26807
13858
17616
30264
17788
17827
18024
18025
11176
17786
11251
14387
17758
17779
19549
30047
30396
17477
19251
19588
18037
30362
17628
18847
18857
19557
18009
19736
17324
24464
24346
17619
17798
18940
18048
24021
30398
18006
30487
14387
17577
17719
30336
30738
25452
25457
30221
11235
17698
30307
17724
30316
30330
11190
30345
11196
30324
11213
24823
11196
11204
11197
14357
17580
17823
17901
17905
11197
17729
17404
30126
31081
31167
17661
11251
17758
18387
30383
13366
18436
18438
18452
11211
30344
17729
17761
30352
17681
30247
30384
30326
30725
30727
30730
30737
17721
17764
17883
17890
30353
14403
30320
14723
14959
28704
18382
30711
30944
11256
15711
17587
30336
13392
15629
16787
17097
17706
11398
13200
28714
11220
17870
17909
17946
17898
17906
30342
17908
17951
14335
14362
17493
17572
17763
17766
18756
17615
22362
22492
30223
17706
17708
11262
11233
13362
13822
11238
17697
17590
17709
17715
17703
18676
18355
18416
17907
18365
17492
17606
17613
23082
14404
17675
17686
17697
13844
13885
16617
16783
17073
29669
17464
22378
23050
17700
30322
30326
30329
17832
30300
14353
30208
17669
17716
30328
13966
13998
17436
30131
13302
13868
16613
16745
17701
30329
30330
13979
29658
11259
17698
30269
30335
17930
18369
18388
30699
11398
14949
15007
28711
17649
11317
11378
13156
14748
30875
30884
17687
18620
14093
16893
16677
17641
23502
29646
13820
13825
16666
17659
18464
30752
15855
15872
16756
29329
29330
29355
29612
13353
13365
13814
16602
16620
16747
15833
15864
27749
15860
16641
18449
29612
18436
13799
13831
13804
16671
18622
29694
18420
18443
30764
16652
16746
18489
17410
22301
30102
13819
16703
29633
29676
11291
18386
18624
30896
13862
17668
29615
13362
13828
16653
16806
29106
29167
29705
11291
14401
13863
14402
25003
26971
26974
24602
27155
27169
27170
22748
24847
27033
28361
11459
22745
27047
22430
22469
25060
26571
22550
24667
26470
13090
19124
24969
24976
11507
24583
24956
25091
26574
22455
24806
22372
26746
26749
24612
24903
24959
26970
19099
11442
15129
15248
19223
13091
24820
24835
24912
12645
14451
28427
28436
14430
22604
28364
22032
25069
25234
25156
11330
22441
24630
24903
24996
25055
26483
22247
22413
19585
22383
24967
15089
15163
28795
28796
11403
12810
21963
24949
24961
26575
11326
24938
27715
15179
19158
24936
30142
15222
16943
19186
29773
19166
19231
25105
25121
11355
15213
16964
29785
11407
13092
22445
26971
25341
22396
23946
30143
22583
24898
11965
23783
23837
23913
22533
24817
25018
22416
24957
26576
27079
27091
27092
24531
24769
11438
27070
27093
27098
21068
21101
21369
25873
24667
24911
24914
26578
11480
22603
22604
19233
22308
24937
25344
29769
29783
30154
13995
22567
23607
22013
24641
25363
15166
24896
28795
21431
27122
13954
15077
27828
15114
28808
28955
13023
13169
19167
30141
11974
13988
14734
24854
13956
22385
13032
15117
15140
28804
16959
23938
24935
26750
15148
28830
28837
13158
15259
22544
14968
24981
27011
19221
22338
22469
25060
14292
28794
21431
24652
27124
11729
24752
21141
23668
23939
23959
15170
24918
11363
22588
28395
23917
24880
25963
12793
13927
23695
27866
12967
22738
22759
22417
24819
24973
24984
23643
23672
24713
19312
23938
24968
23726
23766
23908
26536
24803
24989
11399
15384
28819
28821
14668
17143
24999
25018
26481
11959
23671
24708
24712
25341
25377
31264
14713
22769
23702
23769
21111
22790
23785
27094
11518
27087
27741
28697
28698
11403
11455
17133
21963
24909
24963
24966
15105
17161
17163
24884
11626
11870
15089
12934
14001
15014
15101
24867
26580
11485
22605
11397
23774
24848
27033
25025
11745
11977
27830
13164
14988
15236
24795
15236
24824
27001
28724
28735
11393
15018
28732
13016
14994
15064
15534
14977
15037
28661
13007
15054
15249
28812
14707
14727
28561
28765
24726
24902
28758
15123
15200
26907
23620
23674
14943
22503
24825
11721
23271
27459
27470
11460
28990
12075
12779
13066
28416
15042
22507
24855
24860
24890
24891
24956
23671
23719
12598
15128
22757
12960
14982
22634
12806
17180
28763
12596
13004
14024
22530
12657
28434
12595
13208
22614
22613
22628
24756
25008
25014
27030
24409
24569
24570
24573
11532
11632
27193
27195
11732
27466
27467
11542
11554
12295
24470
11495
24502
11461
22961
24225
27233
22740
22951
28295
22742
24738
27059
27457
11797
22705
24474
22957
24453
24472
23548
24694
24720
27630
27824
12985
26747
23261
27455
27485
28100
11750
22736
11817
24147
24186
12508
12679
22675
24188
24673
24697
23937
26547
27753
22753
24237
24693
27060
12628
22431
24687
11515
24794
25014
26448
24763
24847
24905
22736
22787
27058
28336
24828
26577
27014
22645
22677
28357
24628
27149
15053
22574
24814
21111
24633
24926
26979
12266
23720
27754
27781
11500
24740
19106
28860
14685
22631
28383
24483
24723
27046
27168
24477
24739
24704
24891
24928
11505
24604
11460
11470
16808
23336
27460
27472
28109
24725
27055
27056
27064
11467
12274
24083
27598
24691
27040
27047
11483
17043
24167
23893
24139
27123
27742
12022
22014
25378
21118
24933
27743
12262
22771
23661
26993
11740
27454
27482
27605
27776
24665
25021
26445
11954
27578
27642
14736
15096
17030
22846
24711
19109
22538
25363
25726
25730
25731
23818
27757
27769
24820
24842
24916
24985
24183
24533
27081
22564
24933
25376
31262
11920
28281
28289
24783
31260
31263
31354
12005
24780
27029
28349
13185
14736
15068
28715
14477
22672
22676
22009
22036
22041
25390
14736
29889
29922
23892
23899
27118
27080
27082
27133
27508
21478
24581
24632
27507
12296
23399
28001
23888
24536
27142
27201
12570
27289
11514
21953
27190
12444
24381
24236
27150
21744
22051
24174
27532
24428
24671
24799
25009
24178
24561
24691
21926
24571
25398
22002
22166
25392
22436
24626
27128
31266
11551
27143
27145
27201
15281
24750
24563
24571
27147
24586
24591
22746
22864
28309
28336
23844
24146
27112
27118
22394
26414
27131
12601
22446
25036
25044
22701
24677
24747
21957
21961
25005
27019
22026
23842
24638
11586
27314
27315
27435
23834
27066
17161
22571
22584
24854
22616
24589
24796
27022
22471
22529
25053
22452
25038
25040
12122
23556
31158
31162
21943
22239
25213
25031
22250
22478
22479
31258
11687
24365
27522
21910
31290
24200
24227
27312
27438
11787
24376
11665
21806
21813
11796
14954
27038
24502
22601
11810
24523
24566
21945
22146
22152
22023
22049
25324
11754
22007
27147
31274
24532
27234
27241
11953
24566
24518
27228
24493
24677
24749
24263
28197
12021
24493
24501
24615
11753
12578
24604
22740
24773
28299
28334
24442
24506
27502
22936
22954
27141
27146
27151
22681
22687
28357
28391
22601
22641
24987
26469
26476
26456
26465
27077
22878
22880
11684
24385
24197
24452
27278
11576
12438
22943
24151
24193
24261
27364
12179
24202
24323
27343
27346
11586
11695
24380
27273
11571
15111
19521
28788
21746
24177
25455
27500
11730
24433
27269
12417
22929
24444
24416
27268
27291
11645
12817
19445
22911
23274
24206
27309
12423
24416
24454
27291
24416
24445
11626
11666
11865
29798
12305
27297
11591
24363
24449
27276
11713
24394
24395
11713
12456
11592
11657
24489
24742
27083
11612
12459
24405
27299
24431
24467
24513
27317
11588
11662
11589
27305
27307
12523
24506
27230
27233
24192
24393
27275
12305
11904
21945
25428
11782
21757
11635
21742
11684
24276
27295
11633
12626
11603
24201
27292
27293
22928
23275
24441
27309
12062
24201
24460
21910
24542
24552
27285
28175
24199
24528
24374
21914
24485
24500
27209
11657
22962
22931
27297
27299
12305
23022
24407
24408
11798
23338
12292
24409
27232
24200
24335
24539
27348
11630
11618
11621
11623
22713
22900
28267
28300
11622
11724
27332
27336
24356
24360
11636
24361
24375
24354
11628
29887
21765
11645
15102
29806
21966
24310
24366
25564
21453
21698
24397
24399
27302
27192
27194
24392
24424
11635
11704
11906
11889
24051
24271
23997
27706
11889
11907
11651
24320
24322
11683
21751
24302
11702
24302
15092
15093
11898
27694
11896
24275
27959
11819
27398
21362
21395
24162
25693
24204
27324
27325
27418
11946
24325
27381
21647
31313
24014
24016
11656
11890
12179
24292
27413
11697
12294
24295
11671
23499
28134
11677
23177
28136
24202
24286
11757
12362
23162
23004
23018
24518
27227
13044
17173
29806
11674
12068
23496
11851
12294
15090
15111
28783
21439
23220
23237
28132
28133
27576
27626
11694
11874
27961
12169
23460
27961
11844
12171
24314
27283
23480
23503
23512
12327
24294
27684
27956
11685
24284
27360
24324
27334
27396
22693
23040
27409
28123
24364
24382
11756
27432
27444
12624
27358
27374
27377
11847
27350
27521
11690
27306
23446
28096
28102
24422
21639
21704
21706
11768
23250
23463
28134
27416
27434
23276
24215
24222
23198
24243
24244
24258
21664
24389
11742
21707
27337
21234
11783
11719
23259
23290
23325
11972
24411
27279
28178
12377
24270
27672
11967
27669
11783
12294
24298
11843
23025
28177
23260
23296
24239
24246
22794
28066
28094
28335
24263
24442
28037
28040
22778
23254
23260
23783
24661
27824
23299
24253
27472
24195
27422
27424
27488
11750
22778
23261
12175
12486
22908
23402
27985
24436
24466
24467
22642
28323
28326
24435
24505
12276
24181
24534
21486
23896
24140
12990
15048
15250
24843
23186
24245
27609
12977
22666
23225
27223
27429
27430
11753
24585
24604
23857
23881
22791
23287
24249
24245
27592
27614
24051
24271
27700
23000
23036
23115
28145
11749
11784
29887
12631
22768
22777
28269
28128
24053
27572
27578
27640
15089
24888
12299
22719
12229
23404
21123
23281
27506
27509
22055
27130
12624
24157
24159
27390
27410
27437
12362
22720
24226
24251
27467
23231
24377
27248
28201
23446
27800
27805
28275
11938
22017
25690
25731
21411
24105
27529
11884
21422
22018
24154
24368
25439
24550
27196
21979
24543
12424
21464
24545
21559
24170
24174
21435
21460
21467
27523
21699
24367
25443
25563
24183
24533
27090
25435
25439
25553
27341
24540
25563
27520
21311
21421
25685
15086
17032
21823
21899
25456
31291
12416
25437
27196
27224
22998
24459
12313
23459
23480
23490
24390
24393
24295
11811
15112
23996
24005
21670
24307
27351
27416
11911
24344
11968
27565
27635
27359
27365
27441
27496
21227
21642
11894
23970
24113
22691
24026
27442
27655
21989
25672
21298
25637
25658
22707
27039
27154
12489
22666
12442
12573
21430
24062
27420
27512
21129
24644
24649
12345
23135
23353
23440
23468
27980
28119
21229
21686
25592
21383
21388
24109
11808
21205
24092
27069
27799
28273
24564
24593
17174
28786
29794
11923
11988
14740
28766
11897
11913
21645
23957
24657
25838
14717
22579
24834
22686
22687
28313
28328
24181
24217
24578
12213
22937
11867
27398
27403
21403
23833
23853
23867
23772
23816
23911
12444
24502
24530
27766
27769
24591
24802
22641
24809
24851
28355
28453
11880
11830
24060
11968
21222
24125
23190
21224
23830
24107
11833
11837
24038
11981
24042
11899
24025
24056
23839
23877
24213
25711
23426
24135
27579
27580
11862
11900
12267
21390
23637
24060
12267
24042
11853
24029
28131
28132
28138
22985
23216
28178
24414
28172
14458
23293
27937
28088
27634
27801
27805
28099
21701
24365
25446
21198
11895
24303
27405
11858
12353
23487
27684
12068
23196
23491
24288
11854
11855
11856
11857
11898
27688
27682
21222
12311
24029
24033
24010
11866
11868
27381
11870
17032
28955
11946
24336
27324
27405
24001
27332
14740
11872
23997
23963
23171
23179
23218
21207
23969
21226
21392
23999
12172
23185
27673
21199
21220
12028
27809
23965
27708
23961
23995
11934
21222
27539
27329
27354
27397
21408
21469
11891
24018
11907
24001
27705
11971
24078
11954
23422
24248
27415
11893
24006
24026
24290
27655
24005
24035
24040
27402
12331
24009
21716
24033
11981
12389
27698
24035
24023
24034
23167
27962
27963
27706
11917
27703
27705
23364
23441
28010
28086
24301
27393
23960
23964
23966
27664
27698
27702
23966
24011
22597
22738
22770
21121
22383
24946
25101
24647
27820
27821
27827
12794
15094
15125
23799
23817
23855
27789
21167
19194
29772
30168
23720
27781
22336
22337
22354
21097
22367
25871
21084
21173
25924
11963
23876
22013
24658
25368
24107
27549
21419
24115
25579
25706
21376
21385
21387
24148
25858
27542
21476
22026
24655
24658
21112
21400
23887
23889
23971
24127
25578
23235
12633
24075
27774
23416
23422
27592
27614
21715
24273
12309
23864
27593
27598
11955
24078
27891
27985
24284
27441
27627
12374
23397
23883
21405
25852
25854
21378
23876
25860
23422
27642
27610
13997
23803
11986
23629
22437
24699
24104
27672
24602
24759
27155
27163
22735
24124
24716
27495
23900
27763
23702
23763
23825
23837
24142
24663
21383
24109
24143
27604
23861
12188
23615
27791
27894
27994
23208
23228
13168
24651
12599
23771
28762
23406
23814
27760
22758
23650
23654
14672
24874
28783
23744
12543
23701
23713
27902
12267
24034
23836
24133
27773
23915
27713
27722
24678
26415
27178
12268
23857
21104
17122
14669
14741
28581
29855
23681
27856
29894
12802
28536
28562
12665
14674
14680
14118
16793
19122
29865
12191
23674
27884
28276
24844
24868
28785
28793
22583
24852
24898
26988
22848
27916
27920
27933
12543
23763
27930
12024
23743
23620
23679
27876
12007
29892
13835
15091
23745
29801
24887
29780
24682
27035
17020
14029
23685
12032
12040
14302
19152
14035
23738
23745
12015
14002
23750
27854
27883
28419
27882
27886
28419
12018
12086
14684
23683
23810
23811
27786
14046
29882
29906
23652
23805
21392
21667
27390
24185
24498
24525
21113
25342
31264
27202
27511
27533
17065
24065
27587
27588
27639
23280
27807
12038
12198
23554
23789
27775
12206
12211
23619
23606
23653
27902
12065
12275
23604
28256
15158
12074
23545
23568
12275
22849
28252
12047
23579
12043
12796
27909
27914
23717
27899
27912
12206
12321
23589
23592
12059
19163
28832
12120
14031
12283
23581
23587
23623
12046
23578
23577
12796
23579
23603
23576
23583
12051
22808
27923
28257
12551
12625
22777
12528
22803
27932
12075
22811
12199
23633
23641
12082
23597
24144
27137
12206
12302
13072
15178
22852
23597
23269
23285
28063
28206
12073
23571
23574
27938
12067
12217
22842
23606
23630
27919
28259
12572
22841
23595
23866
27755
27771
12257
23588
27938
12072
13305
12073
23598
12079
22836
15030
19212
22410
28750
22410
24971
28820
12085
27878
23558
29960
14421
22773
12130
23577
23581
14031
14050
19599
29803
12127
12663
14451
14641
28423
12600
12800
12879
22840
12802
13054
24834
28535
15207
15248
27014
23678
23711
13058
15207
28756
23566
12110
12123
12128
12101
12102
12104
12115
12124
23698
12106
12107
12109
12110
12108
12798
12113
12119
12124
12111
14078
12117
23678
23707
12120
12798
23553
23557
23694
29959
15120
15233
14424
14449
23555
12128
27848
23555
14421
22852
23568
23575
12230
23574
12133
23544
23546
24647
24859
24890
24894
12237
12248
15713
28943
12135
12139
12157
12138
12140
12161
12144
27979
12140
12158
12159
12181
13873
15361
16916
12157
12185
27943
27945
23477
12820
23512
27976
23519
23532
27943
12154
23141
23154
12149
23156
23494
23513
28134
23511
27972
27977
12163
23144
12242
23370
23158
23520
23528
12339
23157
23536
12160
12161
12183
27963
23144
23145
23516
23513
23515
28152
23029
23173
23495
12168
12173
23504
27689
23506
27689
23508
23509
27975
24414
27277
27282
24257
24291
27662
27960
24398
27302
12182
23407
23425
21390
27597
27640
12178
24032
23184
23960
12184
28937
29009
13171
28930
30145
27978
23439
12194
23804
23897
25360
22782
23384
23408
28018
23657
27922
28426
23424
28008
28009
12238
23383
23395
28007
23329
12211
24123
24218
27376
12316
23648
23676
27913
12201
13305
23572
12655
13019
23791
23805
27808
12237
28930
29213
30178
22773
23623
12804
23354
12285
12325
14457
22760
22836
22847
12519
22781
23285
28220
23589
23640
12281
12654
12655
23341
28183
12224
12243
14458
23403
23330
23361
23365
23151
23307
28027
22840
12323
24205
27260
28301
23131
23198
23219
28105
12256
23327
23378
12341
27939
27941
23358
23363
23394
23466
27989
28009
21886
24717
12240
12285
12325
23330
23197
28104
12545
22784
24064
24267
12325
23358
23363
28027
12258
23279
23398
12475
23394
23394
15683
28945
12250
12279
23589
28023
12263
23149
23371
23469
23283
28026
28083
23145
23167
23515
12247
12251
12432
23376
23377
12252
15484
17087
23143
23458
28006
12320
12253
23377
23149
23517
23533
23362
23375
23376
28024
27997
12264
23386
23648
23710
23367
28031
12644
27823
27885
13052
27989
28001
21157
24706
23725
23859
27750
23482
23483
23457
23639
27891
12780
22819
28241
23252
23253
23255
23265
23139
28029
28084
27593
22804
27467
27450
27453
27648
24706
24707
14028
28067
28068
23594
21220
24096
24333
23585
23307
23359
23321
24512
27193
12626
27270
14048
24345
27345
24615
23917
24879
24891
24901
23177
12566
22601
27989
28010
22959
24686
28297
28334
12570
24435
24509
23297
27455
24432
28204
12409
16818
16820
23592
22947
22955
24465
24430
24448
27263
27308
12524
12549
22827
28048
12316
12369
23371
12605
23326
23634
23645
24130
27573
27600
21447
22019
25354
25728
24033
12364
23189
23492
27999
27646
27669
23384
27986
27992
28007
23151
23302
22731
23332
23353
23367
12560
23465
27990
23188
23393
23395
13167
23364
28086
23271
27464
27505
23332
23340
28159
23030
24292
28132
12527
16901
28942
23337
28072
28221
23041
23227
23196
12333
12335
12372
12336
23120
23120
12339
12344
12343
23509
22980
23172
23236
23514
12344
12346
23368
23526
12629
23233
28060
28068
23517
23531
23169
23476
23161
23169
28154
27964
23118
22965
22979
23012
28143
28148
22966
23263
23269
23285
23084
23121
12487
23051
23529
28137
12367
12368
22962
12367
12408
23113
23151
23350
23212
28189
28209
12618
12637
23116
23841
24136
23104
23035
23000
23107
23126
23076
23340
23165
23168
23072
28180
28225
12385
28227
22971
22991
22897
23343
12400
22971
12394
23026
27704
12396
23008
23046
12402
23043
12400
22970
22971
23010
23100
23008
28025
23045
23044
23057
12402
12405
12410
23047
23074
23094
22977
28147
28164
13282
15355
16866
24402
27300
12430
27300
22931
27287
27295
24387
24394
27195
27347
24435
24443
23080
12421
22972
24456
22972
12423
12429
24439
24445
24455
24381
12439
24421
28212
23034
23080
28168
22896
23342
28224
22970
27297
23215
24306
27411
27446
23373
27947
12434
22990
12438
22941
28190
22975
22978
22993
22935
22973
22714
22716
28213
12442
28190
28193
12565
28194
12446
24409
22691
22960
23498
27442
12451
24753
28293
28296
28327
22693
23014
23183
23223
22694
12482
22892
24396
27301
12457
12488
12484
12998
22712
22716
22955
22890
22917
23019
23016
23022
22433
24610
26410
23335
28181
22683
22686
28305
23007
23008
23048
23094
22968
22979
22985
24407
12560
23133
23347
28073
23086
23129
23138
23187
28036
28053
28054
21471
21563
25362
25675
23645
28012
28014
12629
23292
23310
28092
23153
23156
23075
12554
22818
28050
12552
28061
12484
22892
22871
22883
28230
12517
22861
22986
24477
12492
12509
12493
12495
12550
14439
12509
12567
22674
22675
12500
12501
14445
12503
22859
12502
12667
14447
14469
14487
14025
22856
22873
12508
12550
22814
22921
14472
22674
14439
22860
22889
14465
14469
12564
12569
22699
22698
22699
22679
22696
22647
22673
12996
12526
22864
28266
28336
22779
28091
22828
28222
28264
22893
22961
24466
24467
22824
22910
23324
12549
28048
12640
22736
15376
16927
28940
12542
23319
28244
12530
12532
12538
22825
12571
12996
14019
28062
22854
14439
14472
12538
12664
22646
22854
12585
22557
23778
27816
27897
12804
23359
28081
12553
22825
12540
22840
22843
23388
27936
27937
23701
23719
13019
23547
13282
15155
16927
12775
15297
15385
18967
22737
27936
28018
22824
22777
23599
28053
22646
22829
23322
28051
28057
21644
21704
27394
22818
28047
28258
28261
28262
12568
22778
28089
28092
22926
22956
23334
28160
13011
28305
22945
24693
27465
12585
14674
12650
22864
28262
28305
22930
24753
12821
22872
23310
28087
12977
24433
28264
22844
22853
23604
22812
28235
12679
22647
23252
23253
23259
23312
12580
22821
28263
28269
24745
22655
22700
22705
22656
22903
22906
22908
24477
21004
22294
24585
14685
22865
14416
14432
14436
14465
22574
28692
21106
22734
24251
24520
22556
22558
28428
12597
22638
22639
28356
22618
15237
22728
24771
28389
28790
15084
22757
28790
12883
14692
13096
25051
26975
13300
14921
14998
15433
14415
14418
28513
28520
13046
14693
14718
23413
27933
28021
22395
24924
24931
25963
12778
14694
14417
14737
28452
14651
27712
27721
27725
12658
12824
16169
29038
22767
23667
23708
27883
14603
17113
28474
12622
12639
28449
17140
22570
29908
23564
23649
23692
29915
23117
23120
14684
15098
29911
29914
12648
28452
24080
24082
28004
14420
22811
22595
24768
24798
21662
27486
22739
28251
28258
24424
24062
24150
24219
24265
22000
27094
28222
14315
23675
27887
27921
28258
28269
14461
14718
28461
23428
24088
23601
22466
27072
14422
22556
22558
12663
14416
22800
22821
28265
12668
14413
22762
23670
13988
14717
22582
28790
22771
27822
28434
12648
12659
14036
12814
14411
14502
12814
28456
12766
14606
28466
28467
22813
12827
12965
14491
22609
22611
14686
28433
12694
28916
29025
12822
12799
14036
28456
12843
14496
14503
28423
28424
14452
22867
12667
12668
24400
12801
14494
24752
24782
24784
14447
12685
12831
13904
13904
13024
14468
12681
14492
14493
22872
12681
12682
12682
13219
12826
28458
12688
13219
12692
14532
14951
28448
14726
14739
28497
28500
13083
14505
12742
14521
14820
15296
15485
28956
14489
12697
12698
14928
12699
12701
12786
14498
12949
14805
16273
28630
12708
12718
13594
14877
15497
12735
14837
15015
12725
12757
14904
13194
14546
14550
14568
13577
13594
12712
12711
12715
14565
14542
12713
14564
12715
14092
16093
12728
16086
16091
12941
12720
12721
12916
16092
12722
12723
13565
16091
13564
13587
29392
14543
14559
13559
16087
29391
12731
12942
13955
14563
16084
12880
14606
14811
14966
14562
13678
15072
13062
14559
14989
12870
12908
14838
28620
14845
15561
12757
14410
15554
15495
15499
16144
18601
13015
13567
14542
28614
28615
28657
14853
15498
28672
12757
14514
14900
12950
14507
14901
14565
12875
14744
28533
28546
12751
14567
14775
16275
12870
14810
15060
28658
12941
13033
14610
14612
14786
12767
12871
13749
13300
14998
28741
12754
12758
12932
12902
14841
14900
15561
14691
14711
14951
14559
12825
14521
14622
14631
14554
16275
28466
12762
12764
12913
12871
13749
14538
13752
14578
28496
12859
14612
14775
28475
29412
12770
12774
14103
13754
12772
12774
16278
12774
16278
17094
15193
18953
28965
12812
29955
14666
22555
14451
28436
23566
14049
23563
29959
12783
14621
12835
12812
17134
28527
14505
14526
14525
14541
14623
13208
22614
22626
22634
28379
12975
12997
14978
22611
14464
14465
14467
12828
27813
22564
28443
17163
27831
27832
13032
15685
16863
17145
23411
23790
27813
12801
14922
28451
15104
15514
14519
14520
14634
23314
12809
29962
13056
15086
17131
14450
14045
17192
20002
28523
14418
14725
14016
29961
14644
17191
28525
12822
14737
14999
15002
28712
28760
14697
14975
15049
29877
14672
15111
28783
13007
15085
28763
28766
12839
13034
15263
23453
23462
23480
14470
22873
23563
15297
15340
15485
14522
14506
14470
23884
27772
27813
14606
14810
28466
28606
15018
15037
28663
28458
14619
14624
14628
28467
14496
14534
13131
17042
29805
14656
14692
12873
13070
28914
22579
27863
28417
22634
28378
13034
15063
28813
14535
28506
14669
14742
17023
14615
14762
17150
16850
17050
17126
29733
14798
16250
28585
14538
14658
14591
12851
16250
28594
14868
16077
16168
13624
14754
14828
15378
15381
16820
14762
17128
17020
23742
12868
17110
14586
14760
28487
28587
13999
17092
29865
14552
14658
28462
12864
13606
17111
13561
16262
16286
29417
16847
12866
15612
16197
16249
13205
14772
28475
13447
15578
15586
16133
29848
16218
16248
16408
14700
14812
14596
16272
13453
14859
14882
12939
14022
29024
14550
14791
14895
16084
12880
14757
28531
12994
15410
28925
14599
14635
14070
14602
14417
28451
14825
14761
14774
28531
29852
14657
14766
28506
14793
14932
15060
28658
14650
14651
28441
14782
14795
28601
28978
29927
14085
14856
17182
28625
28674
28620
28669
28672
14747
28571
28579
15054
15506
28769
14837
14932
14850
15035
28729
14061
19929
12988
13975
15542
14646
29871
29875
14878
15497
14855
17193
28501
13678
13973
15072
12958
14038
15511
14818
15561
28624
16183
16231
14083
14893
14896
28633
13211
14091
15448
16184
15281
24777
24792
13193
13201
15364
28941
13026
14802
14831
14419
14673
13076
14522
14919
15047
28702
28705
13552
13563
16115
14851
12917
13577
14874
28633
28641
28652
12918
13190
13573
14881
13207
16106
13206
12925
12957
12923
15540
15607
14872
15436
15496
15508
14893
14896
13304
14957
14867
15496
28643
28648
12945
13014
15507
13203
14877
14894
16107
14911
14981
28616
29008
13932
14889
15540
15607
14563
13955
14513
14971
14974
14548
16539
28478
28484
13062
14538
15513
15569
13031
14965
28682
12946
13291
29028
13500
13031
15487
14907
15028
28683
13014
13080
12954
15491
28913
15500
15503
13567
16143
28638
14511
12953
13076
14536
12959
12994
15454
15481
13213
14510
15527
28656
15518
15542
29043
13022
12963
12966
14043
22613
24832
28692
12964
22632
22632
14483
14493
14982
22568
22599
22765
14987
15035
28666
28732
22564
23560
28446
15276
26906
22586
22810
15073
15093
22572
27832
14993
15001
15232
15013
15260
15262
28461
22669
22670
22672
22676
22695
14653
14693
14718
23565
14702
13059
15515
15394
15716
28919
29047
12993
15406
28915
29020
26907
28821
15519
13293
28906
28914
29045
29043
15134
19229
24838
24972
13007
15057
15197
15208
15234
19138
22577
24831
24835
14022
14119
29024
13035
15432
28438
28058
13053
28366
28372
28430
15242
19114
28867
15478
15506
28768
31370
14701
14705
14854
16164
14986
15232
28712
14981
15534
28745
28747
15001
28738
15125
13095
15273
22504
24590
24596
24999
15530
15602
29078
22661
22686
28312
15390
13181
14746
15483
16798
15500
14566
14903
14904
13160
15037
28861
14024
15243
26998
28755
28025
15124
15139
15248
15272
13164
15235
22503
27001
16979
30166
14455
14456
14547
14611
28470
28612
14812
14861
28552
24905
24906
28355
22795
28067
15541
29061
29093
29234
13214
15279
15282
28870
15255
28805
14910
15230
13081
28742
28917
14834
14923
15522
28680
14819
14841
14849
14901
13149
13177
28993
29037
15154
22304
31166
16814
28796
28798
28953
13983
15109
28803
28954
22503
27004
28715
24721
27045
28322
15083
28765
14519
14631
14632
14724
14455
14468
28437
13174
15256
28806
25804
25808
17019
23733
27831
29796
13063
15119
15410
28343
23330
23361
14478
14722
19689
28538
14743
17168
15054
28772
15340
15473
19212
28750
28751
15247
19170
13068
15116
15416
13555
28661
14989
15041
13109
19195
31100
15155
16816
28946
22760
28248
28416
13296
28957
28959
28962
15121
15473
16798
14292
15166
15209
24940
13291
13879
28906
13214
28722
13956
19161
19167
15374
19147
15494
28969
23929
24873
24882
26987
14541
24240
24254
27595
27620
22560
22561
22589
22744
22557
22639
28727
28745
15043
28743
29041
14490
14939
14946
14498
14531
15277
26929
29880
31148
15480
16903
18946
19062
13126
15194
28824
28834
19125
15339
15476
19138
25054
25083
24764
24839
24850
22504
24819
26971
15464
15319
28896
19101
25053
13266
13409
15324
19025
19335
26932
13103
15962
29046
16134
18982
19054
18997
19034
15515
28904
13118
13272
29097
19073
19074
19089
19168
19265
15162
17026
28798
28802
15208
15247
19138
13970
18917
18939
31098
18912
18916
31101
15363
19184
31171
16933
19186
28933
29760
13950
14302
19152
31171
15225
19126
31105
15254
15298
19007
19242
19587
26934
31208
15420
28977
28980
13142
15681
15713
28945
15611
29089
29093
16694
16899
18965
18907
19011
19016
16894
17468
22012
22061
21122
22385
30143
15383
19126
22412
28841
19027
13209
18921
29170
13198
15351
31168
15167
17021
27839
13145
13271
13388
29054
13634
14119
15471
28994
13297
15400
28919
28926
15113
29795
15300
15337
19067
31120
15282
15314
15528
28900
24446
22445
24975
24986
26470
18905
30888
15115
17043
28803
28990
18902
31089
31095
15288
19144
31106
29145
29146
29233
15553
15577
29097
16821
28942
29118
13942
14339
16852
17456
14093
16843
16970
13170
13230
15349
15361
16916
19019
14331
18614
18658
13177
14890
17130
13170
15593
15746
29367
30248
15723
18687
18903
15671
16889
18639
29115
15397
15710
15755
30845
13258
15689
16236
17133
28989
15436
15666
28994
29013
15270
19230
15370
15677
29116
29168
15502
15163
28794
28796
28800
14746
15070
15417
28966
14943
24796
22238
22247
25062
25064
15240
27000
27942
28023
15107
15227
19167
22385
22386
29244
29368
15353
16912
16916
13193
15414
28960
13204
15565
29249
15151
16900
28949
15638
15668
15756
16755
15150
28579
28817
28998
29039
15364
15381
15642
15364
15415
15684
13633
15283
19103
29044
15412
28579
28817
15633
28988
28991
29737
15556
15775
16097
16131
13406
18615
29211
29212
14764
15108
29922
15489
16185
28596
13756
29447
13772
14816
28598
15011
15516
15523
13261
14898
29120
29122
29177
29665
15375
14785
29415
14514
15136
15229
24819
24973
14113
17125
15172
19150
28825
15356
16918
18948
28931
28752
28760
15382
16902
28959
15531
18574
13261
13388
15564
15749
16251
17118
15533
15568
14871
28653
28378
15358
20939
28970
13482
29400
13233
16179
13364
29223
29242
29374
14511
13600
16180
16395
13476
15927
15944
16138
15292
15563
16926
29152
15543
29137
29144
29231
14492
13307
13572
14876
13453
14860
16105
28649
16426
29347
29348
13311
13715
16180
16211
15662
15754
15878
13228
15963
29088
29246
13232
15650
16712
16778
15631
15641
13338
18604
29233
15643
15914
29418
13310
15593
15937
13951
14782
16240
15888
16238
29171
15627
16193
16411
15421
17107
29849
16224
29572
29576
29718
13566
16302
29466
15295
15715
18966
14599
14610
15622
15627
15628
16785
29169
29178
29644
14023
15889
16615
16911
13448
16141
29056
13249
13846
15930
16420
15653
15895
29342
29353
16049
13810
16562
18845
16294
29455
16442
16070
16328
16291
16293
15936
16432
16479
29424
16007
13411
15832
15886
29341
15220
16195
29252
29351
13277
16929
13897
16600
15679
28980
15682
15690
16776
29691
13663
13671
14083
14894
15862
18462
18669
29154
16563
16736
29571
29575
15938
16213
16221
29420
15928
13575
15330
16170
14091
14800
14815
16172
16790
29842
29849
15305
28910
15261
15532
29065
29244
15583
18978
29046
15206
19137
31196
22640
22650
24774
14638
14940
13296
15404
15423
16788
29668
13892
13946
29714
29717
13869
30894
30895
15687
15690
16687
18459
13358
15898
18110
29605
15372
15376
16652
16658
18646
29600
15688
16905
17645
30281
13360
16681
16684
29187
18690
30860
30904
29254
29264
29295
30841
13869
14352
19193
13628
16433
29511
13462
15592
29071
29073
15454
29027
16141
16226
29055
15322
15326
29040
18910
19015
29381
19016
15382
15599
15457
15659
29227
15836
18475
29201
16722
17091
19005
29744
15031
15041
13845
15918
13373
15455
15535
15540
15503
23571
16860
29630
30297
13423
15770
15777
13447
13590
16261
29413
13449
16099
29067
13915
16178
16249
15782
18726
18995
30964
15865
29279
29301
13395
29594
29271
29272
29278
30903
13342
15808
18521
15990
18492
18493
13337
13698
15831
18479
15803
18541
19049
13454
15778
19049
13324
18587
13479
15171
15758
18593
18777
29256
15768
15814
15968
16195
13694
15956
16637
16659
18622
29609
13491
15808
13346
29296
29156
29162
29247
15961
18538
18441
30750
13985
15558
29051
13345
29254
30811
15744
15779
18553
15991
15830
15865
15605
29075
29248
13340
13585
13348
15831
22469
24965
25091
26572
13491
15808
15983
29152
29262
30802
13357
15807
15982
13433
13491
18518
18777
18479
15821
29288
29314
16657
16658
18451
29315
14399
30290
18561
30787
30908
15984
15898
29606
15712
17830
29187
29188
16681
29188
30884
13415
18406
18473
16665
13822
16696
13558
15605
29231
16654
16658
18451
18443
18467
13479
13934
18592
30809
30819
15480
18909
15806
16128
16154
16204
13410
29308
29315
30755
13885
16696
13853
15429
14776
14840
16246
28973
15942
16193
29423
13508
15589
15661
29064
29293
15668
15721
16172
16411
29288
29294
13382
15915
13853
13434
13596
15887
13455
18470
18474
13621
15937
18542
29372
13390
15917
18444
29193
29334
15579
16099
13596
16407
16640
18621
29609
16712
16778
18576
29728
29730
13419
15767
15924
15952
13699
16629
13404
15857
15869
29575
16619
16640
16651
13815
29595
29596
13401
16610
29597
13414
13803
16433
15842
16100
16131
15869
15916
18429
14279
14518
15800
18964
18970
13679
15908
16436
29360
14730
17159
29934
29936
13575
16196
28912
15595
18449
29611
15873
15874
29331
15643
15896
15929
16768
13452
15892
15929
15934
16479
16639
18420
18467
18473
15891
15927
15943
29511
15909
17035
13677
16435
13610
15926
15873
15876
15913
16407
13596
15886
15915
13843
15885
15950
13911
15738
16436
29360
15560
15748
15763
29070
13437
15926
13867
15899
13815
29594
13431
16422
16610
13663
29598
30749
30765
17676
29604
29608
13609
16387
15927
16385
29511
15565
15703
15746
29066
13488
15976
29372
13457
29370
15957
15986
13694
29370
16024
16025
18481
18486
30777
18493
29297
30767
15907
29082
29404
15735
29058
15977
18559
29057
15939
29367
13480
15594
16154
16204
15890
16190
29101
14884
15774
15804
18408
18476
30774
16390
16398
15980
15982
13934
15759
15778
19049
13466
18560
18657
31037
16005
15698
30837
18487
18507
18516
29300
13628
16433
29516
15985
15984
15926
15927
15944
29345
18521
15582
15735
29368
13495
13511
13487
13510
13475
13483
16151
15996
16001
16385
13482
13579
15945
15949
15838
30870
15565
29244
16057
16111
16136
16135
16158
13580
29376
29380
14720
15600
29376
29377
15976
15975
29373
16112
16140
13977
13506
15977
29057
13616
13626
15967
13497
15956
16405
15955
13691
16059
13537
29505
16322
16501
16535
16025
13523
13524
16030
16355
16434
15979
13644
16284
29454
29092
29242
15380
15429
15823
13513
13514
16024
16025
13617
13523
16401
13554
13611
16061
16029
18153
13661
18153
13934
30812
29377
15966
15989
14761
28497
28502
16032
16383
13526
13527
13539
13917
16026
16405
13664
13533
13534
13535
13539
13538
13535
13536
13712
29485
29500
13918
13542
13543
13617
16058
13680
16280
29448
16327
16021
16402
16067
29461
13644
13693
29506
14638
14994
15037
16506
14560
15672
15741
29248
13569
15935
16558
29141
29722
14868
16076
16090
14576
15439
28478
16094
13568
16080
29392
29392
13571
29390
13573
13574
13576
14876
14881
16107
15533
14898
16054
16108
16149
15974
29377
13583
13587
16126
13586
16063
13613
16110
29386
15837
16074
18154
13752
14578
14770
14870
15663
29138
14807
14852
16165
13602
13646
29229
14857
16096
14558
14860
15450
28643
29388
16055
16061
15975
16114
16155
16163
15830
13707
29276
13714
15701
29154
16319
16768
29418
29574
15472
28925
28992
15630
17111
15462
15499
29028
16148
16009
16391
13908
13911
15774
15863
15958
14530
14952
14969
24876
15939
15944
15949
16065
15812
16260
16559
16777
29562
29059
29062
29082
15762
18559
29055
13772
14755
16174
13917
15944
15999
16318
16322
16398
16052
18547
18575
30817
30820
14338
19171
16182
16186
16230
16307
15520
16196
28912
14022
28913
13776
16736
14481
13806
13808
16924
29715
16235
29683
29687
29710
13642
13893
13768
16340
16486
29494
16306
16323
16853
13893
16348
16325
16359
16361
17093
29451
13743
29499
13739
13833
15701
13653
29496
29480
29491
29504
13723
29453
16310
16338
16538
29498
13875
16412
16509
17118
17093
29454
29498
16304
13655
13656
13748
16349
16053
16376
13659
16356
16357
29489
13696
16053
16017
29379
13795
13914
13666
13667
13669
16050
13673
16404
15931
13717
16409
16424
16435
16404
29519
13677
16435
29515
13687
13717
16392
14549
13843
15907
16289
13758
15669
29209
29214
16452
16509
29430
16363
13689
16010
29520
29525
29527
13767
16587
13809
18634
29672
29511
16113
29385
14507
16080
15907
29596
13712
29488
17051
29719
29847
15831
29289
29303
16617
13974
18981
18450
29318
13782
29566
13728
13734
29528
29528
29536
29153
29159
29205
29537
29499
16332
16317
16460
16500
13739
15709
29204
13915
16424
13743
14086
16498
13725
16511
13746
16296
16466
29432
16501
16547
16573
29555
16502
14086
16513
29542
29543
13905
16522
13745
16580
16454
13729
29557
13733
13764
16526
13811
16731
29578
29585
13762
13763
16582
13780
16524
13734
16487
17103
17119
29562
29567
29547
16522
16527
13764
13758
15669
16937
13742
16512
13745
16490
29544
29548
13907
16520
16535
16072
16281
16313
14610
13920
14112
14765
14773
14579
14580
29436
29449
14108
29394
13837
13763
17106
13765
14077
17208
14104
16541
14582
16256
16537
17096
16564
29723
16498
29497
16255
16551
16552
16542
16543
17098
16994
17063
27841
14828
28598
17110
17115
14824
17086
17116
19165
13921
17100
29833
13783
29554
29578
18691
29574
29576
29725
16483
16311
16479
16766
13784
16581
13894
17120
29847
29586
16438
16460
17290
16450
29537
16410
16647
29686
29690
15739
29050
29078
29235
14848
15503
28656
16565
29592
29685
16646
16683
16923
29696
15325
15399
15697
29227
16604
16607
16611
16635
13798
16430
16628
13928
16625
16441
16463
16606
29524
16447
16576
16477
13846
16420
29512
15678
16637
29633
13862
16632
16784
17769
19046
29568
29702
16782
17072
16740
16781
29671
16697
16771
29552
29563
29587
13842
16741
29685
13817
16605
16637
16673
13845
13888
18531
18545
15890
15906
18619
17688
13827
13825
17688
16664
16660
16591
16622
13836
15710
18616
29210
16595
16626
23705
23762
24883
16650
15710
15789
13886
13841
16591
16603
16742
16749
16415
13860
15922
15839
16760
29631
29634
15844
29601
29604
29608
15849
30752
30772
18477
18398
30335
13855
15826
29290
15691
15712
18603
18684
18629
29616
29617
15854
15858
16641
30771
14393
18630
13979
16661
18451
16650
16745
16686
16685
17831
29636
30301
18543
29278
30828
30835
14102
18429
29317
19193
18631
30893
28647
29016
29021
29099
15194
15215
15383
28841
15694
28937
18390
18435
18930
30937
16255
15853
15870
30765
14332
17646
30300
17460
29648
30299
15045
28903
18730
17674
16518
19056
19100
29431
17408
17461
30171
16595
16686
18427
18234
18540
16517
16521
16524
16582
29661
29669
16346
16739
14082
16894
17459
29534
16748
29591
18453
18684
18730
16268
16560
14860
16146
28635
15914
16787
29420
29429
29719
14501
28458
14594
14865
16520
16034
16055
16513
16514
16517
14400
16704
17831
30301
15770
13919
14784
15630
28986
16759
19171
16614
16179
16193
18170
28974
28986
17094
17104
15346
19054
19098
28898
15399
29208
29238
29251
16739
29588
16328
16367
16118
17136
17161
27865
16621
14316
16797
16812
16813
16845
16881
17003
16724
16727
16865
29754
15558
16078
16302
29463
18546
16868
16907
29764
30146
15371
16922
29790
14335
14345
18942
17463
19571
22378
22506
17480
19192
30098
30109
14320
19174
13980
16795
17029
29868
14331
16118
16830
17060
29813
14305
29663
29713
16715
16764
29698
29748
16920
16940
30163
16980
19141
28835
14777
18913
31177
31214
31247
14529
14532
17033
29815
30142
16917
19178
19265
16969
16975
17011
16818
16828
16835
16876
23949
21115
23923
25964
24172
27360
27371
27432
13964
16983
17063
29767
17406
17503
30152
14307
16971
16999
14325
16987
16947
23910
24922
15159
15362
29095
14000
16839
17002
18606
29185
14569
15521
16148
16876
17003
15977
18559
14087
15744
18584
18993
29634
16811
29865
17599
30226
30173
30195
17127
28803
29825
29827
29053
23763
27904
27905
17420
17427
17440
22575
22579
14002
17069
17154
23730
16985
16990
27841
23756
23951
14296
21142
23941
15149
28833
29777
23303
23699
17061
27860
15112
23811
27786
30153
30156
29742
29825
29830
16837
17048
17056
28681
23744
22678
23587
23630
21145
25807
17147
29811
15135
23935
24797
24949
14527
14627
21415
21427
21750
25586
14934
14157
15779
18590
27958
14735
15164
28559
28565
14054
29903
29909
28527
14058
14646
17178
29918
22823
15418
19188
28794
28800
17158
29934
15732
15657
15906
27003
28712
22643
22682
15042
28738
16953
16986
16987
21181
23137
27852
14034
29891
29933
17040
14046
29890
17065
23734
23740
14039
14041
15022
28748
14040
14042
14042
14945
22632
28374
14660
14688
29930
17196
20002
29897
24200
24209
23621
14076
29961
14078
23548
17155
17187
17138
15079
14061
14925
14061
14069
28403
28440
29960
19877
22566
24845
24889
27830
14071
14073
28522
28475
14101
14644
28512
28518
14701
28625
28679
29035
17069
17142
23730
29814
22795
22966
23312
18588
17485
30191
14858
14898
16870
16895
17467
29746
29541
14263
15779
18973
17056
29807
16835
16846
17467
29750
16172
16885
15070
15494
28990
28462
28463
28982
28985
29112
17466
17499
18940
16320
16479
16493
15281
24760
24777
14109
16523
16525
14769
16266
16329
16693
14597
14789
14852
28638
14308
16519
17096
29966
16507
29553
29835
29846
19928
17105
29965
14660
14829
14853
14905
15258
15312
19101
17145
29899
29939
15441
17209
29836
14129
17226
19713
17239
17239
17245
17225
17320
14281
17320
29969
29978
14390
29975
30051
30066
29981
17342
30022
30029
14253
30067
30070
19549
29974
14239
18931
30242
30251
14272
19667
19695
26712
14207
26700
19582
22300
26776
30015
18013
18168
18174
14144
19686
19763
19654
26691
14146
14242
14149
14150
14154
14198
14215
19626
14152
19654
14209
17337
17338
30080
14202
14255
14244
30070
14177
18598
14159
14160
14173
14161
20953
14162
14172
14164
20933
14172
14167
14168
14273
14169
14195
20792
17262
19884
29985
14188
14179
20791
14189
17230
19645
17233
19915
14268
15776
20796
20794
26593
19882
20139
22206
26625
19870
19895
14261
26037
20872
20878
21372
20667
25961
31227
19883
20015
19701
29985
17232
17268
14200
17274
29995
14230
17261
29990
29983
14255
17235
17256
26734
14200
17400
25955
29994
14235
17268
31227
14255
17254
19657
26706
19653
19659
14243
17228
17335
29971
26724
26727
31102
19708
26701
17394
21772
30087
14373
17363
19494
19662
26738
26885
14212
14213
14235
29994
17294
17338
17272
14219
17265
30002
14270
17250
30027
17398
21289
30003
30076
14275
17274
17400
14232
17272
20729
19903
19910
25970
25973
18959
31056
31058
17218
14281
17369
30228
31071
17286
19564
30021
30033
14365
17546
30047
14247
30078
30079
20788
17262
21264
29984
17248
18854
30889
30894
14245
17253
29995
14255
17242
14238
17546
14239
17318
14244
19591
18069
30050
30057
17245
14390
17300
30041
17349
17250
19593
17349
30075
26673
30498
17281
19264
19269
31200
17362
30001
19245
19260
19261
25115
17350
30032
30040
17370
30081
20949
21264
26605
19658
20619
20803
21194
25914
17292
19244
19581
30103
19930
19956
19958
21009
21152
22368
25902
18558
30838
22296
25138
25161
26512
17271
20619
17513
17642
20926
20932
25927
31387
14873
18596
28011
18936
30231
17287
19277
19641
19807
19931
26733
19597
26728
20929
25938
25958
17271
17367
14285
14367
31240
14368
30088
30160
22293
29091
30842
18884
31065
31084
17224
20951
20952
20972
20996
22305
14297
17417
17474
19271
19552
31059
31062
17355
17359
30067
17383
17422
30105
30122
20986
22291
21175
22298
30137
31345
17234
21134
21138
25806
15213
28831
17425
25900
26967
19232
25116
22396
23943
25828
21143
23930
22308
22370
25107
16725
17605
19215
30096
17442
29766
16972
28829
15186
19146
19195
15219
19221
19233
22469
14321
14343
17425
19169
19182
19302
16908
16953
16956
22581
23685
17536
30158
14337
14346
14518
18913
31177
31193
19175
22385
22386
17085
29859
29940
23612
16825
16862
16842
16962
17005
17014
14326
18860
31101
16973
17455
17421
20964
17413
19174
30120
17382
30107
30210
30229
21144
21175
22391
17421
17439
17438
17442
29127
31101
31103
17356
30081
30083
14345
30172
30186
30196
30170
30176
17451
17799
30296
16851
16931
17452
14344
15694
18950
18627
18661
18934
30876
14362
17002
15602
15752
16758
16857
29622
16867
15227
16963
24940
16774
17794
17832
16713
29621
29755
17477
19251
31242
18946
19145
17448
17461
14427
14551
15600
18834
19274
31060
17545
17549
17736
17783
30392
18678
30275
30920
17622
30258
17592
30262
17646
17650
18940
17507
17631
30220
17823
30379
30393
16913
29759
30146
30185
17793
30470
30556
22942
30934
17556
17736
17497
30196
17355
17359
17508
22362
22480
30223
17322
17781
18681
18847
18933
19625
31062
17372
30082
19700
19803
30072
17512
19248
31078
17543
18842
17337
17364
21289
17354
17544
31071
30939
30945
30950
19134
19189
19250
19245
19578
26775
17399
20966
17364
17366
17368
21289
19630
19963
22289
29996
30363
30369
30556
18677
18847
30921
30481
30569
18031
17717
17867
17897
17289
30062
30068
17750
18097
31062
31064
29971
17636
17647
17800
17748
30316
17797
17829
17465
17524
18654
30891
16718
29622
29755
17498
17606
17643
30253
17610
18458
30283
16704
17795
14403
14409
14404
17680
15691
15712
29183
29192
17660
17669
17687
17360
22131
30201
17672
30317
29640
14556
14847
15437
28503
14451
14452
28455
14424
22564
28403
17134
28512
28518
28450
28519
14440
14426
14449
14682
22853
14423
22837
14426
23567
14426
14433
14435
14659
29079
14432
22835
14648
14650
28441
22631
28364
22834
14682
14437
29076
29235
29243
14680
14682
14443
22838
22674
14444
22563
28424
28432
14444
14445
14447
22857
14681
28430
28431
14674
22589
22658
22751
27031
23561
28517
28444
28449
28365
28407
28427
28364
28435
14465
22850
28252
28367
28360
28427
28447
14500
28460
22574
28343
14464
14484
14486
28459
14467
14494
14472
14487
14475
14477
22673
14479
14494
14478
14479
22607
14482
14484
14489
14491
14490
14492
28457
14509
14525
14533
14529
14533
14498
14504
14531
14525
14506
14501
28457
14503
14693
14637
14506
14528
14508
14513
14514
14517
14515
14928
14515
14970
14522
14524
29091
29235
14534
14927
14927
14526
14935
28685
14531
14710
28690
14653
14535
14535
14643
14724
14537
14539
14538
14540
14541
14623
14543
14565
14806
14785
14817
28477
14546
14553
14560
14759
16269
14567
14598
28613
14569
14570
14571
14659
15606
29048
14555
14863
14568
15439
28477
14817
28477
14851
14625
14813
28468
14806
14863
15437
29415
14799
28478
14785
15449
16086
14791
15449
14769
28482
14574
14596
14575
14607
14577
16272
16258
17094
14580
28480
14587
14664
14759
14798
14583
28495
28489
28490
14588
17095
14591
28494
14772
28488
28586
28486
28494
14773
14590
29966
14593
28493
14602
28471
28502
14604
15493
14607
14763
14768
29856
16272
14790
14807
16539
16539
28476
28610
14786
14601
14608
17113
14609
14614
17201
17203
29967
14728
28530
29943
29951
14865
14616
28499
16269
14726
14739
14616
17135
29851
29940
14617
28521
17183
28501
14724
14621
14623
14724
14628
14645
14966
14817
14863
14732
23682
28441
14971
28685
28686
14632
14924
17158
29952
28539
28541
28565
28685
28687
14703
14634
14854
28549
14691
14856
14856
28662
14930
28509
28541
28562
14666
28408
22658
22751
28290
28504
28508
17169
14825
28549
17158
28537
14719
17129
17179
28538
17178
28516
29920
14732
14930
23682
28544
28516
17176
22555
28440
14654
14951
14656
14657
14864
15573
15761
29852
29951
14726
28529
28547
28510
14763
29855
29857
14730
29870
29872
28519
28520
14687
23682
28536
15078
28780
29873
14670
14738
15074
28781
14714
18650
29145
29235
17165
29802
29960
23559
29919
29955
29956
14679
17177
22723
24771
28352
14694
17177
28431
23564
27869
27875
22560
22561
23691
22558
28439
14687
28544
14716
16083
28486
28492
14691
14706
28542
14705
14812
14966
28555
28671
17007
28548
28554
28555
14733
15062
15164
28669
28679
28688
14921
15230
15498
28670
28618
28672
28689
15052
28771
15030
15061
14924
28676
14814
14924
28676
14706
14711
28560
28566
15069
15092
15514
14969
24876
28566
14723
15038
28704
28768
15038
15075
28696
15033
24876
17177
28401
28429
23772
23777
27821
15800
15834
30841
15056
28359
28761
17177
28401
28534
29920
29921
15791
15800
29239
17136
23669
23695
27870
29875
29912
24830
14731
14764
15067
17164
28398
28785
14821
28498
14824
29867
29869
14822
14733
29873
17176
28567
15078
15475
15087
22579
27865
15074
28781
17013
14748
17090
14761
28473
17032
14756
29853
14780
28580
28989
29910
29932
29933
14756
28559
17141
29925
16878
28775
28580
28972
14750
14755
14839
28570
14751
16174
29023
15422
15428
28571
14823
14830
28574
28577
15071
15150
28972
14755
14801
28575
14833
28532
14861
14759
14798
28612
14774
28482
28588
28472
16540
29856
14774
29852
15080
29950
29964
17164
17112
29856
16271
16258
28482
28489
17095
28493
28490
28588
29964
28470
14794
15667
16571
15421
16240
17107
15630
17117
15634
17036
28985
29109
14783
28589
28592
15444
28595
28601
28974
14795
14840
14824
16253
17023
16757
29842
16273
14788
14793
14797
28609
14789
14809
14790
15447
14794
28610
28636
29416
16165
16329
14809
16247
28587
16241
28597
14797
14801
14828
28608
28605
28658
28581
16275
28476
28477
15463
15489
14802
14838
14803
28574
14861
28607
14840
17111
28595
14847
16143
16247
14851
14869
16143
14811
28604
14812
14861
14863
28462
14818
14820
28463
15489
16184
16755
14866
14883
16185
28469
28464
28627
14845
28655
14900
28687
17196
15074
29870
29936
28581
17108
14966
28548
28519
15428
17123
29707
15667
28617
29037
28578
28581
28557
28573
28620
14883
14932
28673
14839
14883
28673
14909
14912
15465
15477
28772
15409
15431
15483
28778
14888
28658
28673
14890
17130
14929
28684
15470
28625
28680
14853
15446
15498
28619
28623
28650
15554
28632
14848
15509
28614
28468
28651
28654
14933
14967
15035
28660
16160
28637
17007
29035
28522
14858
14859
28631
14862
16096
28639
28634
28631
28633
16268
14869
15450
15450
16185
16085
29417
14932
15551
16261
29011
15495
15513
29005
15435
29004
18579
27958
28653
14876
14878
14879
16104
29405
14886
14885
14885
15550
18978
29017
29022
29089
14882
14894
14884
15508
28645
29405
14889
15549
14963
15171
18471
18593
15015
15468
15497
28617
14893
14897
28640
28639
29415
14898
14904
14916
15487
28655
14903
28655
15554
28619
28623
29034
14998
15021
15022
28668
15008
15523
15534
15446
15522
28616
15230
15019
28615
28747
14931
15501
14996
28739
28760
15052
15478
28699
28771
15021
15267
28735
15437
15554
16265
15040
15528
28722
15501
28680
28702
28736
14976
15006
28695
28670
28677
28767
15230
29036
15512
28625
28675
28671
19841
19929
23691
29918
29919
28685
28681
28542
14998
28670
28737
15016
15505
28684
28376
28377
14938
14937
14958
14974
14938
14955
15006
14939
14941
28385
14941
14942
14958
14955
28380
22621
22625
28709
28713
28380
22611
28373
28385
15051
28693
28704
14959
15053
14960
22633
28703
22637
15056
15059
22637
24721
24778
24782
24784
22707
27042
14958
28705
15009
28662
22623
15050
22623
28696
22550
26465
26470
15055
15065
28759
28769
15010
18517
29258
24788
28660
15229
24828
27012
28761
28678
15004
15501
15017
28731
15014
16164
28563
28565
15033
15470
22608
28366
14982
22628
22630
14985
15502
22628
28666
28732
14984
22629
24827
14985
22530
14986
14991
28665
22625
28462
15061
15210
15246
28750
14992
15232
14993
14997
28733
15008
28731
15058
28706
28713
15000
15001
15008
15523
15313
24793
27003
28717
15313
15523
28724
15064
28706
28735
15268
24813
28721
28751
15243
24814
15081
15183
29261
28727
15026
15267
15517
28744
15023
15516
28662
28641
28665
15028
28683
28745
15064
28616
28657
15045
15316
28908
28744
15490
28657
15027
28727
15542
28728
28713
28714
28760
15231
15518
28728
15262
15519
28728
15267
15534
28724
28735
15032
15141
15055
28813
28814
15249
28812
15052
15075
15506
28771
29877
28683
15049
15506
28764
15050
15478
15043
15044
28743
15517
28743
15043
15432
15061
15210
28740
28742
28917
22591
24851
28694
15139
24829
28754
28563
28564
28693
28704
28753
28759
15470
22612
28763
28741
28359
28438
15085
16951
15501
28700
28737
28690
28691
28465
28618
15475
28776
28779
15409
28730
15411
24800
24904
27016
27018
15088
28774
15146
17043
15104
28398
28787
15115
16878
15445
28577
15093
27867
28787
15478
24876
17061
23663
23747
15090
29805
17180
28564
17128
29858
29859
28780
29873
29922
15099
15802
15959
23669
23677
28413
17032
28766
22577
28397
28402
28785
28777
24834
27867
28787
16878
28777
29804
24883
27833
15138
29806
19445
15126
28810
16849
29798
29876
29889
19095
16809
16960
17043
28803
17156
23562
23694
15171
15790
15802
19190
22395
26542
26544
15132
24867
26982
24857
23933
24873
24886
25967
24834
28399
22566
24881
28764
15170
19190
24651
28955
16816
28946
28951
17062
19599
29912
17015
16829
15425
17174
28800
17172
15145
28811
28816
15122
15141
15255
15390
15408
15121
15431
24971
26903
15431
28811
15141
22410
28820
26900
28818
15127
15250
15272
15250
15255
15127
15250
26580
24840
22600
24847
24840
24910
26577
22641
24756
24809
24824
16963
24807
24838
23776
26582
26983
23776
24839
24877
24907
15136
15218
24807
21121
25103
26573
24911
24963
22580
24853
17173
15207
19212
28811
28815
28816
15340
15390
15529
16169
15145
15252
15345
15685
16814
28799
15464
15425
16960
16810
28799
28806
28949
28953
15185
28831
28774
15176
28822
28834
15179
28827
16950
16964
22392
15155
15157
15160
15371
19126
19127
19146
22412
22304
28801
29760
15175
28829
29777
15172
28976
31098
15173
15359
15371
16962
16967
29791
16814
28799
28808
15445
15166
28810
16963
17021
23737
23744
25830
26547
31365
23821
23838
24223
24909
30811
28826
31166
30145
15175
19125
28823
28836
15177
22304
28802
28822
28837
29777
22392
28832
15182
19160
15182
15204
16959
26748
21187
28832
29775
29788
15184
15224
15959
30803
15204
15205
28827
16950
22392
19250
15190
19119
19120
31118
15189
15225
15385
31119
15191
15253
15383
15191
15476
15341
19123
15193
15194
15351
28965
15225
15345
15289
28964
15296
28963
29025
28754
28812
15200
15215
15384
28839
15339
15464
15201
15205
15476
15385
18967
19205
31117
24913
26747
26900
15209
26907
15206
15224
27005
26904
28818
28830
24813
28765
28766
28785
19158
30142
30144
16950
24938
22591
22612
24912
27010
15253
24978
28851
15256
15384
28821
19223
19229
24973
24965
25094
15292
16926
19129
19219
28845
28852
16972
22392
19124
28845
31191
22411
15383
15315
19114
24818
24863
22501
22502
24979
28856
24667
24975
15262
28725
28746
24971
26904
15474
28849
24821
27002
24809
24814
27004
15239
15240
15241
28719
28726
22507
28701
28749
28756
19224
28888
15247
15266
26905
26903
15255
15275
28868
15297
15340
15408
15339
15476
18865
18956
19139
28804
15536
15260
28911
15261
15262
28568
28669
27009
28758
15282
15528
28722
28746
15275
28900
28747
28739
15270
15273
22509
28858
28859
28873
22410
19098
28897
28898
29040
26905
28872
28757
26930
28880
29425
28878
19113
28852
28857
28873
19098
28910
28878
15292
15753
16195
18966
15467
15697
15708
18970
15334
28963
15308
15338
29040
15332
15333
15336
17077
15405
28962
15299
15467
28927
29215
28894
28905
15360
15828
29149
15388
18953
28965
19139
19207
31104
15321
15327
15458
28893
15393
15539
15567
15811
15311
15322
18972
15307
15321
15327
15338
28888
31122
15306
19051
15310
28887
15326
15335
15434
18980
19050
15321
15326
28927
15323
28894
28738
15515
28901
28717
28749
15532
28746
28905
29044
15406
28914
29024
29026
15342
15398
15459
15486
29026
15335
18982
28905
18982
28910
15659
29230
29239
19208
15531
18971
15589
15741
29084
29374
15330
15393
15539
16170
15396
15568
15348
28957
29206
15480
18909
29211
15334
15389
18951
15458
28886
18964
18970
28888
29333
28886
28898
15387
15725
31118
31119
19096
31112
15434
29018
29025
28893
16900
19054
16912
18948
28944
28958
18615
28932
29206
15391
19062
19144
15352
15485
28956
15353
19019
15353
15374
16912
31168
15484
16915
22046
15379
16871
16903
28938
28944
16914
28921
28937
29009
16909
18944
28933
29760
29790
29150
29157
29252
18660
18660
19150
16917
30128
31169
15695
15366
15369
15665
15609
17634
16821
18639
15370
16732
29124
29171
15679
16236
16238
16242
15372
15905
16695
18639
28932
15375
19147
28940
15683
15378
15684
16822
15381
16904
16805
16820
16901
15829
18481
16901
15387
19063
19203
31105
31119
15408
19205
15391
18964
28958
15480
18907
16903
28944
15726
18981
15396
15400
29019
29026
15599
29020
29224
15526
18957
29219
29221
29228
15469
29024
29028
15669
15406
15457
15452
15609
29111
15406
19208
28926
29018
19065
19443
29217
30847
18639
29206
18600
29208
29227
15414
15424
15426
15464
15658
28817
15432
15658
28773
28813
28971
28992
16878
28972
15479
15695
15417
28948
28966
17172
17026
19252
28797
16822
28948
28954
15642
29707
29110
29850
28997
15699
18602
19003
28915
28961
17026
28808
15472
28996
16864
28591
15820
30767
16575
28778
15433
15490
29036
19208
15462
16171
29006
15462
29099
28630
16144
29005
29007
15449
28478
17130
28994
28995
29013
15469
15666
16177
15666
16177
29021
29875
29937
28591
28594
28781
16571
28602
15608
16175
16179
28479
15457
15601
29019
29080
28599
28995
15552
15557
28742
15456
15583
15733
28923
29046
29051
18600
18951
15733
15734
29030
15486
15733
18601
29014
15537
16144
15491
29083
29136
15498
15512
28670
15797
18626
17077
29216
16232
15486
28702
28995
28996
28999
15479
15529
19173
17131
28774
28775
28778
28815
28971
15482
15490
16171
29007
29034
28775
28817
15688
16918
28965
29012
18951
19224
29000
29033
16171
28993
15823
15829
15854
15882
29964
28967
15544
16106
15736
28647
15548
16144
29006
15640
15917
29334
15522
28626
15521
16185
29013
29032
15513
29005
28679
17143
29041
28724
28725
28748
15536
28665
22458
22548
25019
15533
15536
28912
18957
18972
15569
29041
15541
15566
15579
15810
18971
28746
15538
15568
15538
15571
15733
29030
15619
16232
29054
15707
29223
29231
16232
29015
15567
15811
19053
29052
15547
15548
15569
15607
15550
15552
15553
16102
16145
29098
15558
15557
15575
16145
29098
15751
29244
29094
29097
15719
16130
29063
15564
15590
29070
15572
15855
30755
15742
29254
30841
15590
15597
29066
28923
15619
15730
15773
19053
29031
29042
15595
15640
29603
15606
15611
15747
16103
29094
15576
16102
16103
16167
15719
16130
16167
15585
16127
29408
15762
29250
15842
16101
16189
15611
15761
29089
15775
16100
16151
16232
29014
15588
16201
16203
29403
15594
16154
29404
16156
16166
29413
15588
16112
16142
29072
15703
15737
16209
29133
29134
29353
29067
15751
29403
15640
29611
15745
15756
29140
15749
29139
16157
18981
19053
15603
19003
15659
28922
18600
29224
29226
15606
18150
28999
16177
29003
29224
29074
29245
16767
28603
28973
28999
29029
15664
15756
29001
29234
15613
15615
15721
29082
29083
15615
16192
16193
16411
15617
16249
15654
16242
29124
29125
15673
15806
16188
15703
15737
15813
29003
29085
29143
15629
16750
16778
29102
15623
15627
16608
15638
16608
29109
16751
29570
29721
16731
17119
29562
29571
16221
16260
29571
15942
16223
16244
29108
18623
29104
28595
17036
28977
28979
15644
16244
29110
29721
17034
29739
17132
29106
29112
16890
29130
29171
15679
29118
16733
16806
18679
29695
15639
29131
15641
29109
29325
17036
15679
17634
15892
29104
29107
15909
15930
29359
15647
15678
16647
15912
29362
29684
16733
29659
29695
16243
16733
18576
29710
16608
29103
29131
15893
15906
29356
29358
15946
29246
15655
15660
29134
15946
29247
15657
15890
29105
16242
16750
29125
16615
29125
28998
29039
29079
15866
16615
29350
29060
29092
29249
15879
29343
28648
29136
15665
15699
16890
16688
29029
29099
28583
15745
16411
29251
15671
15699
16153
16732
29137
29140
16192
29132
29141
15866
29147
29246
15877
15920
15954
16397
29165
29193
29652
16555
18805
29114
29676
29682
16923
18170
18634
29675
15682
16856
29117
15687
28935
28930
28936
28968
28804
28953
16911
29161
29610
29652
16691
16906
17087
17132
29167
29175
29182
18628
29321
29166
29178
29191
29174
29175
29182
29646
16915
28938
17634
15758
29254
30811
30836
29209
29232
29132
29133
29142
15798
15870
18522
30775
18616
16911
29162
29339
29652
15746
16926
18524
29150
29151
15720
15783
16014
29267
29275
30813
15900
29077
29238
28926
29227
30902
17609
18386
30285
23497
16695
28935
18617
29272
30869
15760
29285
29352
28918
28923
29225
29266
29272
29278
15784
29277
30802
29090
29098
15767
16415
16172
29083
18553
18579
27958
15788
18960
30847
16157
28920
28924
19022
19203
29371
15727
15728
19048
18973
18976
18981
15730
18584
18993
18977
28924
18596
30836
30842
30850
16169
28915
29026
29047
18542
16106
29004
29139
29365
15744
18993
18525
18650
29250
15779
18594
18973
16754
29072
15771
18650
18515
27817
16754
29084
29366
16189
16226
16152
16194
29069
29250
16194
29364
16097
29403
15770
29050
29091
15968
15878
29341
29688
29210
29221
29271
29129
18574
18612
19072
30849
15771
15838
15771
15838
18525
18524
29275
29352
29080
29222
15981
15867
15765
15981
15805
18592
18593
29345
16194
15875
15881
16415
15772
29255
15774
15778
18525
29049
29052
15981
16158
18597
18599
18599
29266
29277
30719
30793
30808
30814
30828
18580
28420
30952
15875
16415
29360
15795
18985
29284
28208
30817
30955
29268
29277
30802
18539
18611
29203
15789
30857
31086
29209
29232
30811
30873
18558
30844
18471
18518
29257
29280
29298
15823
18610
30766
27802
29283
15959
30793
30805
18450
15960
18476
18526
27817
30792
30850
16406
18795
30809
30870
18538
30808
18587
15981
18777
29256
29257
29132
15812
15980
15846
15910
16046
18574
29215
30849
29071
29364
29365
15815
15816
29149
15816
15818
15827
15817
15880
15863
18534
29291
15820
29292
15821
15826
15827
29298
15823
15915
15829
18450
18486
30783
30785
29286
15828
29306
29304
29280
29287
16641
29347
18480
29304
18649
29145
29236
29075
29249
30837
15870
18611
29202
15884
15964
30842
16652
16653
18621
18640
15904
16616
18622
29323
16100
29058
30303
30758
15845
30760
16682
29601
15884
16057
16116
17679
18603
18669
30738
16773
15856
30770
15931
16616
29312
29677
30749
16636
18478
18522
30766
15861
30750
18451
15965
29308
29163
29197
29200
29247
29332
29338
29339
15864
29312
17679
29185
15988
15989
29309
18479
15963
18728
29255
18493
30767
30785
15918
29320
18475
18484
29305
30761
29309
30745
30772
15899
15876
29341
29688
15878
16397
15925
15949
29345
29360
15895
16397
29342
18534
18610
29348
15947
18450
15885
29346
15887
18610
18534
29346
16555
16806
29167
29338
29350
15895
15920
29345
29101
15896
18432
18466
18469
30735
15954
18623
16224
16235
16562
16763
16656
29616
15965
18429
29080
29223
29226
15907
15908
15903
15908
29357
29363
29610
29694
16889
16899
28935
29688
15912
16730
15940
16416
29128
29199
16729
29690
15916
15919
29104
29135
18429
15919
16202
15923
15928
16425
29518
16380
15951
15947
15933
16600
29583
29591
29592
29359
29598
15936
16202
16233
16237
16558
16417
29421
29057
15941
29429
29103
29126
16187
16248
29427
29103
29135
16199
16212
29349
29364
16153
29124
15958
16397
15950
15951
15967
15952
15957
16190
15956
18534
29344
30805
18613
30724
29261
30871
29100
29068
29073
29390
29320
29331
15988
16013
16031
16081
16341
15998
16140
29375
16018
16020
16112
16142
16140
15974
15975
15975
29370
15979
15979
16152
15986
15991
29297
15994
16125
16201
16203
15995
29508
16015
16292
29458
29501
15997
16008
16138
15998
16200
16020
16112
16001
16001
16382
16003
16004
16005
16006
16399
16008
16010
16200
16010
16019
16385
16019
16382
16015
16016
16401
16123
16433
16020
16200
16029
16108
29380
16386
16387
16023
16402
29383
16023
16063
29382
16065
16027
16055
16076
16079
16303
16033
16035
16383
16050
16401
16035
16037
16037
16038
16039
16040
16051
16040
16339
16042
16043
16044
16046
16044
16046
16047
16111
16047
16055
16378
29505
29478
16052
16383
29504
16057
16136
16059
16061
16064
18153
16068
16069
16393
29501
29508
16123
16292
29466
29502
16298
29448
29457
16122
16077
16082
16122
16077
16079
29466
29502
16267
16295
16081
16299
16084
18151
16269
28488
28611
16086
16165
29416
29398
16090
16092
16093
16094
16122
16295
29081
29400
16129
29406
18559
29070
18154
16103
28643
28645
29011
16142
16158
16115
16117
29386
16303
29458
16126
16120
16150
29387
16121
16132
16161
16295
16125
16149
16201
29401
16139
16128
16139
16188
16403
29405
29061
29093
16167
29065
16137
16208
16156
29402
19051
29502
16208
18149
16159
29408
16189
16201
28644
29405
16206
28649
29409
16168
16267
29411
18149
18152
18154
29067
29155
29059
16159
29411
29458
29408
29411
18972
16395
29507
28602
16267
16292
16295
16187
16207
16214
16180
16210
29445
17007
29877
29417
16197
29407
29412
29081
16206
29410
29037
17076
18832
29709
29713
28599
16178
28603
29086
29098
29138
29012
16197
16210
16182
16218
16230
16245
16572
16705
16264
16305
29443
16241
28597
29510
16198
16233
29058
16202
16237
16199
16209
16233
16237
16754
29365
29149
28910
16207
29427
29510
16202
16417
16400
16403
16403
29382
16208
16288
29419
18151
16400
16403
16270
29407
16324
16395
16316
16216
16229
29427
29423
29419
16217
29419
16318
16500
16240
29430
16324
16367
16259
29428
29435
29440
16229
16736
16317
16736
29574
29575
16751
29429
18691
29570
16296
16534
29435
16229
16321
29439
29558
29582
16321
16767
16288
29510
16234
16324
16417
29686
16688
16735
16555
29113
16252
16306
16315
16408
29197
16712
16806
29107
16751
16753
16246
16251
16767
28469
29430
28578
28593
28588
29560
16276
29439
17114
17116
28593
16276
29427
29439
16257
16277
16804
16271
29440
16705
29558
16303
29442
29445
16270
16308
28603
29508
28631
28640
16307
29441
29458
17121
29414
29445
28496
29426
28479
28470
28473
28606
16572
29510
16531
17096
16287
29449
29450
16286
29447
16283
16287
16305
29446
16289
16538
29449
16329
29442
16367
16338
16304
16530
29473
29470
29473
29484
16343
16570
29496
16372
29437
16342
16528
16531
16313
29451
16341
29460
29461
29399
16303
29467
29462
16372
16314
16318
16308
29444
16767
29398
29399
16580
29453
16432
16530
29483
29452
29460
16315
16326
29437
16319
16321
16320
16493
16500
16499
29474
29468
29486
16337
16378
29486
29447
16567
16334
29481
29504
29472
29486
29488
29490
16336
29498
16486
29399
29495
16346
16346
16347
16352
16358
16359
16350
16353
16351
16358
16352
16354
16356
16362
16357
16361
16358
16360
16362
16374
16375
16455
16457
16368
17260
16393
16370
29477
16373
16500
16853
29469
16434
16766
29514
29472
16409
16431
16467
29516
29518
16431
29514
16386
16405
16391
16392
16398
16396
16394
29375
16424
16435
18570
18579
29108
17097
18623
29725
16452
29560
16466
16529
16534
29105
29134
29722
16462
29525
16442
16421
16639
16431
16493
16430
16730
29576
29593
18728
29332
29337
16428
29517
16429
29513
16462
29525
29524
29512
29526
16439
16440
16576
29538
17290
29526
17199
29520
16444
16445
16598
16446
16588
16589
16590
16565
29592
16489
16568
16453
29546
16569
16568
16459
29538
16474
16586
16462
16464
16604
16465
16535
29515
29517
16472
16497
16475
16583
16471
16472
16476
16478
16597
29535
16478
16482
16485
16597
16484
16508
29551
16491
16494
29547
16576
29723
16533
29546
16494
16639
16498
29497
29543
16501
16504
16505
16512
29543
16505
16775
29545
16535
29397
29552
29565
29550
17107
29561
16516
16775
29544
29548
16512
16513
16516
29542
16534
16569
29559
16517
16577
29556
16532
16775
16524
16582
16526
29432
16574
16577
16574
29550
16819
16537
28495
16541
16580
29434
28479
29851
16542
16543
16546
16544
16550
16584
29554
16556
16578
19068
16550
17098
17109
29573
29573
17644
19005
29568
29708
29711
29717
29724
18805
16578
29846
28985
29110
29850
29101
29422
29559
28496
16566
16605
16744
16770
29718
16731
29577
29578
16587
29580
29685
16937
29530
29439
29558
29470
28598
28973
16705
16775
17117
29529
16790
29745
17106
29843
29845
29587
17353
29565
29566
29573
29582
29549
29579
16591
16594
16599
16601
16593
16593
16594
16618
16606
29593
29718
16606
16605
16749
16606
16729
29682
16614
16753
16656
16675
29602
29616
29520
29684
16613
16614
16619
16651
16618
16659
16629
16620
16659
16622
16624
16625
16629
16627
16635
16628
16631
16634
16632
16633
16633
16661
29306
29340
16638
16644
16672
16768
16649
29331
16748
29670
29687
18634
29633
29162
29202
29336
29664
29679
29680
29674
29689
16657
29327
29328
16653
16663
16742
17676
16660
16773
18463
29319
29607
18646
16663
18640
29602
29613
16665
16667
16667
17696
16677
17641
18032
29616
17767
17828
30897
17767
23751
30288
29633
29654
29678
16746
16747
29644
29601
29607
17626
29635
30887
29189
29190
16772
17662
23651
29636
17627
17705
23977
17608
18941
30276
18606
29185
29198
29712
18633
18965
30881
17453
29641
29634
16690
16691
29657
16890
16690
17767
18632
30280
16692
16883
17087
30281
29426
16752
16906
18965
16821
17051
18832
16700
29626
29655
18638
23662
30295
30882
16714
29657
29626
29665
29712
17799
29648
29651
18634
29672
29679
17625
29637
29560
29435
16708
16709
29649
16930
17640
16854
16866
16870
16871
17639
23770
16753
16714
29756
29648
16718
16723
29122
16723
16887
16718
16762
16895
29746
16758
16720
16727
16728
16884
16891
29744
29749
29753
29840
16803
16764
29663
16762
16865
16892
16792
29709
16847
29752
29754
16887
29684
29731
29690
29725
16890
29115
17072
29671
29715
29726
29115
29123
29184
29656
29704
29705
16743
16769
29727
16769
29590
29730
16744
16769
29590
29113
16787
16906
18631
28934
29107
29140
29002
29604
30745
30759
17108
29740
16762
16788
29615
29568
29708
18845
29702
29711
29747
29840
16884
17076
29671
29682
29731
16784
17088
23770
29638
29314
17795
29630
17912
29117
29123
29561
29564
29113
16781
17072
29662
16929
29108
29109
29709
29713
29724
29747
18691
29720
18952
19005
16928
17070
17078
16884
17076
29868
29881
29899
29825
29867
29737
29832
16808
16811
17148
28966
28971
16848
28981
29741
29744
16801
16850
29733
29751
16807
16848
29735
16823
29752
17091
29734
29845
16819
29428
29435
16848
16879
16817
16820
16809
17031
16812
17004
17172
16813
17029
16875
17025
17126
16816
16818
16827
16961
16818
16850
17025
16902
28967
29733
29734
29738
16826
16832
17050
17126
16835
17050
16828
16961
17151
16830
29808
17044
17046
16833
17052
16834
16896
17000
16834
16861
16850
16840
17495
17045
16840
16842
17014
17041
16840
16997
17048
16968
16842
16875
17004
29812
17151
16844
16845
16895
16970
17467
16885
16970
16893
29749
28786
29794
16852
16858
29503
16868
17489
16856
16869
17952
29756
29757
16858
16859
16931
29621
29625
30289
16997
17059
17148
17105
29831
29864
29899
29939
16876
16868
29764
16870
16871
16879
16882
29757
16877
16932
29792
16965
16965
29762
30148
17151
17467
17449
29748
18446
29177
29680
16919
16974
16895
29755
17494
16893
17643
18632
30278
30298
16891
16892
16891
17633
29691
29754
16913
17488
17009
18921
19141
28933
16910
17481
30185
28939
28834
28941
29211
16927
17473
18935
22046
17645
22016
29170
19172
19187
18921
19141
17489
30146
29338
28936
22025
29761
18920
18922
29127
22046
22060
28944
19184
19249
28934
28938
16921
30174
30175
17408
16961
29791
29681
29729
17495
29146
19147
17075
29669
29623
17438
29787
22304
28835
28840
16935
16938
16977
16976
16938
17455
17505
29474
29788
30141
30166
30168
17401
17440
30164
16942
16998
21187
30167
19187
29787
21140
23923
23942
23926
23927
23928
27718
23928
23934
24882
26539
23928
23947
27834
17067
17154
23737
30144
24843
24844
16956
19188
28809
29778
29781
16998
17401
29770
17035
17290
16957
17015
29778
29781
23934
26537
27718
19158
24940
17005
28951
16962
28951
24863
30154
16973
17010
19149
29774
30147
19252
28950
29760
16969
17001
17495
16971
17014
28832
29774
30176
30177
17003
21181
17008
30150
17443
30167
18917
28826
31098
17199
29526
16983
16984
29768
16985
23948
17063
23696
29769
29782
19187
29769
21122
23914
25100
24922
29779
27843
29779
17476
23734
23738
17033
26537
27714
27719
27840
16996
17063
17068
17040
17014
29793
17009
17002
17011
17005
17006
17031
29808
28556
19149
31171
21128
31368
31369
29794
29793
23941
23944
30162
23769
24860
24930
26540
23706
23740
23758
28414
23749
23736
17064
23741
27839
17135
29869
22790
23917
24880
28950
24848
24871
24872
24895
29937
17133
28991
17031
19095
17037
29799
17132
17148
19122
29810
17042
17170
29800
17122
17146
29900
17048
29812
19095
29898
17054
29818
17056
29813
17054
17058
17049
29811
17055
17147
17103
19046
17057
29900
17149
17160
29831
17149
29810
23690
27860
29871
29886
17066
23740
23743
17069
23733
23737
27838
17071
17074
29668
17075
17104
17079
18954
17080
17081
17083
29835
17084
17120
17086
29867
17106
28781
29740
29842
17105
29825
29939
29968
18691
29686
17208
17102
17104
29839
29836
29838
17769
18875
29939
19165
17118
28589
29743
17110
17208
28586
17116
17150
29837
17117
19165
29572
19068
17175
28590
17145
19122
19164
29859
28990
17178
29918
29920
29023
28772
28980
28991
28513
28514
17150
29855
23669
24864
19599
29878
29917
17160
29816
17168
29910
17155
23752
28564
28569
29883
29885
19133
17175
29901
29865
29857
29827
29859
23733
23757
24883
29799
17184
23681
23693
27856
23564
29914
29919
29924
29926
29934
29942
29818
24864
23691
22566
23705
17182
28547
19445
27832
29802
29872
29886
29895
28784
29937
29800
29888
28952
28780
29876
29902
29904
28567
28537
19726
29797
29879
28561
29901
19929
29945
17185
17186
17186
17187
17190
17190
28512
28526
29925
29954
17194
28525
19758
29943
19841
29949
28523
29525
17202
17204
17205
28473
28474
17212
17213
17204
29968
17206
17207
17207
29968
17210
17214
17211
17212
17213
17216
17217
17222
17224
17218
17226
21586
29976
17221
29969
29982
17810
29978
17320
29978
29980
29973
29977
17350
21554
21586
17302
17230
17231
17232
19645
17233
17236
17239
17237
17238
19763
17239
19650
17241
17243
17244
17242
17288
17368
19277
17294
17255
17380
29990
19646
30027
19645
29985
19687
29986
19649
21409
29989
17255
17256
19687
17261
19684
17258
17272
19626
20729
19582
20755
26517
25954
26610
30009
17290
19650
19687
29998
17264
17267
17265
19277
17274
30005
30025
17268
17271
17285
17346
17365
17276
20930
20975
20976
26518
30017
30020
26518
25953
25957
20925
20955
25953
25962
17347
26776
31234
19955
26757
25955
29993
22290
25904
19908
19911
26532
17336
30000
30081
30082
17289
30024
30079
30012
30034
17288
17294
17364
30034
30078
17373
30035
17378
30089
30210
17380
29992
30028
30029
30021
30023
30024
30034
17301
25452
30052
18041
19547
17303
30534
18025
18042
17768
19723
25389
17303
17334
30537
17331
17768
30048
30057
30547
17310
17312
30054
17742
17826
30388
30400
17578
17630
18693
30272
17614
30933
30934
18862
19550
26788
17325
19617
22480
30222
17314
17315
17774
18043
19565
19547
31244
19566
19644
19711
17540
19644
21641
26774
17583
17584
18705
30926
17355
17538
19660
30058
30065
17550
17779
24338
17810
29970
30045
17773
17781
17553
17579
18844
17768
30047
30064
17508
25457
30222
30397
17509
17524
19558
17341
30069
17331
17333
17786
30064
17790
30470
30536
17334
17809
29979
30041
30013
30075
17343
21303
17353
17510
17518
19564
30045
30071
21569
30043
30062
30091
19625
22596
17362
30103
30213
30078
30080
21587
30040
17409
30104
30214
31242
31071
17543
17651
17546
17389
30000
30083
17528
30058
17544
30213
30050
30059
17612
30219
17511
31245
19593
17367
21379
17398
30002
21313
17371
22329
30230
17411
17599
22310
17387
30031
17375
22399
30139
30161
17389
21687
30000
19244
30214
30215
31079
17483
19247
21738
21913
26783
19258
19246
17384
17423
30125
17387
17391
17422
19197
30106
30129
19959
17483
30105
30112
31243
19180
26775
30098
25900
19182
19257
25124
30094
17394
17396
30085
30121
17429
20947
17432
19254
21014
22302
30004
30095
30118
17510
17517
30101
30110
30130
17409
17426
30192
17436
30147
19174
30177
30127
19178
30097
30128
17532
19246
30093
30160
19251
22399
30139
20924
25948
17418
21147
20997
30140
17446
17439
30159
30157
30160
30160
17444
19259
17503
30132
17441
18938
22399
30125
21838
21990
17431
17433
29766
21155
21962
17439
29770
17484
17497
30196
21187
29775
30156
17437
19149
30155
31081
30151
17441
21146
30164
30150
22388
19268
22302
30094
21182
30163
30164
17474
18636
20980
30180
30189
17461
18932
17495
29648
17452
30300
18942
29628
30301
30147
30149
17497
30170
30173
17459
17478
30155
30194
17484
29761
30183
30279
29619
29625
30289
22891
23050
30205
17465
22999
17469
30188
17499
17635
17526
18922
30191
17471
30218
30224
30226
30923
17472
17642
17515
18943
30199
22012
30180
30190
30095
30134
17490
30197
23738
23755
27845
17501
30116
17485
17486
17618
30219
22309
17488
22012
30180
30193
31243
30170
30172
17642
19272
19590
30205
30181
30185
29758
30193
17493
17500
17603
23257
30206
29758
30279
19171
29618
23082
18637
23082
17619
30203
17502
17507
30116
17530
17533
30231
17642
22106
17585
30922
18838
31074
18841
22537
31245
17513
17524
18918
19272
31078
18637
18937
30200
30199
30218
30219
17518
29550
17548
17558
19571
22506
17599
30216
17599
30230
31073
18041
18841
22537
19642
19648
22662
22752
30273
30282
18918
30187
30191
18842
30079
17538
30228
30230
17530
17531
17533
17544
19246
22510
22596
30030
21999
30084
22301
30123
17551
30923
17550
19711
30038
17582
18705
31073
19267
30097
30126
30130
17560
17551
17552
29550
17551
30218
17560
17597
30244
17555
17557
18846
17556
17600
17598
17780
17597
22362
30239
19550
30043
30053
30228
17567
17563
17567
17591
18647
17573
17704
18062
17574
30450
17769
18952
29564
17567
17740
18396
18434
17589
18434
17577
18395
18398
30335
18394
18683
30935
17624
17730
30235
30384
17580
30245
18062
30252
27318
30540
30920
30934
18697
25615
30936
30762
30386
30929
30935
30245
17771
18756
18756
30232
30382
30395
30225
31076
18848
31063
19716
30065
25457
30386
17704
18682
30269
17604
17763
17681
18390
30323
30326
30327
18434
30332
17595
17731
18387
30252
30233
30236
30375
30384
17727
18677
30271
30920
30933
22480
30224
17772
19590
30260
30266
30293
17614
22506
22891
30251
22891
30205
30256
17738
17763
30392
17644
29745
17643
23257
18643
23977
29647
17626
23344
29635
17637
18431
30898
17637
17725
18675
28782
28789
17635
22662
30278
22905
17770
18857
18630
30255
30260
17650
30204
30202
17650
30198
23272
30253
30258
18386
29635
30250
30898
17623
30257
30243
30247
30928
17828
23497
17675
30264
30286
17630
17770
18677
18687
30846
30902
18693
19557
19142
18624
18696
30255
30268
29204
29707
30179
17831
18458
30742
18393
18635
29645
29720
18000
30883
17828
19046
29709
18014
18040
30538
18630
30267
30228
17656
17669
17654
17655
17658
17656
17657
17657
17663
17669
17673
17667
30317
18629
29632
29638
17664
17673
30310
17665
30757
17666
17667
18448
17668
17668
17672
29613
17703
18454
17678
17705
18620
18540
29642
17705
17695
17748
30269
29615
29617
29631
30876
30246
17687
30784
30757
30784
18483
30318
17696
17694
30743
17691
30305
30308
18447
17694
17833
30762
18448
29608
17833
30743
17716
18647
30332
30285
17701
18424
30311
30311
30318
30322
30308
30313
17748
18647
30317
17710
17709
17715
17709
17905
17715
17905
30340
30325
30326
30331
17920
17720
17731
30252
18430
17721
17764
18699
17901
18382
17730
30267
30928
30284
30285
17732
30385
30234
17729
18387
17731
18062
17753
17734
17739
18048
30401
17783
17765
18394
30373
17739
17772
30373
30377
30546
30547
30049
30393
17744
17849
24527
30547
24153
30483
18054
24524
30545
30357
17760
30359
17764
17868
30358
17760
30356
30402
30427
17839
17868
25319
30388
30385
30395
30354
30542
17766
18047
30370
30389
23770
19723
29567
30272
30933
30238
30379
30392
19570
26785
30583
18394
18683
25374
25485
18049
18050
18052
30931
17952
18446
29120
29655
17806
19548
29983
30396
18846
24406
18931
17827
18024
30489
30487
30528
30535
30551
30044
17788
17807
19721
17790
17792
17812
18037
19551
17792
17814
17844
18039
17842
18028
18066
17796
17797
17796
29629
30182
29651
30292
19728
17804
17805
19548
17811
17827
18020
18022
30536
29978
17842
17871
17924
18679
30423
17819
17843
30416
17851
18070
17845
17849
17867
18050
30374
30539
30382
30401
18387
30234
30383
18047
30393
30398
30592
18632
30292
23344
23369
23497
30296
18389
30303
18360
30367
30484
30548
18066
18058
30367
30484
30507
23981
30362
30399
30418
30365
30545
24565
17858
17859
17902
18070
30403
30407
18073
17949
30479
30569
17879
18056
18063
19732
30403
30405
17854
17855
17857
17858
30407
30486
17864
17869
19732
30413
17861
17991
30439
17862
17979
17865
17946
17990
17896
24524
17900
17913
18054
24558
24510
29177
29695
29704
17873
30413
30422
17880
17876
17882
17885
17880
17889
24479
17878
17881
17884
30443
24576
30359
17882
17911
17951
17885
17886
30426
17889
17910
30353
17900
17913
24492
30442
17911
18697
24527
24560
30541
17956
30435
30448
17950
17899
17900
17900
17903
30364
17910
17931
30338
30341
30457
30710
17921
24492
30353
17924
17962
29701
24510
17916
30445
18699
18003
17932
18079
18357
29114
29656
17926
18079
30462
30449
30706
17988
17989
18122
30408
27606
30704
24560
30450
30451
18399
18828
30703
26641
30457
30454
30569
18337
18340
18365
18373
25616
30453
30466
17945
26902
27103
18317
30667
18263
18754
30563
18266
18283
18287
18663
27349
27362
30699
30944
26619
30663
18198
18663
18729
18274
18688
18753
18341
18309
30667
17948
17949
30479
17953
17950
30454
18363
17962
29697
17954
17980
17955
17975
17959
17959
17961
17984
17985
17961
17984
17963
18074
29117
29697
17964
17965
18074
17965
17966
18754
18199
18228
18229
17969
17971
17972
17977
17978
17980
18122
17980
17991
17988
24816
18003
18363
30481
17987
17988
18122
30481
24870
18035
17991
18061
19732
18197
24983
30505
30568
17997
17995
18123
30472
30647
18172
25288
30497
30498
25026
18080
18164
25170
30572
18166
30560
30574
18032
29681
29696
18010
18072
30510
30455
30486
18007
30465
30484
30507
18035
24689
30485
18076
18097
18136
18021
18026
30520
30508
18018
18023
18171
19737
30527
19555
19725
25171
30573
26795
18031
19748
30583
18033
30596
30597
18033
18023
30536
18040
30537
19731
30519
18175
19737
18039
30470
19570
26787
30538
24735
24736
19570
18110
18128
30521
18055
30562
30590
24736
24870
25288
30502
30554
24885
24939
24735
18042
30926
18051
18704
25407
18069
30043
30050
30390
24153
30372
18680
30389
30931
18052
18086
19554
18108
18353
18060
18082
18064
18108
30558
24576
18058
30467
30542
30590
30539
18360
18087
25615
30930
30480
30384
30366
30548
24524
24558
30238
30375
30376
30935
30390
26685
30585
19728
19723
30063
30411
30535
30523
30554
30557
18760
30608
30613
26681
26685
30526
18081
19746
30584
18116
30449
24941
30568
30605
19457
19544
18680
18683
25615
18819
18109
18716
18896
18103
18725
18763
30391
30576
18694
19554
18112
25653
25695
18764
19438
18092
18094
26841
18157
19440
26868
18093
26303
26849
18095
18155
18163
18095
18202
26845
19541
30610
30617
30621
30676
18278
18295
26449
18155
30600
18163
26792
26850
18711
19453
31039
19464
19794
26863
18105
19458
18758
19546
26851
30951
19546
30951
18109
19329
30582
30946
18146
18159
30603
18353
30576
29678
18561
18743
18712
18710
19459
30482
30588
18765
18769
30566
18357
30460
18132
30963
30975
19546
30976
18724
18769
30598
18701
18714
18196
30494
30499
30620
30480
18220
30597
24599
25673
18191
18760
19541
30623
18339
18359
29678
18156
18198
30606
25756
30562
30591
30961
30983
28807
30977
18717
18735
19765
30960
18325
30975
30981
18292
26441
30608
18138
18140
18142
18141
18771
18141
18143
18289
18147
30980
18144
18147
18748
30624
18155
25980
18977
29100
29386
26303
18201
30674
26856
30998
18764
19469
18161
18256
30618
19754
19465
30595
18212
30600
30505
30564
30568
18294
18347
26673
18173
18196
18260
19725
18169
18171
18176
18178
18393
30493
30502
18188
19725
30525
30526
30573
18177
18179
18179
18181
18189
18193
18182
18184
18206
18186
18190
18731
18186
18188
18195
18196
18189
30619
18188
18189
18279
30597
30620
30626
18196
18198
18219
18214
18229
18203
18219
26596
30654
19464
19542
18323
30653
18207
18354
30621
18214
18230
18228
18214
18218
18235
18217
18224
30636
18218
18230
30650
18238
30638
30636
30635
30472
30511
18223
18224
18755
18223
18225
18227
18239
30650
18259
18270
18383
30634
18279
18240
18241
18242
18246
18268
18269
30638
18244
18251
18245
18246
18250
18277
18252
18253
18255
18254
30675
30631
30656
30657
30621
30625
30495
30596
18262
18264
18753
30668
18265
18272
18268
18271
18281
18283
30662
30668
18663
18755
30636
30641
18702
26449
18663
30635
18770
30599
30601
18339
18359
30565
18996
30684
18738
30671
30631
18293
30655
30656
30660
18300
18702
30679
30680
26640
30607
30676
18327
30625
18299
18335
18334
18318
18303
18309
30667
18303
18311
30971
18312
30702
18314
30795
18306
18655
30796
18655
18350
18556
30687
30797
26901
30794
30796
18326
30683
18401
18406
18440
18315
18322
30673
30685
18315
18739
30971
18405
18325
18773
24599
30665
30790
18702
30666
30680
30641
30660
30629
26663
30617
26441
26596
30659
18506
30688
18331
18415
27246
18333
18334
18335
18417
18752
18340
18343
18366
18376
30459
30563
18376
18343
18344
18345
18344
18380
24837
30469
30533
30622
30503
30550
30567
30721
18774
27246
27564
18664
30940
30949
18697
25615
30610
18511
26901
30468
30541
30505
30548
27318
30540
30706
30943
18396
30942
18372
30454
30352
18433
30705
18688
30662
30338
30457
30710
30711
18395
30707
18710
27318
30941
18697
30939
30455
30710
18688
30708
30705
18447
30334
18393
18483
18397
18399
18430
30740
30762
18391
18435
18407
18439
30732
30334
18435
18667
30938
30762
18400
18439
18667
18734
18409
30728
30732
18444
18475
18607
18664
18734
18996
30682
18556
30682
30787
30789
26837
26901
18469
30735
30724
30725
30791
18468
30703
30729
18529
18557
30734
30737
18413
18414
18418
18415
30731
18504
18508
30689
30697
18467
30716
18422
30714
30737
18473
30712
30730
18455
18457
18607
30768
30311
30319
28723
18489
18545
29632
18545
29639
29643
18456
18466
30756
18439
30336
30738
30899
30763
30456
18671
18437
18461
30732
18469
30740
18443
30770
18475
30765
18644
30741
30743
30768
29653
29701
18620
30757
30771
18461
18455
18458
18644
30308
30757
18628
18684
18469
30754
30758
29198
29334
30769
18633
29175
18668
18732
18827
30962
29186
29200
30885
18464
18645
30741
18484
30763
30725
18517
29262
18501
18557
30722
30737
18490
18535
18522
27657
30764
29340
29301
29319
30783
30767
30748
18485
27749
30778
30782
18491
18490
18519
18531
29675
18491
18535
18494
18498
18528
18497
18502
18532
18501
18503
18533
18519
18511
18527
18510
18520
29302
18512
18655
18513
30801
27802
30718
26902
30683
30796
18521
30806
29301
29150
29275
29050
27802
30718
30791
18528
30723
30727
30729
30731
30722
29283
30736
30773
30867
30869
30724
30726
30727
30868
28215
30870
18573
30813
18545
29642
18587
29255
29278
30810
30873
18552
18742
30817
18599
30809
18551
18552
18740
30966
29271
29295
30810
30852
18563
18578
18778
30830
18744
18598
18612
19072
28420
30687
18672
30721
18577
18743
18745
30901
18565
30826
30830
30832
18578
30985
18711
30915
30979
18608
30954
31000
18715
31026
31038
18767
18969
30956
18715
19506
31039
31040
18596
30842
30870
30816
30821
30826
30835
18578
18742
28339
30955
18616
29269
30862
30838
18744
18619
29683
29215
30838
27929
30952
18583
18591
18589
18588
18795
29256
18590
27958
18594
18749
30812
29257
18595
18976
28045
30829
30852
30831
29020
29015
29143
29224
29226
30877
29139
29351
28156
28628
30831
18965
19059
19058
18609
30905
30907
18613
18652
18673
30775
30773
30867
18616
30902
28931
29212
18962
30862
30869
18941
30880
30886
30900
18641
29674
30302
18646
29605
29358
18682
30896
27606
30703
30707
18652
29198
23895
30883
18947
31091
29637
29187
29657
21180
23050
23270
23448
29113
29173
18934
28710
23895
30290
30742
18673
29603
30328
18651
29229
29230
29239
18730
18934
18665
18666
30878
30864
26901
31088
18746
30901
30861
30876
18903
30865
29095
30861
30874
30906
18723
18898
18667
30948
18667
18671
18733
28782
30965
29201
29321
18671
18698
30686
18681
18685
30919
30318
30248
18863
28770
28789
18805
29693
25374
30921
18696
30247
30386
30877
28789
30921
18924
18933
30927
30865
31086
18690
18863
28723
18931
30251
30254
30268
30246
30932
18695
18700
18707
19554
30928
18700
18930
30337
30945
18712
25653
30691
18849
30924
18707
18718
26851
30600
18768
30575
30600
27504
30701
30914
18714
30967
18719
18827
30682
30967
30977
31034
31042
18896
18735
19449
18725
30917
18827
30948
18825
19534
26853
31025
24941
30605
30620
19448
19474
19753
26850
18750
19006
18735
28807
30976
18763
30957
30985
31004
18750
30913
29157
29237
30877
30619
18743
30972
30948
30788
30789
18761
30987
30989
18740
19000
30671
30973
18793
18744
30798
30969
18745
18998
30872
29259
31037
26709
30980
30981
30236
26851
30570
30575
18761
30985
30601
30988
31001
30826
30830
30909
30955
30918
19466
30614
30978
30855
30863
30865
31087
18968
30599
30601
28807
31003
30982
18772
27167
27656
18776
30827
30974
30993
18800
19463
26826
26829
18989
19039
19473
31110
22262
26865
30990
18818
18822
30918
18787
18788
19765
30986
18790
19452
18792
18794
30995
26742
27929
29263
19442
30996
31045
26838
26857
31044
18989
18997
19002
18807
26873
19489
19616
26830
19440
19507
26859
19396
19399
19478
19286
19498
31047
31050
29644
19290
31019
31025
18811
26826
31051
19280
26874
31016
31050
19064
31012
19045
19415
19280
31022
19326
31133
18816
19008
19010
31038
18992
31036
28871
30979
30913
19565
26796
18876
19202
31015
19458
30915
30916
18830
18833
18839
19448
19460
18829
30578
30946
26759
26802
26833
30788
31025
19274
31074
18834
18893
31064
18845
19046
18840
31060
19699
19581
22510
31067
31069
19560
31244
30074
31245
18840
18855
18852
18890
30926
31073
19197
30114
31079
29717
18850
30221
31072
18933
30223
30924
30225
30927
31076
18859
19556
18854
18856
18864
19556
19556
30895
18933
30924
30273
30282
30886
30900
18864
18892
18925
19143
19568
22527
31240
30052
30054
28723
28789
18880
18866
18906
18907
19012
18919
19143
19248
18870
18871
31216
18885
31212
31217
18884
26799
19286
26760
19225
19509
18877
19314
19509
19286
19503
31049
29566
29847
18904
19018
19688
18900
19688
31047
31008
31009
31021
18904
19281
31036
31094
31096
19575
19625
18890
19018
18888
18915
31215
31085
19189
31185
31214
19288
31127
31189
18888
18889
18908
18906
19139
18910
18961
18923
18928
18892
30912
19274
19290
19534
19538
28889
30915
30577
19384
26811
26886
26896
19008
19010
18910
19018
26799
31043
31473
18955
31088
31096
31092
18955
18961
18956
19139
19206
18960
30857
31080
31084
31238
18925
19640
19162
19189
30129
31100
18925
18928
19195
28838
18919
18920
18927
30149
28921
28947
19556
31077
31084
31072
31075
18950
30270
30271
30896
30936
30939
30243
18942
30905
18950
30190
30111
30199
21146
18944
31097
31099
23344
30880
28947
31167
18946
18947
28938
28934
30854
28928
28943
30890
30895
30892
29568
29849
19144
28963
18960
30847
19007
19200
29047
19206
22407
31123
19202
31070
31089
19012
31094
30872
30874
30906
18969
29219
30833
30845
29211
29152
29281
28964
19065
19443
19052
29241
18975
18980
19048
19048
29014
29022
30814
19098
18984
19052
30719
30774
30791
18987
19004
19052
19038
19340
31028
31032
19033
19042
18992
19004
31108
19038
31108
19473
30917
30919
19043
31001
28962
29020
19052
29745
19008
31106
19510
19537
26834
26835
31107
19200
19224
19061
31095
19304
19509
19535
19017
19031
19061
19319
19202
19150
19022
19210
31104
31124
19200
29240
29381
19203
31124
19226
31126
19029
19033
19075
19074
19344
19027
31029
31030
19030
19041
19029
19030
19036
19335
19067
19071
19319
31135
19035
19043
19037
19337
19334
19060
31107
31002
31034
31134
31030
19324
26872
19119
19170
28883
31116
28924
28887
28882
19089
22544
30877
31091
31106
26829
19443
30849
19076
19070
29311
29847
31115
19071
19087
31136
19075
19077
22528
19339
19085
26930
31140
31146
19332
31139
19099
22409
24913
28850
19310
26928
31131
19083
19140
29425
19087
29431
31144
19514
19226
19307
19130
28847
31125
31164
22528
29599
19355
22497
29396
19133
19266
19278
29928
19094
19105
19514
28875
28878
28902
19122
28885
19105
26931
19219
28849
19105
19514
19338
19535
31021
28897
28908
29044
25203
31157
19230
28853
28867
19108
19111
28862
22525
22525
31157
22496
22532
22554
22532
25074
25078
25096
31146
22335
31159
31165
19301
22516
25070
25087
19123
19137
31189
31198
19140
19211
19154
22411
31196
19210
19219
22409
28842
19213
19128
19207
31104
19210
19173
28844
28851
19137
31189
19154
19159
22371
19162
31176
31247
19164
29902
31198
19148
31220
19228
25086
31161
19211
29354
31098
30220
19151
19222
30156
19213
19152
19249
19184
19253
26767
31173
31247
19156
31182
31125
19157
19160
22411
24936
25108
24935
19160
19222
24936
19163
19265
22388
19250
31220
19184
29898
19231
22404
25118
22388
19182
19216
25120
19255
25900
30135
19205
19188
19252
29773
28843
28849
22391
25122
22307
22370
22379
19181
19182
19265
30135
30099
30135
19222
31176
19196
19578
19257
22388
22369
22419
31180
23940
27716
29786
19252
29773
31194
22395
26543
19640
31213
31247
26775
31234
30274
30891
23924
23944
29786
19250
19640
31083
31222
30130
31082
19585
22390
24935
25108
19204
19218
31055
29240
19315
31124
28914
24908
28843
28847
19288
28843
28754
28825
31185
31188
31203
30135
19302
31175
19315
26964
31206
31190
28854
19307
19316
31123
31127
25093
31220
24915
24974
28890
19304
22407
31188
19316
19328
19228
22420
19296
25095
24913
22519
28866
22370
22384
22473
25086
22334
19638
22261
25166
26752
19240
19253
19260
31199
19601
22488
29817
22307
25120
31209
31211
19313
26962
31207
31246
19263
31211
26757
29699
31216
26937
29699
30464
30108
30211
19575
22299
22309
30089
19603
31170
21155
25901
30094
26767
30101
22406
22420
31159
19258
22298
30137
19261
19268
31173
19302
31184
19264
19268
22306
31202
26968
31199
31201
22326
29872
29927
30100
30129
22405
19596
20952
19584
19596
26953
20997
21149
30191
19279
22299
31248
31075
19671
26517
26951
31241
19959
20458
20569
30005
29891
29898
19931
19955
26957
31020
19688
26805
31021
19284
19604
26878
31024
19537
26815
26834
26839
26799
19572
26808
26819
26821
31217
19385
26755
26758
19536
31056
31031
19293
19296
22260
19294
19295
22211
22340
29948
19296
19299
22551
22331
22275
29874
30026
19309
22540
25181
29874
19301
19306
22516
19349
19363
22273
22345
25095
31174
19331
30294
30339
19317
31187
19951
22268
26921
29880
29948
29957
29311
29354
26607
26766
26937
29844
30026
19311
19535
31187
19587
19611
19954
24838
24972
26750
19386
26964
26965
19535
31053
22406
31186
31123
31186
31015
31035
26938
26954
26963
19322
19323
19327
19324
19343
19608
19326
19427
19414
31132
31136
31141
19351
26943
26876
19378
29957
31148
19361
26947
30306
19335
26876
31046
31027
31026
31032
31110
19342
19344
19346
19357
19422
31143
22485
26922
19353
22553
26742
30995
31473
25186
26919
31147
25071
25181
29874
26946
26922
26923
19354
19358
19394
19418
31154
19360
26918
26924
26917
26922
19394
22266
19360
22489
26918
25186
26926
22246
31253
31258
26946
19382
19965
22265
26486
19373
19698
19726
27866
19964
30517
30658
19371
20802
26916
30661
20802
19610
19377
22567
27864
22475
25204
25205
19607
19949
22261
26771
26718
26763
19540
29802
29935
22275
31139
31147
22316
25159
22270
26753
26763
26870
29666
19983
26659
26743
19500
26754
26885
19638
26661
26966
31205
19586
26603
26768
19496
19623
26909
19491
19618
19392
22524
19393
26914
30517
19508
19419
30658
30693
19484
19398
19413
19487
19502
19399
19501
19405
19628
26741
19804
26898
26910
19619
26766
26880
19405
19406
19483
26813
26825
19413
19493
26730
26962
19513
26888
19494
26743
19618
26814
26881
19480
26892
19425
26871
26935
19427
19608
19418
19419
19420
19964
19421
19504
26932
19463
26829
26838
26855
19425
31532
19439
26860
19774
19429
19502
19431
19435
19481
19493
19773
19435
19436
19497
19768
19499
19760
19773
31016
31022
19454
19451
19507
19507
26856
19446
26864
30993
29219
30622
30625
19698
19451
19470
19511
31017
19524
26792
26387
26868
30578
30914
26863
26866
19559
20800
26666
26800
19468
19528
26679
26843
26794
30581
30598
19468
19527
19537
19697
26861
19524
19532
26798
19525
19505
26845
28871
30984
26873
31040
26840
25980
19486
31018
19786
26842
31018
19529
19697
26814
26835
31000
19786
26841
26849
19527
19537
26861
26851
30577
19479
19497
19774
19492
19522
26660
26893
19483
19773
19785
19487
26888
19785
19804
19492
26859
19786
26857
26858
26763
26878
30381
31024
19771
26854
19697
19751
26807
19771
26754
19526
19676
20800
26806
19623
20802
19512
26760
19522
19751
19773
26765
26884
26799
31055
26860
30544
26759
26832
26833
19616
30381
31052
26892
31530
19516
19518
26679
19526
26806
28784
29876
19707
26668
31178
26683
19719
26668
26677
28788
29912
19751
19771
26852
26858
26859
19527
26815
19542
26801
19545
26793
26844
26817
26836
19749
26674
26684
26683
26840
19539
26815
26835
26874
31019
31020
30946
19539
26831
26834
19539
19699
19543
27828
29917
30618
30623
19703
26802
26831
19553
19750
19750
26798
30598
19561
29981
30039
30046
23981
30362
31065
31238
19764
26796
30391
19748
30531
30584
30930
31076
26686
19573
19644
21569
30033
19704
26778
19566
26784
30033
26786
19567
19691
19702
19711
30108
26822
31057
30224
19629
26823
26881
19624
26822
22261
26659
26717
26770
19577
19577
19807
26820
19641
19642
31085
19600
25162
26958
26773
26782
26810
30211
31202
31204
31246
22289
25904
26956
22389
25107
19612
19627
31190
30115
19723
30042
19632
31225
30037
19983
22292
26739
25165
25166
26949
25904
26520
19984
31102
26968
31226
29803
19955
26757
26957
26939
26941
20936
25950
30008
31238
19643
26765
19619
26898
26909
26725
26734
26736
30696
19907
26872
26935
31051
22347
26928
30348
30424
19677
26736
19615
26884
26827
26875
26808
26821
19697
26817
19660
30055
30065
26813
26718
19622
19662
19800
19662
26738
26818
26822
19642
19627
26736
19701
30016
19804
26816
19676
26814
26832
26603
26662
26768
19635
19677
31066
22290
26950
20277
30009
30010
19988
26552
19984
26727
22128
22281
19879
19880
19918
20942
20942
22261
26551
26585
22299
26773
19807
22292
19717
29990
30879
30005
30027
19651
19763
19652
19700
19700
19712
19713
19654
19659
19687
19763
19685
26698
19690
19744
26704
30953
20003
20915
26605
26699
26702
19885
20146
26608
19663
19913
26726
19667
26658
19894
31142
26729
26751
19675
19705
19802
26734
30851
30953
26733
26736
19673
19675
19844
19674
26584
26658
26655
26759
26819
26739
30696
20142
26661
19815
19953
20030
19821
26719
19974
26690
31192
19690
26667
19803
26783
19745
19745
26691
31023
19698
19726
29912
26714
19706
19718
19693
19694
19695
26711
19890
27867
19803
19884
31142
19706
19715
19764
19783
26846
19718
26657
19714
19719
26807
26698
19712
19713
19718
26696
26698
26788
19745
19747
19747
26790
30053
30055
30221
26784
30072
30051
19729
29797
19730
19734
19731
19736
30529
19735
19740
19741
26694
19742
30501
30502
30554
26667
26674
30585
30530
26672
26680
19778
26801
26844
19841
19877
29945
26815
26842
26853
19757
19791
26683
19757
19759
19790
19779
19782
29860
29944
19777
19782
19777
19769
19801
26665
26686
26800
19808
26682
26688
31273
19776
26664
31030
31046
26680
26682
26791
26794
30593
19784
26793
19784
26848
19788
19792
19789
19795
19798
19797
19798
26892
31529
31530
31524
19847
26890
26894
19892
19812
19812
19817
19820
19816
19845
19846
19819
19847
19822
19825
19823
19844
19953
19823
19824
19825
19827
19845
19981
19828
19830
19837
19830
19831
19836
19838
20007
20008
19835
19836
19838
19978
19837
19838
19840
19845
20030
26587
19989
19874
26600
19873
26637
19848
19850
19981
19850
19855
20178
20179
26396
26645
26308
20146
20172
19859
19860
19859
19867
19914
19865
26038
19861
26612
20140
25973
19919
20140
26597
19866
19872
19912
19867
26043
22287
26597
19872
26633
26648
20142
26661
22205
26309
26554
26564
26598
19928
29949
20809
31512
31522
19885
26611
20943
19886
26550
22285
26552
25954
19916
19887
19890
26589
22206
31515
19941
20281
31495
26625
26626
26713
26728
31102
20944
25906
25937
19902
22206
26550
20015
26531
26586
26604
20926
25969
20141
25147
31505
25147
31508
31510
20172
19911
20918
25969
19909
20196
25929
20806
22287
26034
26036
20920
26350
19920
26771
26959
20801
26533
25973
19911
26601
26532
26729
26038
19918
20943
26588
26592
26611
22128
26039
19930
26953
20105
20992
19925
26510
26504
20916
20944
20946
20946
20963
25137
25148
26507
26526
19934
19939
22283
26505
29944
20002
26509
22292
20809
26553
19967
25174
19944
26504
20142
20994
22070
31357
22115
22118
25287
22101
25153
26345
25158
26497
26527
20032
20046
26409
31499
22127
26322
31496
20201
26503
19944
20904
22283
25890
22252
26351
22285
31515
19958
26511
20200
25180
26493
26494
19960
20131
26568
20931
26585
31210
31215
25185
26942
26710
26711
26934
30424
31053
25141
26512
20951
22306
22322
22326
26502
26522
31224
31225
22288
22207
22319
25198
20200
25177
26492
20277
26662
30602
20017
25180
22216
22219
22234
26499
31501
19970
19971
19973
26914
30544
19972
19976
19976
19977
26624
26621
26628
26731
26729
20201
26556
26562
26887
26638
26646
26648
20942
26583
26642
26643
20093
22423
26434
20006
20044
26400
26654
26493
26495
31504
26395
26409
26457
26631
20050
20113
22222
26324
20111
22288
26560
26568
26622
26628
26632
20001
20011
20088
25221
26428
20199
20332
21194
20009
20031
22276
26399
20203
22227
20011
20028
20031
20034
20051
20088
26553
22283
26322
26497
26563
20076
20088
25242
22234
25216
25220
22423
25198
20047
20267
20904
26322
20024
22327
20025
20026
22207
22213
20027
22218
22327
20043
20031
26461
20093
20082
26395
26438
20125
20198
20208
20041
20117
31495
26427
20079
20117
22325
26367
31292
20043
22176
25271
26255
25242
26407
26420
26427
20077
22278
25246
26407
25222
26403
20992
25978
31491
26560
22423
25246
25251
26370
26429
22180
20112
20130
22226
26435
26437
21868
26361
31472
25264
26276
26280
20055
26266
26277
20274
26392
26391
26426
20263
21509
25484
31480
20262
26378
20073
20075
22194
22123
25263
26368
20064
20065
20066
20065
20071
21861
22194
25227
25252
26425
22135
22186
25255
25267
22186
25255
25269
25416
20078
20292
22194
22248
25262
26247
31299
20261
25250
20289
20117
26438
20079
25251
20080
20083
26427
26436
26265
26385
26388
20905
26399
26404
20133
26385
20086
26356
26358
20318
22132
26353
26356
22132
26150
31462
21897
26384
26434
20090
20095
26346
20092
22115
26352
20111
20581
26327
22252
25291
26440
31518
31520
20096
21518
25279
22101
26344
20912
31410
31492
20909
25990
26008
31412
20870
25893
25977
31410
20136
20851
20863
20894
25150
25894
25895
20107
20130
20911
25153
22197
26369
20112
20114
20121
20120
21505
20198
22222
20202
26316
20115
20530
26311
20133
20318
20582
22244
22263
25176
31499
20123
20273
20278
26363
26365
21551
22163
25270
20133
20280
20318
20562
22132
20278
26382
26383
20190
26317
26320
31489
20578
31488
20191
20578
26321
26325
22278
26407
26426
22203
25264
26373
26381
20207
26306
26326
26565
26598
31514
26353
20187
22222
26325
31487
20156
20188
26614
26615
26618
26644
26624
26629
31516
26041
20188
20144
20849
26031
20202
21033
20172
20148
21033
26565
20577
26559
31519
20645
20899
26337
31430
20151
25661
25994
25995
20845
25661
20633
25993
31428
20155
20164
20567
20609
20158
26315
20538
20835
25994
20654
20678
25999
20159
20161
26311
20530
26335
20840
20570
26313
20185
26312
20170
20165
20574
20534
21524
20184
20571
20168
20171
20174
20175
20202
20207
31513
20185
22285
20174
20177
20178
22114
31486
20536
20185
20186
20190
26317
26319
20283
20578
20191
26309
26327
20536
20192
20374
20580
26304
31487
21521
22163
25270
25280
26002
26039
26554
26630
20857
20921
29996
31504
31500
22253
26632
20206
20206
26436
20210
20215
20213
20221
20224
20581
20223
26650
20218
20219
20221
20220
20224
26651
26603
26606
26662
30009
20228
26296
26297
26298
26299
20234
20237
20237
26288
20244
20239
20240
26290
20244
20245
26260
20580
26302
26290
20558
20664
26127
26130
20258
26288
26289
26126
20255
20256
20559
26260
20560
21508
26271
26284
26290
20272
21868
31477
25243
26377
21547
22493
25264
26373
20268
20270
20301
26253
26257
26268
25273
26158
26386
21545
26362
22159
20564
26361
22059
22121
20332
21843
31465
31482
20562
26258
20536
26382
26383
31464
22123
25290
22130
26364
26379
26406
20316
21893
26375
21835
21835
21855
31455
25263
25282
26365
21535
26242
25489
20501
21573
25531
21584
25258
26236
25505
20475
25504
31444
20310
20475
21802
26193
31478
20304
26401
26403
21893
26158
31464
26405
26420
31468
31471
31481
20314
21856
25635
20308
20310
20480
20594
26177
25481
26142
26177
20386
26267
21508
26256
31468
26233
26234
20565
26141
26176
25524
25632
20324
25631
26176
20374
20556
21544
25477
26243
26332
20565
21843
26242
26244
20322
20653
26286
26134
26282
26285
20325
26281
20523
26139
26175
21802
26264
31458
21505
31294
20377
26130
20330
20336
20369
31450
20334
20368
29996
30011
20334
20402
20405
31439
20335
20336
20402
20403
20376
31452
20353
20473
25536
31446
20375
31453
20358
26231
21846
25503
31445
20342
20354
25503
26228
21790
21860
26160
31458
20356
20472
20346
20347
20348
20349
20350
25524
25635
26172
31431
20353
20473
21771
20354
21791
21779
25542
26189
20479
26148
20373
21865
26238
20386
26233
26235
21793
25557
20363
20365
20366
20367
20366
20404
31443
20418
20371
20376
20371
20391
21865
26227
26237
20378
20391
26285
26236
31449
31451
20381
20384
20383
20384
20506
20506
20591
20387
20389
20390
20388
20394
20409
20394
20396
20495
20403
26225
20398
20400
20399
20405
31440
26239
20416
20406
20408
26218
20411
20411
20414
20476
20420
20421
20599
26211
26216
20424
20439
20604
20757
20604
20427
20428
20606
20600
20753
26216
20432
20437
20433
20754
26208
20607
26145
20453
20710
20438
26215
20641
20443
26047
20446
20761
26049
26048
26055
20761
20763
20448
20449
20451
20450
20452
20452
20517
20456
20459
20478
20456
20478
20517
20521
31223
31224
20749
26224
21604
20462
20765
21627
21789
25610
31315
20466
21775
20467
21630
20469
20482
21594
26223
20472
21612
26138
20476
21831
26226
20478
26222
26224
20493
26131
21831
21608
21856
25534
25537
26233
31460
25533
31319
26234
31448
26148
26193
31433
25646
26187
20487
20491
31436
20497
26191
26198
20496
21507
21592
21839
20522
26128
26138
20491
26240
20514
25613
26188
20499
20522
20495
26223
20497
25646
26198
26225
26226
21581
20519
20605
20644
20655
20527
25613
20526
20751
21791
25536
20517
26056
21585
21611
25525
26194
21533
26212
31316
31318
21840
20516
26055
26056
20689
26200
21775
21840
20519
20655
26188
26199
20532
20552
20711
26180
20543
21355
25642
26070
20528
26213
21530
21589
21594
21633
21632
26203
20528
20525
26135
20655
26128
20701
25642
31422
20587
20751
26217
20760
20707
20532
20633
26165
26332
20546
26519
30008
20541
26180
20534
20541
20535
26118
20566
20573
20571
20540
20542
20550
20659
20545
20678
20633
20841
20658
26183
25764
31417
31424
20553
21596
26154
26169
20643
20569
31225
20548
20638
20702
26119
20598
26112
20678
20703
31420
20703
20644
20555
26114
25524
26131
26138
20560
20564
20562
20563
20563
20566
20573
20592
26334
26124
20614
20840
20633
26331
20609
20609
20660
25997
20911
31506
20580
22196
26318
20584
26123
26110
26113
20588
20691
20597
21848
20856
26125
20610
20702
26119
26268
26272
20596
20597
20599
20637
20601
20602
20757
26129
20754
26209
20639
20760
20642
26116
20612
26115
20613
30008
20616
20617
20709
29999
20626
26104
20684
20624
20625
20628
26089
20627
20705
26100
26103
20855
26104
26095
20632
20724
26064
20643
26091
20637
26185
20656
20691
20753
26216
20708
26210
20643
20657
20711
31404
31405
31425
20843
21515
25644
25999
20862
26000
26016
26081
20679
20686
20888
31399
20652
20665
20908
26135
20660
25997
26113
26181
21306
20659
25760
21600
21306
20903
21595
25644
26162
21308
26195
31419
31424
20673
26018
21306
21541
25734
25984
20709
21063
25960
21600
21297
26101
26103
21297
26103
26015
26106
21304
26066
20676
21541
26077
20887
21312
26082
20896
26072
20688
25745
31381
20865
21314
21336
21323
21541
21335
26065
21514
21314
25746
31399
22092
25739
21296
21601
21302
25658
26180
26181
20722
20734
20721
31418
20695
20696
20697
20712
31418
22083
25654
21355
25647
31413
20711
26167
22090
31422
20713
29993
20760
26168
31414
29995
29999
31227
20715
20718
20724
20716
20719
20717
20775
20718
20786
20722
20741
26059
20725
26058
20776
26063
20727
31415
20727
21293
21268
21293
25767
31343
20755
20921
21334
20735
21266
21286
21268
20738
20739
21310
26053
21274
26053
26056
20745
20746
20747
26052
21616
21628
25525
21530
21594
20757
26209
20857
20758
20786
20887
21315
26051
21630
26259
26261
26383
31470
20768
20769
20771
20770
20772
20772
20775
20781
20780
20781
20784
20781
20782
20783
20785
20785
20790
20790
20795
20799
20933
20796
20796
22312
26042
26804
26819
20925
26521
30011
20915
21063
25962
20833
26030
20821
20824
20853
20825
20852
20808
20821
22117
20812
20813
20816
20814
20815
20817
20817
20818
20819
20823
20819
20820
20837
20847
26029
20854
20907
26011
26012
20852
26027
26034
20831
20831
26026
26028
20835
20839
20842
20837
20839
22114
25993
20845
20899
21051
31430
20846
26014
20849
25989
26027
26032
26026
20909
25989
20853
26029
26118
30006
31488
20860
21318
31409
20861
20865
20864
25746
31401
31408
25992
25995
31411
20865
20873
31397
26002
26033
25977
31411
25935
25990
20873
20874
26009
25935
20876
21372
31396
20876
20880
21028
20879
20971
25933
31392
25933
20880
31396
20927
21035
25990
20883
20885
21018
31377
20885
20886
20906
20891
21038
26078
26079
31405
26105
25295
25659
31328
20906
20927
21035
26016
26023
21607
25975
25992
22096
25151
25293
20900
26079
25657
25666
20909
21030
25990
26076
26162
26084
25659
25753
21517
25748
25985
26076
22282
26341
26255
26359
31467
25998
26006
26343
25153
22286
25992
26005
26588
26593
26720
25956
30010
20935
20988
25140
22117
26505
25974
26530
22070
22074
25306
31506
26605
30016
20944
25146
31387
21990
25949
25969
20945
25971
25898
26008
31389
25962
25970
21011
26511
26772
25929
25944
25972
20977
31386
20944
20977
31386
25913
26519
20986
21014
26950
20940
20963
20988
25909
29761
30155
20963
20987
21153
26614
26722
25945
26508
20954
21990
22010
25937
25951
31390
29999
26777
30034
22270
25141
22326
25957
20976
20957
21133
25928
20961
25941
20960
21011
25952
21034
25940
20962
25941
25907
30161
25899
25902
25908
25909
25903
30087
30121
20968
20969
25917
20971
25895
26007
31385
31386
20974
25920
25914
25916
25952
25951
31394
25916
20986
21014
25899
25901
30095
30118
20996
22368
21059
21162
31360
21001
25926
21049
21153
20989
21153
22110
21004
25823
31345
21134
22082
21007
22104
25310
21052
22086
21156
21012
21156
21164
21031
25933
25934
22313
21108
25350
31361
25145
22393
25925
31359
22082
22110
22070
25145
25305
21012
22086
25925
21126
25799
31356
22305
25910
25920
31391
25940
21165
25926
21180
30123
30158
25912
21018
31384
21053
21089
25878
21089
21322
21022
21041
21067
25875
21333
25650
22077
25747
21322
21373
21526
21025
21038
21027
25736
25738
25737
25744
25882
31409
25979
26008
31412
31514
21036
25882
21055
21064
21090
25898
21318
25734
21054
21075
21043
21047
21066
25873
21048
21054
21369
21045
21097
21064
21069
21065
21085
22367
25870
21048
21059
21061
25885
21163
21515
26075
31426
25925
21333
25744
25745
25884
21069
25869
21097
21171
22367
25873
21095
25886
25887
25887
21347
25880
25960
21090
21098
25871
21070
21095
21082
21346
21082
21097
21100
22075
21072
21076
21480
21073
21346
25732
25861
21114
21172
25851
25859
21082
21369
21079
21078
21079
21172
21079
21086
21083
21099
21400
25850
25857
21085
22367
25923
21173
21185
25809
31348
25810
31354
31361
25745
25880
21188
24710
25843
27737
21176
23907
25844
21099
25837
25861
21108
25870
25873
25870
25872
23889
25846
21104
22085
23808
27736
27739
23807
21112
22085
23892
22295
31360
22314
25350
31361
25814
25815
25824
25832
24927
26329
21407
23901
22103
22105
25340
23886
23894
25862
21140
27724
24183
24659
25345
25347
25375
25378
23937
27753
31262
23813
23892
22397
24648
25349
23935
24967
22396
24659
27089
25812
25814
25832
25821
31263
22368
31348
31371
21189
25798
23842
24926
22363
22404
24945
24951
21152
22086
22368
21185
25099
25819
25930
25944
21180
30139
30161
25814
25817
21138
25806
25805
21179
23943
23739
25964
21160
30163
21160
25802
30136
25805
21147
21149
21150
22295
31358
31359
25899
23725
23817
27789
30119
21161
21349
27756
27783
21159
21161
21167
21164
21166
21182
22113
22393
21177
22311
21165
21169
21169
21170
25797
21173
25801
22311
25923
21186
25820
27733
27743
22391
31344
22295
31358
25922
25924
22387
23931
25965
25829
25833
27724
25808
23923
23930
23908
23911
26535
27751
25800
25814
25862
25797
21191
21192
25801
31369
23957
21201
21208
25953
21420
21468
25700
25788
21197
21200
21201
21420
25699
25700
21396
25792
21201
21204
21205
25789
25790
25700
25791
21210
21216
21213
21420
21650
25703
21337
21363
25691
25725
21360
21468
21216
21356
25701
21216
21675
21364
21243
21311
21360
21671
21637
21421
21426
25685
21650
25792
21732
25574
23830
21299
21340
24063
24103
27559
21380
27538
27575
27577
23992
24096
24325
25592
24004
27389
23990
25592
21639
24326
25593
21233
21234
21235
21237
21664
21239
21240
21241
21242
21244
21655
21244
21629
25794
21570
25794
21796
21248
21653
21249
21251
25780
21659
21653
25782
21253
25580
25795
21257
21659
21259
21262
21263
21285
21265
25961
29998
21269
21270
21271
25785
21273
25787
21275
21276
21598
26052
25629
25786
21292
21597
21285
21602
25784
21617
25777
21281
21591
25640
21292
21565
21666
21796
21284
21300
31343
21303
25767
31340
21359
21393
21469
25581
21602
21307
21418
21617
25643
25655
26018
21556
25684
21301
21342
25716
21689
25652
21357
21377
25778
21409
21328
31341
21356
25772
25722
21344
21409
30002
30005
25647
25714
26195
26196
21338
26070
21320
21324
21325
21331
25738
25736
21347
21325
21367
21326
25715
21330
21331
21397
25757
25719
21339
25747
25879
21335
25697
25654
26075
21682
25724
21342
21343
21481
21682
21343
21348
22080
31326
25748
25986
21444
25356
21482
25716
22297
21486
24161
25688
25853
21652
21365
25580
25796
21567
25638
31414
31417
21377
21359
25581
25685
25722
21465
25723
21561
25721
25581
25683
25724
23971
25691
21675
25773
25788
21367
25755
21371
21376
25934
25880
25881
22063
22116
25129
24115
25707
25717
21432
25771
24106
27554
21409
30012
21408
24154
24161
23426
24125
24127
27635
21438
21445
21481
21417
21432
24119
24121
24115
24120
25710
25845
24122
25712
22364
25813
25841
24103
25704
25707
24002
21408
25689
25697
24048
27537
25698
27575
25789
25715
24109
24118
25709
21419
24116
25713
25842
24049
24122
25736
23813
23883
27770
21482
25358
25359
25364
25868
27545
21438
22084
25842
27739
25688
24654
25289
25329
25370
22018
21473
24207
27581
27585
23993
24070
24072
24331
23867
27769
21466
25698
24050
25717
24117
25792
21539
21424
21469
21908
21424
21458
21905
21429
21908
21695
25574
31334
21465
31335
22779
27462
28207
28219
21460
21905
22018
24265
27493
23840
21699
21883
24366
21700
21753
25564
27522
24173
27519
27527
21557
25450
21744
21906
24174
25448
22021
25361
27357
27404
21554
30072
22720
22725
27459
27505
21446
21448
21563
21970
25353
21485
25296
25353
22019
25727
31325
25362
25681
22019
25361
25676
21449
25362
21566
21866
21566
25752
31327
21458
21911
25672
21712
21721
21727
21672
21676
25574
31331
21558
21560
25575
21560
21661
21788
22134
22134
25582
21555
21902
25450
27527
21560
25575
31336
31337
21502
21576
21794
25565
21576
25567
25573
25577
24418
21908
24168
21474
22089
25701
21471
21988
25362
25355
25676
21668
21679
23846
27569
27581
24163
24173
27524
23900
27553
27555
25373
25683
25752
24234
24236
24635
23999
24008
27497
25358
25856
21682
25682
22013
24641
24658
21866
25687
25690
21490
21968
22133
24623
21905
21906
21911
22015
21876
21986
21492
21864
22044
21497
25482
21882
31303
21551
25467
21498
22015
24169
25395
25679
22044
25468
21986
22053
21876
22044
25467
21665
22123
25263
25281
21694
25577
25583
21986
22137
21746
21976
25455
25493
25496
26247
26155
26382
31481
31298
21511
21512
21522
25663
21513
26164
21519
21520
25295
22282
26164
31425
26167
31491
22083
25651
25660
25294
21522
25270
21521
25295
25296
21550
25666
25763
31424
25739
25755
25294
21540
25670
21595
31438
21532
21869
25648
25643
21540
21867
31305
25466
31295
25522
25530
25531
25632
21892
26193
31432
25466
26157
31304
21671
21672
22134
21543
21581
21869
25634
21582
31280
25524
26171
26362
31296
25477
25519
25633
31300
22493
26359
21823
21842
21899
25495
21867
25468
25667
25275
26152
22165
21821
22136
31306
21560
21788
25637
30073
25582
21788
22120
25441
21874
25516
31280
24169
25395
25692
25703
25725
22164
25655
25364
25640
25720
25669
21570
21571
21673
25638
21599
21629
21574
21575
25573
21787
21623
25512
21891
25567
25570
21622
21692
25603
25606
25623
25627
21693
21723
21891
21582
21623
25469
25491
25514
21846
26241
21628
26206
21587
26774
21614
21863
21894
25496
26245
21612
21856
25635
21603
25628
21603
21674
21843
26147
26244
25779
31342
31436
25651
25659
21604
25625
21614
21641
30043
25760
25765
26200
21683
25624
21729
25630
22286
25976
26348
25614
25620
25498
25501
25505
25511
25527
25539
21685
31434
21789
26204
21641
30066
26205
25623
25627
25775
21625
21627
25607
25605
25604
21795
25520
31302
21626
21690
25621
25533
25621
31315
21692
31314
26192
25596
25605
21681
21728
21800
31310
21637
21702
24324
24332
27405
21642
24099
24157
24159
30038
24320
24325
21645
31308
21707
24336
27401
27404
21649
25593
31311
21650
24123
25693
21658
21697
25587
25782
21738
21773
21656
31312
21658
21673
21669
25590
25594
27391
21671
25580
21713
27351
27353
27357
25582
31337
24331
27370
27377
24302
24318
27382
21681
21688
31333
21686
24101
24157
27537
25722
24325
27383
23987
27351
25584
21673
21676
26202
21732
21729
25525
25625
25717
21684
25596
25626
31312
25587
25588
21708
25583
31334
21691
21696
21774
21712
25566
25567
21708
21752
25577
25583
31331
25607
25584
25568
25569
27522
27321
27344
21800
31309
27396
21707
27328
27331
27337
27387
27399
21710
24344
21712
21731
25566
21723
24319
24372
24380
22010
30008
24348
27399
21717
31309
21718
21720
21721
21721
25601
24273
24310
27342
21726
21774
21792
21891
25602
25567
25568
25599
21756
25561
25562
21735
24277
24337
24340
27418
21735
21736
25558
21741
21742
21741
21743
24177
27527
21916
25443
25518
24369
24540
27334
27340
27393
24497
27210
27231
27262
21891
25584
25692
27382
27385
21883
25564
25569
25585
21764
21774
21765
24349
24363
21762
21762
24362
21762
21881
21890
21764
21768
21766
21768
21769
21770
21814
21773
21838
30087
26194
21778
21791
21860
25544
21783
21860
25535
21870
26189
21841
25528
21811
25541
21791
25548
25612
21830
21896
25529
25618
25623
26190
21799
21900
31306
21827
21833
25469
31308
21881
26262
26267
26221
21805
21808
21806
21809
21808
21811
21810
21810
21811
26228
21836
21816
25543
25544
25545
21817
21820
25473
21824
21895
25506
21825
21885
25473
21825
21884
25470
21827
21828
21829
21873
21881
21832
31283
21853
25537
21834
25469
31282
21836
25491
25258
21896
22135
22269
25476
21999
25481
25631
26146
25514
25527
21858
25476
26153
21845
25490
21854
26240
25275
26357
26358
25494
31299
21852
25491
22161
25499
31456
25538
25511
25522
25532
25490
25274
26251
31459
25484
25474
21971
25462
25523
25295
31328
31472
25535
21877
31288
31290
21878
21919
31290
21879
21881
21978
25521
25571
25456
25463
25473
21898
21880
31288
21996
22156
25430
21880
21916
25518
31281
25500
23422
27477
27592
25442
25449
21904
21919
21967
25441
31292
24362
26189
31444
26173
25509
25514
25282
26357
26365
21982
22269
25492
25523
31301
21902
24568
25453
21912
21907
21976
25443
25451
25518
22089
21910
25454
21989
25681
24170
24536
27201
21962
30086
21925
24535
27208
24514
24535
27197
24545
22156
22154
22447
24543
22054
24343
24522
25445
27319
24557
21928
21929
25424
27185
25424
27191
24564
21931
21957
25410
21992
22143
25405
31270
22470
24997
25412
25000
25409
27176
21938
22439
24187
24588
21946
21993
22160
22037
22358
22450
25226
25386
22258
21946
21950
21955
21948
22146
22154
22447
21949
22148
22170
21951
21952
21958
25412
21954
21956
21958
21957
22476
21959
24631
24674
24849
26414
22459
24794
27017
26468
21965
21969
21986
21968
22038
22053
27350
27521
25461
25475
31283
22052
22142
21974
22120
25461
31301
21997
22122
31291
25228
26429
21975
22450
21977
22186
25415
25563
22135
31289
22432
25414
25425
22133
22133
25459
21988
25365
25366
25678
24497
27206
27213
27215
25367
25449
22052
25419
22476
22144
22450
22004
24182
24190
27507
24556
25434
22156
24713
24720
24190
24674
26411
25387
31278
22003
24144
25373
22008
22034
24636
24637
22397
24947
25002
22009
24637
25377
27132
22433
26410
27130
22009
24638
25372
22041
25950
25369
25729
22046
25346
24654
25289
25680
25681
22025
30146
30178
24148
25363
25680
31330
25766
25682
22024
22111
25356
22078
22061
28970
23891
25372
25378
31264
22202
22352
22358
22030
22032
25034
25135
22068
22355
22043
22140
25129
22050
25327
22055
25390
22040
22062
25381
22045
25381
27126
22358
25385
25388
22043
25387
31277
25312
25337
22041
25326
25325
25240
25312
22142
25402
24626
25390
27127
22058
22165
24209
24538
27516
22081
25335
25393
24177
27214
27533
25387
31286
25401
24625
24629
24953
26413
24229
24634
27084
27086
22165
22137
25313
22061
28937
29213
28921
22477
25385
22066
26369
25402
31271
22068
22201
31249
25321
22351
25069
25143
22197
24927
24943
24947
26978
22109
22103
25351
22126
25144
25240
25308
22199
25129
25135
22088
22076
22102
22078
22098
25284
25875
22185
22310
30111
30217
25752
25754
31326
25357
22113
25886
25748
25361
25367
25726
23893
27739
22106
22377
25296
25353
25752
25754
23889
25837
25855
25866
22377
25743
31376
25284
25876
25751
31326
22286
26342
26349
31491
26345
25348
31261
25283
25307
25331
25331
22131
26340
31379
31383
25749
31490
22113
31355
25140
25284
25310
25291
25292
22199
25291
31507
22199
25130
25302
22205
26635
22209
25415
22230
25317
25237
25239
31276
22230
25323
26431
26433
26498
31521
25253
25255
25256
25261
22248
25256
26406
22185
30220
31461
25516
25260
26173
31306
25242
26422
22151
22169
24620
25401
31274
24620
22435
24607
25410
31272
22456
22439
25425
22155
22221
25232
25245
25225
25425
25429
22160
22221
22429
25237
25313
25314
25413
25505
22202
22358
26153
25365
25366
25393
22168
22184
22169
22178
22174
22470
25036
22471
25042
25035
25043
22258
25232
25230
22468
25035
31256
25036
22476
25226
25266
22258
25230
22183
22188
22220
31251
25266
25244
25249
22190
22191
22192
22198
22193
26402
25243
26408
22228
22279
26372
22278
25246
26366
26379
22279
25224
25228
22280
25233
22279
25217
25224
26396
22216
25222
22348
25236
25313
25317
22231
22343
22242
22340
25163
25188
22214
22215
22217
22218
22216
22319
22220
22244
22319
25226
25247
25255
25212
31259
22244
25180
25198
22254
26431
31496
26653
22231
25252
26430
25290
25292
22277
25219
26654
25266
31250
25175
31250
31251
22340
22475
25201
25204
25033
25041
22551
25076
22320
25029
25214
25085
31154
22243
25201
25212
22316
25173
22475
25179
25189
25220
22475
25179
25185
31254
22339
22451
22257
22464
22481
25174
22348
26461
26464
26459
26463
31494
22256
22319
31253
25225
28911
30997
22264
22490
25493
22271
22330
22272
25141
25169
22324
25138
25173
25204
29880
29948
22408
25186
26948
22423
25172
26432
25134
25234
31512
26339
25303
26513
31379
26035
26630
30007
31233
22322
22326
25137
26507
25111
31349
31350
25137
25139
25155
22386
31347
31223
31235
31239
22405
25117
31394
25119
22383
31234
31236
22329
30216
25939
25944
25972
25916
31260
31354
22401
31351
31356
22318
25168
22339
25126
25133
22342
25127
22474
25233
22448
25128
25142
25072
25084
22346
26436
31499
25126
25136
30212
26753
22345
22540
22335
31180
31183
25086
31162
25112
25114
22357
24937
25059
25061
22356
25064
25190
22464
25196
25206
22424
22355
22356
25096
22418
25139
26944
26945
22428
25308
25332
24609
22354
25133
31249
25116
22360
24951
25822
25828
30922
22365
25825
25826
24944
24950
25844
22376
24948
26541
23932
24942
31363
31172
22384
31172
31175
31182
22390
25098
26753
26940
26961
22375
22380
25123
25901
22379
25105
25110
25113
25118
30225
30226
25117
22382
25105
25121
22389
25100
25106
22401
25107
22391
25840
25968
23938
24935
25098
25108
31360
31362
22441
24631
26976
23768
24925
22398
24958
22402
25349
25801
31375
25799
31349
24797
25102
25103
23902
25862
25122
31346
31184
31217
22418
24969
28855
22472
22494
25076
22465
25037
25072
22422
25056
25059
22444
26570
24976
25088
25115
31179
24903
25057
25058
26570
24977
25054
25063
25066
22428
25149
26352
25311
25245
25416
22443
22448
24937
24673
27098
27165
22456
27128
31267
25069
25234
24607
27176
25382
25406
23629
24707
27782
22486
25063
25134
24961
26978
24960
22448
25125
25128
22448
25001
26571
24772
24959
24995
25065
25432
31287
24586
24591
24997
22529
22533
22471
22515
25038
25039
22521
25031
24428
25013
26969
24799
25009
25011
22526
24982
25035
31255
22467
22534
22465
22484
22535
25196
25075
24849
27095
22515
25039
25045
22552
25199
31179
22486
25033
25069
25322
25200
22481
22482
22487
25193
22535
31257
22514
22534
26482
22497
22523
26732
26756
30464
25207
25065
22506
30225
25488
26263
24595
25072
22517
31157
25046
25047
26483
22499
22500
29396
22515
24596
26480
25054
25080
28755
24819
24975
22539
28860
22517
25085
25191
31151
22539
25046
22527
31236
22512
22514
24815
22529
25039
22543
22523
31150
25048
24978
28875
22526
25050
27172
24921
25033
25043
22541
22545
31143
26484
27004
28755
24794
24994
25011
28873
24992
25018
27039
27152
27155
22578
31068
28859
29957
25077
25085
25192
25209
28911
24761
24612
24678
24995
24663
27067
22598
25052
24614
24616
27048
27149
23298
24666
25062
25073
26924
25037
25079
29963
28432
28383
22609
22637
28691
22746
28289
22586
27024
28346
23731
27855
24845
23695
22576
29894
29897
23771
24871
24881
24845
24857
28792
24728
26995
28349
22582
28394
24900
28390
24850
24877
22615
22582
24853
28422
23621
27879
28425
22584
24865
23775
24864
23566
23575
23600
28247
22587
24858
22599
22809
22759
28392
22728
24858
22746
22787
24722
28289
24912
27006
22658
22765
22792
24178
24618
24694
24993
26447
27015
27166
24589
27030
22615
23828
28290
25048
22765
24858
22748
22757
24850
24751
24783
28342
28368
28383
22639
28383
22652
22690
22879
22920
28366
28384
28385
28381
28692
28708
28461
28378
28379
30021
24769
24786
24776
24787
22622
24789
22626
22627
24682
27038
27045
28294
22622
24785
22626
22633
24799
24805
25005
22626
22630
22634
22629
22630
24826
28360
28377
28708
28711
28379
28387
22637
22684
28353
22958
27028
22869
23337
28196
22680
22670
24551
22652
24668
24781
22958
24777
22656
22677
22704
22668
22672
22707
24904
27169
27170
24559
24668
24781
22660
22657
22660
26997
22660
24778
24784
22815
28315
22752
28317
28318
24668
24703
24725
24731
22700
27253
28302
22673
28351
28391
22671
28354
28370
22673
22871
22679
28314
22680
22680
28357
22847
22684
22744
22685
22882
28261
28216
28217
27368
24471
24482
24600
23234
27407
22695
22698
22879
22920
22921
22705
24570
24532
27253
27503
28302
22743
24773
28334
22951
24481
28295
24580
22722
27158
22726
22744
28333
22710
22721
24685
28310
22953
23295
28311
22713
22740
28299
22716
22900
22926
28268
22940
23278
23489
28103
22940
22792
24203
24683
24718
24377
27249
27258
23297
28093
27468
23294
27057
27060
27034
28325
28358
22930
24475
24490
24579
23231
24377
27458
28329
28330
28358
24494
24496
27053
27236
22744
27032
22730
27055
27064
22754
28332
28338
23137
22756
27788
27812
23834
27106
28282
28017
28019
22765
22847
28257
28331
24597
27174
27175
23438
24719
22959
27253
24529
24561
24695
28333
24685
24686
28098
28338
24764
24848
24771
26995
28347
24802
24988
26452
27159
24732
28288
22796
22942
24178
24740
28098
24722
24734
28333
24481
28292
28295
28328
28251
24872
23382
23642
28278
28249
28257
23309
28237
28242
28255
22811
23670
22768
22805
23419
23609
22770
22789
23658
28278
27741
23673
23656
28285
24852
24898
27821
22786
28281
22789
27826
23672
27069
28284
23584
23625
27913
23613
23633
23655
23784
22789
23658
28272
23656
28220
22781
23296
24617
24729
24731
27070
23260
23263
23387
23634
28022
23301
23320
23645
27933
27618
27631
23610
23635
23640
22789
23843
28284
27054
28283
22797
22798
27095
23975
24095
28274
24693
27065
23419
23609
28273
23292
28093
28070
22999
30189
23418
28271
27932
23233
23285
28092
22805
22821
23420
28026
28083
23479
28076
28118
22816
23309
23602
23604
23420
28282
22807
28415
22810
28416
28424
22809
28277
28286
22810
28257
28231
22900
22926
28232
22925
22820
23318
23596
22831
22851
28250
23256
28269
22877
22824
22825
22825
28046
28238
22830
22832
28240
22832
28242
22847
28250
28251
22839
22836
22838
22837
22850
27931
28279
28256
23570
22849
27925
27926
27927
23822
24662
27932
28020
28255
28256
28252
23584
22855
22867
22859
22857
22859
22869
22868
22863
22915
28267
28306
22866
22884
22866
22888
22868
22869
22872
22874
28316
22874
22877
22883
22927
22881
22923
28353
22884
22888
22886
22887
22889
22887
28312
28318
22889
22894
22905
22895
22917
22904
23246
28228
22975
23071
23118
22902
28159
28180
28226
22904
28231
22906
22916
22942
30270
23256
22908
23256
28188
28227
28046
23228
27257
28199
22914
22982
23232
28179
22933
23096
23343
22937
22982
28183
28218
23246
28216
22918
22923
22924
22923
22924
22925
28233
27258
27309
27458
24439
24445
24470
24579
24408
24423
23075
23343
28182
23015
28179
28227
22974
28186
22941
22947
24472
22989
23207
22994
28185
28191
23001
28192
22947
28191
22999
22947
24465
22994
28185
28187
24203
27466
28213
28217
28221
28217
22953
28218
28306
22988
23337
28064
28072
28327
22953
24205
28212
28298
28297
22956
22961
24453
24467
27026
27042
24740
28301
23215
27368
27414
24482
27298
23216
23015
22979
24410
28178
23253
23504
27688
24405
24305
27413
27446
22983
22993
22995
24458
23262
28203
22978
23071
22992
22994
28193
22992
22985
28187
28114
28184
22991
22990
22994
22996
23033
23009
23077
23232
23274
28113
28199
28064
28114
28184
23199
23255
23265
22997
23001
23003
22997
23001
23002
23003
23050
28143
28146
23002
23003
24417
28172
23074
28163
23071
23085
23081
23012
24461
24460
24292
23180
23226
28172
27300
23023
23025
23024
23032
28147
28149
23122
23335
23341
23042
23073
23088
28163
28153
23235
28140
23115
23235
23035
23034
23216
23036
23037
23039
28146
23039
23183
28129
28173
23138
28126
23090
28170
23044
23045
23048
23046
23048
23053
23056
23055
23056
23116
23124
28150
23064
23062
23063
23065
23066
23066
23097
23197
23199
24069
28127
23087
23075
28072
28184
23093
23108
23086
23334
23087
23079
23081
28166
28167
23085
28165
23162
23201
23238
23092
23095
28162
23092
23090
28166
23096
23226
23116
23096
23101
28163
23101
23116
23126
28157
23102
28170
23103
23103
23103
23109
23110
23110
23125
28169
28171
23110
23114
23163
23113
23128
23114
28148
23118
23119
23121
23121
23340
23341
28159
23183
28173
23125
23189
23126
23128
23129
23180
23226
28128
28144
23172
23237
28153
23230
23268
24206
23376
23340
28158
28161
28162
23333
28042
27920
27935
23289
28031
28158
23142
28074
23142
23160
23148
23153
23158
23468
23472
27967
23476
23152
23311
23518
23532
27973
23520
23370
23374
23353
23367
28082
28084
28028
23372
23155
23155
23160
23156
23161
23159
23160
23161
23520
23163
23164
23165
28155
23495
28151
23223
23174
23505
23238
23176
23176
23176
23516
24298
23259
24255
28101
28108
28130
28133
23211
24297
27408
28105
24260
27413
28176
24291
27452
28033
28080
23329
28144
28150
24047
24274
27620
23242
23279
23393
27983
27990
24036
23491
23501
27676
28125
23275
24259
23207
24034
27632
23227
23412
27670
27679
24247
27480
24238
27453
28102
23229
24244
24252
27471
24145
24181
24222
23209
28178
23232
28127
28128
23265
28114
28115
28207
23212
23232
28179
28199
23215
24285
24306
27417
23489
24026
24289
27443
24293
24289
24297
27411
27443
28130
23230
24420
27408
24281
24314
24279
27255
27434
27437
24260
24281
27416
27419
24448
27263
27288
27261
27426
27525
23236
23230
24419
24215
24258
27468
28123
23291
27260
28063
28067
23239
28125
28145
23238
23241
23240
24297
23241
23444
23490
23443
23464
23468
28006
28195
23289
23352
28044
23338
28225
23249
28078
28122
23350
28028
28125
28126
28074
23269
28064
28207
24255
28121
23263
23261
24067
24238
28117
23270
23272
23322
28065
28216
23260
23434
23273
24421
28111
28207
23267
30286
30291
28106
23268
23274
24206
28107
23331
24069
28127
30206
30295
24253
27464
23331
30256
24256
28198
28211
28112
24206
28110
23282
24341
27371
24212
24440
24534
23492
27648
23611
24233
27535
24214
27447
23403
28009
28010
27805
28097
28274
23466
27989
27998
28119
23975
23983
24075
24079
24082
28037
28246
23300
24238
28101
24205
28200
28202
28222
28265
23301
28014
28085
23295
23297
24253
27463
28094
23299
27472
23299
24666
26467
23325
23424
23320
27937
23706
23713
23400
23434
27800
28015
23820
24243
28105
23812
27803
28034
28041
28060
28063
28195
28243
28244
23319
23345
28082
28084
23328
23315
23352
28061
23316
28081
28052
28080
23319
28088
27932
23323
23348
28243
23348
28241
28062
28079
28089
23610
23635
23381
23466
28076
28120
23395
27991
30255
30291
28071
28180
28183
27461
27462
28115
28111
23342
28057
28061
28227
23448
23350
23372
28068
28245
28122
23349
28080
28080
23352
28061
28042
23359
23356
23360
23596
28030
28035
23364
23365
23441
27992
23360
28030
23388
23441
23399
23385
23369
23473
23497
23684
28029
27998
28075
23450
30288
23372
23372
23469
23377
23380
23380
23379
23381
23381
23644
23650
23659
23384
23385
23386
28017
23596
23455
27967
27973
23396
23399
28007
23424
28008
23452
27983
24128
25686
27552
23475
27992
27793
27889
24268
27479
27648
28103
23616
28003
23441
28005
28103
28104
24064
27609
27628
28000
24086
24091
23430
27613
27986
28012
24023
24047
27618
23417
23636
23983
24079
28003
23593
23635
27916
27114
27780
23466
23525
28120
24054
27634
24077
24078
23646
23646
23718
24699
28003
28275
23429
25711
27599
24201
24410
24411
24084
24089
23430
24080
24085
24077
24079
23974
27655
27987
28001
28008
28016
23821
27102
27117
27825
24238
28016
28096
23634
28002
23975
24093
23442
23472
23449
27980
23465
24024
23489
24289
23472
27990
27450
27452
27615
23450
30900
23465
27608
30288
23470
23467
23464
27966
23475
23467
23518
23480
27966
27999
23639
27609
23467
23463
27988
23505
23507
23512
27970
27976
23463
23523
23524
23523
27954
23472
27966
23471
23474
27944
27974
28006
23662
29647
30887
23510
28152
23510
27979
23483
27998
28076
23486
23486
23488
23486
23488
23488
27964
23500
23499
23499
23500
27621
27372
27441
27445
27451
27957
27962
23506
24017
27410
27444
23503
23503
23684
23751
30883
27687
27961
27962
27691
27955
27970
27975
27976
27977
27971
27979
28153
28155
23516
28152
27946
27974
27952
23521
23522
23527
27952
23524
23527
23526
27988
28116
23528
28074
23528
27951
23530
27945
23531
27946
27977
27947
23535
23538
23539
23540
23542
23544
23547
23569
23576
23547
27856
28443
28445
23707
27847
27853
23681
23686
29907
23694
23666
27906
23556
23558
28446
23562
23563
28446
29959
29921
23569
23567
23569
23571
23579
23595
23572
23573
23574
23578
23582
23583
24077
24082
28004
23582
27931
23625
23591
23613
27915
23594
27917
23593
23591
23614
27926
23647
23606
27918
28024
23595
28279
23598
23601
23602
28254
23601
23602
23612
23635
23784
27888
28095
27919
23683
23692
27864
23798
27807
28282
28283
23616
27921
27919
28095
27915
27927
23642
23784
27895
27892
23653
27921
28259
27884
28253
23640
23641
23707
27879
23627
23711
23624
23625
23627
23626
23628
27913
23628
23648
23728
27917
27931
27900
27909
27910
23704
23714
27887
27902
28012
23640
24090
23780
23792
27910
27611
23654
23655
23828
24703
24725
24092
27895
28270
23656
28272
23659
28287
23711
27862
27822
23977
30287
30897
23715
23704
23788
28286
27922
28287
28277
28286
28270
27885
28253
28280
27884
28278
30897
23688
23748
27868
28418
23667
23709
23676
27882
27906
23673
23909
27713
27720
29958
28418
23702
23764
23843
24715
28415
28426
28280
28287
23746
27854
23707
27877
28411
27904
27907
29907
28509
23690
29911
29192
30290
23686
23693
23687
27862
29915
29916
29882
29893
29906
23755
27727
29906
29907
29879
29913
28414
29782
27785
27808
23706
23716
27914
23949
25843
23759
24708
23906
27728
31372
27902
24884
29801
23709
27853
23710
23722
23728
23781
23778
27905
23792
23718
23780
23789
27909
23763
27904
27738
23722
23921
23729
23909
23920
23950
24649
27114
27744
23871
23760
23922
23925
23827
24711
23735
23753
23742
23734
23736
23735
23921
23744
27838
23939
23758
27840
23757
23758
23760
23760
23926
27861
27871
23748
23749
23753
23750
23753
23770
29646
23753
24656
23918
23926
27843
23759
23766
23875
25838
27750
23765
24866
23765
23766
23766
24861
24171
24635
24643
23933
25963
24852
24861
24854
24872
27818
23870
24152
24224
27117
24859
24895
26989
28393
28413
24841
26984
24708
24709
27818
27898
27602
27773
27907
27904
27914
23788
23825
24709
27067
27068
24705
26329
24143
24248
27578
27604
23803
23791
27816
27792
27813
27809
23794
23794
27897
27898
27908
23796
23800
23815
23797
23798
23800
23805
27897
23854
24645
23803
24709
27778
27818
27788
27787
24155
27816
27735
27752
27755
23976
24043
27568
27762
27784
23812
27761
23853
27757
27787
27111
23859
27752
27762
27768
23839
27422
27637
24241
24282
28103
24221
24094
27101
27790
27804
27810
27783
27785
27808
24708
27815
24092
24893
27069
27778
27779
23843
26992
24088
24090
23861
24662
24713
24715
27061
24893
27896
23835
23867
24046
24714
27109
27591
27602
23866
27742
27115
27106
27825
23849
24052
23879
25854
24637
27826
23865
24133
27117
23985
24053
27587
27596
24250
27570
27605
27760
27764
23869
27758
27776
23856
23854
27765
27771
23855
23856
23881
27750
23907
23916
25857
27736
23904
24050
27559
25376
25847
23864
23865
27770
23870
27593
23870
23883
27779
27811
27768
24113
24158
25694
25711
24128
23875
23931
24656
25965
24657
25843
25965
23875
23955
27726
24048
27599
27633
24110
27110
27747
23898
24131
27746
27747
23903
31373
25856
25858
25868
24058
27803
25842
25850
25859
23894
27510
23901
25359
25696
27540
24658
23893
25866
23977
29617
23898
25690
24150
25360
27746
23901
25855
27119
24136
27554
25849
25860
27728
23906
27728
24657
27729
31371
23916
25844
27727
23947
27716
29780
26534
24758
24879
26986
24664
27096
27097
25101
25822
26548
23925
27718
25352
25839
23921
27711
27727
23920
23921
27727
27712
23949
27711
23946
30162
30168
23926
27711
24922
27717
29801
24887
24896
26980
23952
25811
27724
24934
24873
26981
26537
26539
25831
26546
31363
27725
24922
30163
23943
30162
23946
23953
29769
29772
24882
24887
23951
23953
23954
23954
23954
23956
25838
23957
23958
27721
27721
23961
23995
23964
23989
24057
24100
27710
23972
23978
24000
27660
24241
27801
27678
24040
24009
24275
27662
27674
27662
30360
24102
24186
27481
24058
24096
24098
27710
27678
24309
24315
27386
24164
27418
23989
23997
23991
25594
23999
24072
24208
27389
24014
24015
27694
23997
27692
27707
24208
24337
27531
24000
24008
24037
27658
24005
27692
25591
27400
24028
27369
24257
27675
24012
24012
24015
27693
27695
24015
24016
24019
24020
24018
27959
24020
24020
24097
30398
24270
27658
27663
27632
27629
27668
27664
24028
24271
27673
24287
24031
24033
24032
24036
27561
24041
24331
27369
27370
24042
25440
25446
27519
24100
27661
24043
27652
24043
24275
27693
24285
24287
27601
27602
27770
24052
27499
27704
27486
27536
27590
27604
27583
27758
24129
24134
27474
27653
27562
27565
27774
24061
24063
24063
24207
27512
27647
27631
27638
27591
27784
24239
27485
27624
27641
28104
28106
24328
24334
24245
27477
27582
24315
24316
24102
24184
27475
27584
24242
27454
27465
27482
24081
27608
27610
28004
24081
24085
24082
27603
27642
24085
27617
27616
24090
27767
27891
24089
27588
27774
27803
27797
27457
27799
28100
24711
27107
27485
28100
28274
24153
30400
27708
27498
27538
27562
27709
24162
24333
27425
27649
24107
24270
27644
27651
24166
27493
24108
24112
24116
27545
27554
24114
24114
27553
24118
24117
24118
25708
25707
24120
25865
25712
24162
24333
24642
24714
24718
24137
27539
24137
25709
27547
24137
24130
24152
24220
27637
27552
27594
27506
27509
25359
25696
24639
24856
24143
24213
27633
24156
27551
27763
25853
27542
24146
24652
27118
24660
25677
25400
27135
27780
27653
27135
27136
24151
24217
27487
24639
24232
27491
25837
27748
24175
25400
25679
24152
27746
24179
27534
24219
24160
24161
24265
27546
27539
27549
27536
24265
27546
27580
27374
24165
27538
24165
27379
24311
27324
24166
27498
27494
27530
24579
24748
28302
27379
24174
25400
25394
27137
27361
27426
27439
25440
27530
24660
25440
25446
27524
27528
27487
27526
24186
26412
27125
27150
24676
24216
27425
27483
24494
27206
27213
24627
27189
24688
24696
27079
24217
27511
27513
27534
24499
24575
27180
27203
27276
27440
27514
27518
24307
27414
27416
27358
27476
27526
27533
27534
24319
24380
24422
27323
27345
27353
27356
27206
27219
24538
24410
24230
27078
27328
27343
27404
27463
24219
24224
24340
25591
25446
27198
27501
27513
24220
27582
27584
27242
27251
27569
27637
24215
27448
24269
27483
27484
24334
27571
27477
27100
27102
27535
27424
27649
27100
27106
27102
27585
24462
27247
28302
24283
27251
27222
27311
27515
24370
24507
27267
27502
24577
27199
24716
24489
24534
27082
27242
27091
27493
27509
27512
24533
27136
24440
24578
27501
27513
24636
27507
24740
27464
24240
27620
24243
27479
24252
27470
27448
24254
28110
27681
24254
28108
28109
27480
27582
27628
27643
24266
27475
27585
27593
27239
27505
24269
27620
27463
27595
24421
28201
24264
24259
27448
24441
27436
24314
27283
27428
27439
24283
27261
27310
27426
24290
27672
24717
27104
27483
27619
27629
27647
27453
27595
28108
27473
27645
27700
24348
24350
27681
28097
24447
27295
24329
27355
27365
24378
27226
24420
27285
24281
24311
27419
27442
27443
27250
24307
27359
27366
27576
27673
24289
24294
27641
27672
27414
27419
27446
24296
27411
24298
24306
27407
24306
24300
24303
24308
24359
24321
24308
27286
27409
27412
27627
27497
27342
27350
27405
27417
24314
24353
27393
27497
27369
27497
28174
28175
27383
27386
27357
24364
27388
27339
27343
27357
24348
24332
24328
24330
27389
24337
27344
27531
24332
27390
24348
27376
27390
24451
25445
27402
27403
27346
24346
24406
24355
27338
27378
27476
27417
27576
24378
27438
27340
27313
27356
27440
30044
30056
24401
24413
24423
24363
24374
24365
27380
27531
24353
24354
24357
27354
24357
24361
24360
24361
25435
25438
24379
27325
27398
27524
24367
24368
24539
24550
27204
24442
24503
27317
27323
24374
24376
27319
27320
24376
27258
27322
24449
27322
27317
24382
24521
24383
24385
27274
24387
24389
24390
24392
24391
24393
24395
24397
24402
24401
24402
27297
27303
24404
27298
24405
24407
24464
24410
28174
24487
24419
28175
24426
24427
24447
27296
24414
24423
27277
28174
27287
27293
27280
28177
24549
25437
25555
27256
27412
27437
28202
24452
27276
27275
24509
24448
24513
27308
27172
24432
27245
28201
27255
27261
27525
24437
24443
27270
27240
27248
27252
27260
24438
24437
24438
24444
24508
27429
27310
27244
24444
24463
24465
27254
27274
27225
27266
27272
27319
27321
27306
24471
24456
27292
24457
24457
24458
24459
24459
24461
24461
28206
27233
27469
24484
24472
24476
24473
24475
24475
24477
24490
24600
24747
24686
28331
28334
24510
24511
27207
27210
27213
27237
28293
28324
24486
24726
27073
27075
24677
24519
27197
24487
24570
24743
28300
24520
24580
24744
24748
27052
27503
24494
24619
27237
24508
27262
24684
27243
27205
27139
27140
27206
24581
24644
24574
24505
27192
24505
24512
27229
27469
27220
27264
27431
27223
27262
24512
27296
24575
27266
27311
27312
27427
24517
24548
24545
25437
24521
27197
27222
27231
27239
27227
24541
24549
24564
24574
25420
27139
27149
27199
30368
27198
27501
24690
27049
27085
24569
27028
27051
27240
24632
24578
27216
24568
27214
27344
27345
27353
27355
24539
27515
24540
27528
25445
24551
24547
24553
24546
24547
27224
27194
25436
25437
25444
27348
24552
24553
24557
24554
24557
27196
27197
27347
27438
25417
25427
24560
30451
24776
24787
24742
24878
24606
24624
24627
27191
24576
24567
27203
27500
25404
27209
27229
27230
27207
27232
27215
27216
27081
27510
27508
24600
24753
28327
24643
27088
24755
27157
27159
24585
24599
27541
30611
30701
24597
24597
27189
24769
27030
25015
26472
26473
24611
24613
26413
27156
27190
25020
25053
25056
24766
24984
27173
24677
24754
27041
24611
24671
24757
24606
24607
27188
24607
24648
24958
25384
25041
25406
25411
24624
25409
27173
26970
24625
27173
24690
27148
24616
27149
24619
27152
24618
24694
27824
24878
27099
24749
27052
24623
25403
24626
25381
25388
24960
25384
27126
25394
24625
26410
24628
24628
25007
26412
25032
26977
27088
24674
26977
27080
27081
24636
27136
24638
24638
27742
24855
24871
24879
24892
25371
27630
24644
27755
27771
25848
24894
26992
25341
25377
24705
26328
25819
27731
31368
24966
26543
24698
27119
25352
25839
25847
25334
25372
25368
24657
24676
27089
24688
24714
27066
27061
27780
27061
24762
25027
24914
27074
27012
30463
30662
24904
27025
27029
27042
27160
24972
25092
26744
24695
27085
27094
24680
24759
27162
27168
27091
25379
24703
27070
27096
27097
24729
27098
24804
25014
27030
27036
28350
24688
27078
27099
27050
27082
27133
24686
28308
24697
27067
27099
24736
27047
27048
24692
24744
24741
27040
28337
24738
27064
24878
24697
27066
27087
27088
25836
25849
27123
24899
24924
26534
24884
24897
25967
26539
24703
24894
27116
24899
27780
27782
27783
27823
27738
27751
27782
27818
27097
27826
24718
27492
27583
27592
27065
24720
27630
27056
28293
28324
27055
28288
24730
27044
26455
27017
27018
27161
28290
30489
30528
30535
30592
24810
24730
24731
24733
27064
24734
27035
27044
27040
27044
28332
28330
28332
24812
30403
30516
24739
24743
27454
24744
27078
27083
24750
24751
24774
24749
24754
24779
24776
27154
27153
24808
26452
27156
27171
24767
24841
24914
27164
24803
24806
25012
24801
25017
24846
28343
24767
24901
26467
24822
26473
25023
25024
24780
26996
27075
28348
27032
24917
24952
24986
28327
24782
24776
28319
27027
24779
24904
27043
28340
28323
24786
24789
24796
24790
24790
24789
28344
24790
24824
24981
27002
24988
27158
26999
24994
24796
27022
28346
24947
24804
26445
26453
27161
28348
28355
25012
24989
26443
26448
26442
26453
25010
26453
24836
24910
24994
26475
26476
24811
27029
27034
27021
28319
30516
25047
26479
26482
24833
24837
24870
25011
25013
26478
25020
24912
26581
25023
28715
24981
25020
24829
24916
27010
27011
24827
24827
28755
24974
26906
24916
27005
24831
28701
28708
24939
30516
24850
24911
26582
24939
30473
26747
24841
26581
24910
26580
26578
24843
24916
26579
24877
24907
27832
24900
26995
28347
24900
27077
24905
24860
28396
28394
24860
26988
27825
24868
24889
24890
24866
24897
24886
24892
26985
26987
24865
24866
24884
24868
24907
24925
25966
26549
26988
28396
26539
27829
24885
24929
30533
30550
28793
27099
24931
24892
28792
27719
27831
24929
30532
25967
24888
24889
27830
26980
24891
26985
27804
24928
26988
26990
26982
26987
26536
26540
26991
24930
25963
24902
27073
25032
28361
26996
28348
28361
26579
24970
24911
24918
26582
24915
24918
24952
26450
26972
27074
28846
31158
31191
25004
26454
26465
25041
25411
27111
27754
27777
24934
24942
26328
24931
27116
26534
26540
24943
24934
25968
26535
26328
27744
26544
24940
30144
30511
24991
25132
24949
24961
25841
25815
31346
25103
26541
26546
25104
25825
25813
25821
25839
25122
25822
25013
26969
26410
27131
26454
27015
27041
24963
24968
24972
25092
24964
25057
24958
25001
25002
25058
26975
26576
27129
25090
26745
26746
28855
25003
25088
26971
24967
25092
24968
24968
26744
28849
28850
28818
24974
26472
24979
25054
25003
25059
25088
28853
24984
28854
25170
30503
26474
26479
24991
28757
26577
26579
26581
26469
26478
27017
27161
24989
27019
25005
24993
26415
26466
27160
30587
25011
25016
27163
26476
25382
26481
25408
25038
25039
25049
25015
26480
27172
26573
26978
26979
25058
26467
27076
26443
27174
27163
27164
27166
27016
27023
25013
26471
25012
26442
27020
25016
25018
25019
25028
27000
25022
25024
25027
25025
25028
25024
25025
25028
26477
25224
31249
25074
28845
25057
25042
25133
25136
25234
25075
25084
25040
25044
25043
25045
25048
25052
25048
25051
26480
25055
26484
25072
26574
25068
25067
25061
25067
25127
25168
25066
25068
25382
25068
26570
25081
25096
29948
25076
25078
25203
25077
25202
25200
25208
25079
25080
25080
25084
25083
25087
31191
25083
25087
31153
25097
31160
25091
26747
26748
26900
26907
31158
25092
25094
31160
26744
26745
31161
31163
25098
31162
25800
25101
25106
25104
26541
31364
25344
25111
25107
25109
25112
25117
25112
25118
25114
25118
31246
25117
25120
25124
31347
25124
30094
31347
25127
25127
25128
25143
25283
25286
25287
25299
25170
30499
30612
25134
25233
25136
25142
25139
25141
25142
25894
25895
25308
25283
25287
25152
25974
31510
25982
26510
26525
26350
25306
31382
31383
25305
25894
26514
25157
25156
25157
25161
25157
25160
25161
25173
26433
26462
26498
26731
26937
25164
25165
26500
25169
25178
26490
26740
26938
30506
30500
30525
30557
25223
25213
31255
25185
25185
25188
26941
25189
26730
26954
31200
31204
25190
26940
26941
26944
26917
25190
25192
25193
25211
25194
25194
25197
25206
26921
25197
25200
25202
25202
25206
25210
26920
25207
31149
31150
25211
26919
31151
25214
25215
25218
25218
25219
25219
25223
25223
25222
25231
25257
25261
26425
25229
25231
25235
25232
31249
25239
25314
25318
31279
25239
25321
25320
25323
25256
26406
26425
26428
25257
25247
25253
25269
26430
25249
25250
25250
25253
26368
26427
25254
25257
25261
25267
31460
25260
25265
31293
25267
25269
25272
31293
25268
26367
25268
25275
26365
26384
25488
31292
26385
31454
31458
25479
25277
25281
26354
25278
26343
26355
25279
25280
25281
26357
26354
25308
25286
25306
25298
25292
30495
25369
25291
25749
25296
30501
30552
25299
25304
30520
30573
25304
25309
25303
25305
25306
25310
25336
25324
25318
25324
25407
30924
25318
25323
25374
25452
25485
25321
25323
25326
25327
25334
25328
25338
25328
25334
25335
31261
25332
25336
25339
25335
25338
25337
25339
25338
25339
25342
25348
25347
25349
31263
25350
25352
25375
25846
25348
25351
25351
25375
25357
25355
25356
25357
25357
25733
25858
25686
25852
25676
25733
25395
25373
25371
25678
27124
25370
25371
25726
25373
30389
27129
25383
25383
27129
25384
26576
25388
31278
25402
31277
31279
25407
25452
25391
25393
25399
27151
27138
27146
25403
25404
31269
31274
27144
27185
31272
27141
27141
27147
25410
27173
27178
25412
25416
25416
25418
25419
25419
27145
25424
27181
27211
25422
27179
27180
25433
25426
27179
25429
25433
25433
25432
25434
25434
31284
31284
31290
31286
25434
25555
27526
25458
25461
25451
31333
25447
25447
27348
25554
25450
25455
25453
31303
25454
25455
25475
25485
25459
25462
25493
25462
25474
25475
25488
25494
31296
25487
26157
31295
25468
25468
25508
25519
25502
25505
25497
25475
25492
25515
25520
25480
25494
31296
26242
31295
26176
25523
26171
26172
30394
26142
26161
31432
26247
31294
31299
25490
31297
25493
25496
25497
26245
26250
26245
26251
31454
25500
25502
31446
31459
25509
25509
25510
25539
31300
25517
25531
25618
25519
26249
31304
31302
31323
25521
25522
31280
31305
25532
25529
25528
25529
25539
25614
25612
25537
25538
25633
25541
25542
26229
25545
25550
25546
25548
25550
25551
25552
25551
25552
25555
25556
25556
25558
25562
25562
25571
31332
25572
25572
25571
25573
25575
25577
25576
25576
31331
27537
27635
25705
25724
31333
31332
25586
31334
31335
25589
25593
25589
25594
25590
27389
25594
25611
25597
25600
25601
25603
25602
25603
25608
25606
25609
25608
25610
25611
25610
25619
31314
31436
25618
30947
25618
25619
31320
25623
31315
31320
31316
25625
25626
25628
25629
25627
25629
25630
26139
25634
26192
25653
30588
30949
25638
25641
25720
31338
25641
31421
25648
26187
31437
26067
31419
25649
26197
25750
25660
26162
25739
25755
25748
25759
25665
26164
26166
25741
31382
26334
25666
25665
26001
25765
26167
31416
31420
25668
25669
25670
25674
25674
25695
25676
25682
25678
25679
25680
25682
25684
25685
25688
25689
25696
25853
25699
25703
25693
25698
25703
27577
30615
25723
27575
25723
25702
25702
25704
25705
25706
25708
25708
27540
27544
27580
25713
26163
31422
25716
25718
25718
25774
25771
25772
25722
25725
25725
25729
25728
25732
25729
25730
25732
25733
25733
25762
25737
25754
26332
26338
31403
31382
25743
31376
31378
31406
25877
26081
31399
25876
25877
31490
25757
25754
31324
31324
31329
30555
30571
25758
25761
26070
26080
26083
25764
25764
25779
25996
26170
25779
31341
31340
25770
25773
25774
31342
25778
25776
25778
25781
25784
25787
25787
25787
25790
25791
25796
25795
25796
25801
25823
25803
25808
25804
25806
25808
25824
31356
25831
31366
25816
25817
25824
31356
31344
25820
25835
25840
31366
27753
31265
25826
31349
25830
26548
31365
25828
25829
25966
26330
25829
25833
25832
25833
25833
26545
26549
27733
27751
27124
27745
25843
25850
27751
27731
27734
25860
25865
25847
25850
27733
27743
27745
25861
27542
27748
25855
25867
27748
25865
25863
25863
25864
25863
25865
25868
25867
25868
25871
25876
25879
25876
25879
25885
25883
25884
25889
25892
25888
25895
31385
26351
25893
26516
25896
25897
26515
25981
31388
26009
31388
26003
30138
31233
25906
25907
26521
25907
25913
25910
25912
25910
25913
30564
30571
30947
26519
25937
25915
25919
25918
25919
25980
26093
26303
25924
31359
25926
25929
25930
26003
25943
25936
31393
25943
31391
25939
25945
25971
25941
25941
25945
25943
31387
26005
25947
25948
25952
25948
25951
31390
25952
25951
30011
26602
30016
26602
25959
25962
25960
27723
26540
25970
25971
25972
25973
25976
25994
25995
25979
25982
25981
31389
31410
31492
26072
26077
26077
25986
31378
26082
25989
26014
26024
31427
31429
31416
25998
26333
25999
31400
26170
26003
26008
26005
26005
31389
26011
26017
26014
26017
26018
26021
26017
26089
26102
26093
26246
30614
26022
26081
26105
26025
26026
26028
26030
26032
26618
26033
26034
26036
26039
26035
26616
26550
26041
26042
26045
26046
26050
26048
26050
26054
26050
26055
26055
26059
26062
26064
26064
26078
26085
31415
26069
26071
31414
26073
26085
26071
26084
26088
31429
26076
26082
26083
26090
26085
26090
26087
26090
26103
30997
26097
26098
26100
26099
26100
26102
26106
26107
26111
26110
26111
26111
26113
26115
26118
26116
26119
26122
26123
26123
26127
26133
26136
26129
26175
26134
26285
26140
26136
26137
26140
26174
26172
31431
26141
26282
26178
26146
26151
26144
26145
26161
26244
26153
31447
26150
26154
26166
26155
26259
26261
26262
26153
26358
26155
31478
26258
26385
26386
26243
26341
26199
26200
31423
26166
26168
26169
26168
26169
26170
26192
26175
26179
31434
26178
26178
26179
31433
26179
26182
26184
26183
26185
26185
26186
26188
26199
26191
26194
31444
31438
26197
26200
26201
26202
26202
31437
26202
26205
26205
26208
26210
26216
26213
26214
26217
26214
26219
26220
26221
26225
26224
26226
26230
26229
26236
26235
31452
26240
26239
26249
26244
26249
26250
26303
26253
26254
26384
26269
26275
31482
31481
31483
31461
31464
26270
26279
31467
31484
26389
26268
26272
31479
26271
26272
26272
26273
31465
31477
26401
26286
26293
26286
26289
26294
26295
26293
26294
26295
26302
26300
26301
26302
26304
26309
26308
26310
26310
26318
26313
26314
26317
26316
26315
31489
26317
26320
31489
26321
31497
26396
26325
26326
26327
26327
26568
26329
31365
26332
26335
26334
31429
26335
26338
26344
26340
26341
31402
31402
26343
31402
31404
31383
26347
26344
26346
26347
26347
26352
26349
26349
26352
26354
26355
26356
26357
26363
26360
26364
26384
31462
26367
26379
26371
26370
26371
26398
26402
26422
26391
26376
26377
26377
26393
26418
26381
31462
31466
30614
30978
26389
26408
26392
26402
26440
26400
26401
26439
26405
26438
26419
31494
26412
26414
27166
27131
26415
27163
26447
26417
26423
26418
26423
26421
26422
26423
26426
26424
26424
26425
26430
26430
26437
26499
26433
26437
26435
26439
26440
30609
30627
26444
26444
26448
26446
26446
26448
26466
27077
26557
26456
26471
26455
27018
27169
27171
27159
27171
27076
27161
27160
26466
26972
26458
26459
26464
26459
26460
26463
26461
26501
26556
26631
27074
26470
27017
27160
26474
26478
26474
26477
26475
26477
26478
26481
26483
26484
26484
26489
30669
26489
30693
26895
26911
26492
31504
26498
26562
26499
26501
26502
31502
26562
26505
26524
26507
26510
26514
26513
26510
26511
26523
26528
26522
26526
26514
26515
31385
30006
31241
29999
26950
26521
26533
26527
26525
26526
26527
26526
26529
26530
26531
26553
26532
26532
26535
26536
26542
26981
26983
26987
26548
26544
26548
31364
31365
31363
31364
26717
26722
26724
26599
31512
26566
26599
26556
26599
26566
26619
27212
30673
26559
26563
26561
26564
31522
26563
26567
26565
26567
26569
26567
31498
31497
26569
26571
26572
26573
26574
26575
26575
27007
26582
27007
26580
27007
26593
26721
26719
26729
26586
26639
26642
26643
26589
26590
26592
26621
26626
26628
26645
26640
31515
26604
26605
29998
30016
26608
26609
26659
26752
26897
26609
26610
30009
26611
31517
26615
26616
26617
26618
26618
26620
26640
30615
31520
31521
26622
26623
26629
31515
26627
26629
26644
26632
26634
26634
26635
26636
26648
26639
30674
30450
30451
26648
26647
26646
26647
26650
26651
26653
26654
26653
26654
26656
26658
26657
26731
26891
26687
26709
26695
26697
26698
26804
26677
31155
26672
26678
26693
26672
26800
30593
31457
26697
26683
26685
26797
30673
26689
31197
26701
26702
26693
26694
26695
26697
26696
26700
26702
26706
26707
26703
26703
26707
26714
26708
26708
30616
30981
26715
26712
26716
26715
26716
26735
26726
26727
26766
29700
26720
26751
26721
26722
26723
26751
26724
26733
31152
26769
26764
26961
29699
30953
26951
26956
26957
26743
26752
29844
26811
26812
26813
30996
26745
26746
26749
26749
26750
26750
26755
31204
26896
26897
26940
26941
26949
26966
26891
31024
26881
26882
26883
26809
26816
26875
26938
26954
26877
31174
31176
26770
26770
26958
26771
26772
30072
30017
30023
26779
26784
26781
26781
26783
26782
30866
26784
30029
26786
26789
30584
26790
26789
30042
26790
30039
26790
26792
26794
30570
26797
26802
26802
26801
26804
26808
26869
31052
31054
26807
26879
26882
26820
26821
26816
26882
26886
26880
26830
26836
26821
26824
26824
26883
31057
26830
26827
26830
26829
26855
26833
26835
31019
31020
30795
26860
26842
31018
31019
26858
31025
26844
26847
26846
26847
26852
31039
26850
30579
30579
26855
26859
26860
26857
26858
26865
26868
30990
26867
26867
26868
26936
30424
26934
26960
31024
26876
31048
31008
31012
31049
26935
26878
26883
26883
30381
26886
26885
26888
26889
26890
26893
26894
26894
26911
26895
26896
26899
26899
28850
27013
27246
26905
27014
26909
26915
26915
26912
26916
26914
30630
30306
26920
26926
26921
26924
26943
26928
26932
31145
31126
31146
31128
26935
31052
31054
29666
26946
26946
26944
26948
31137
31138
31139
26952
30464
26955
26959
26959
26958
26959
29666
31208
31207
26964
26964
31208
31206
31201
26968
31199
31248
26970
26973
26972
26974
26975
26975
26977
26979
26979
26982
26986
26983
26984
26985
26986
26986
26990
26992
26991
28395
26993
27827
27821
27827
26995
26997
27031
28349
28349
26999
27001
27000
27003
27002
27002
28726
27009
27014
27011
27012
27012
27009
27010
27011
28758
27071
27020
27025
27019
27020
27027
27024
27025
27023
27024
27024
27026
27027
27028
28350
27032
27035
28358
28322
28350
27036
28330
28358
27038
27039
27040
27170
27046
27168
27045
27046
27170
28350
27075
27049
27052
27050
27084
27053
27083
27053
27503
27053
27055
27056
27058
27058
27059
27060
27059
28098
27820
27093
27096
27116
27122
27630
27067
27070
27097
27824
27072
27162
27168
27073
27093
27076
28348
27079
27080
27092
27083
27133
27199
27086
27148
27088
27090
27202
27511
27091
27741
27508
27095
27095
27116
27162
27491
27107
27115
30700
27108
27495
27109
27583
27122
27112
27117
27121
27114
27123
27119
27120
27121
27748
27746
27747
27740
27130
27131
27127
27132
27128
27130
27129
27135
27137
27140
27143
27140
27219
27142
27145
27143
27203
27147
27164
27507
27201
27154
27154
27158
27156
27157
27159
27165
27165
27166
27654
30697
27171
27177
27176
27188
27177
27183
27185
27181
27186
27216
27184
27185
27184
27186
27187
27187
27189
27191
27193
27224
27224
27227
27200
27219
27204
27205
27515
27215
27500
27231
27208
27211
27209
27232
27210
27218
27213
27216
27500
27220
27222
27223
27311
27229
27235
27510
27266
27225
27347
27231
27267
27226
27228
27502
27232
27235
27236
27236
27243
27237
27239
27241
27242
27251
27240
27241
27243
27245
27469
27247
27248
30700
27250
27251
27253
28301
27255
27256
27310
27257
27259
27309
28197
28197
28198
27505
27264
27265
27289
27266
27308
27271
27271
27277
27296
27275
27278
27281
28175
28177
27281
28176
27286
28173
27283
27284
28176
27285
27286
28176
27290
27295
27294
27291
27292
27293
27294
27299
27304
27306
27303
27305
27305
27307
27307
27314
27436
27430
27313
27315
27427
27427
27525
27323
27356
27322
27433
27320
27322
27341
27350
27404
27327
27327
27329
27330
27400
27330
27343
27330
27331
27333
27336
27339
27334
27354
27336
27337
27338
27337
27342
27346
27438
27541
27566
30456
27352
27353
27355
27359
27395
27365
27361
27423
27360
27361
27435
27433
27504
30938
27364
27439
27440
27375
27368
27626
27441
27626
27627
27445
27659
27439
27377
27496
27374
27379
27496
27418
27380
27524
27382
27385
27383
27388
27391
27400
27394
27394
27395
27397
27396
27400
27402
27406
27409
27409
27412
27412
27414
27415
27419
27446
27421
27422
27425
27484
27581
27637
27476
27476
27649
27428
27430
27429
27514
27514
27502
27436
27447
30942
30944
27435
27525
27437
27443
27447
27625
27448
27450
27621
27648
27478
27625
27478
28101
27456
27456
27457
27485
27460
27461
27460
27471
28110
28112
28200
27472
27466
27470
27468
27471
27471
27475
27584
28124
27586
27651
27482
27643
27595
27482
27492
27581
27586
27488
27489
27489
27490
27494
27493
27494
27535
27498
27586
27633
27636
27508
27541
30940
27535
27517
27518
27516
27517
27518
27518
27534
27520
27528
27521
27523
27522
27530
27529
27530
27532
27533
27537
27543
27547
27544
27577
27550
27549
27553
27555
27551
27577
27552
27579
27555
27557
27558
27563
27565
27559
27560
27590
27562
27567
27568
27568
27562
27652
27567
27606
27656
30699
27709
27652
27570
27571
27573
27578
27580
27594
27574
27590
27574
27594
27579
27594
28124
27649
27659
27640
27589
27638
27603
27771
27811
27604
27631
27669
27600
27603
27767
27600
27601
27607
27605
27607
27605
27639
27612
27613
27647
27615
27647
27616
27619
27634
27622
27617
27618
27638
27619
27622
27667
27680
27624
27643
28000
27644
27650
27627
27631
27677
27658
27709
27640
27642
27680
27653
27653
27678
27651
27659
30665
27749
30780
27659
27661
27664
27663
27709
27666
27668
27676
27670
27668
27999
27671
27675
27676
27675
27679
27686
27680
28124
27683
27684
27686
27685
27688
27686
27688
27690
27691
27691
27959
27695
27696
27697
27698
27701
27707
27702
27703
27703
27705
27706
27706
27710
27713
27717
27718
27722
27716
27719
29785
27720
27722
27723
27724
31373
27730
27734
27733
27735
27740
27737
27738
27754
27737
27752
27750
27752
27740
27744
31366
27756
27756
27779
27761
27773
27775
27761
27803
27762
27766
27765
27766
27768
27769
27811
27811
27779
27783
27809
27782
27785
27787
27787
27792
27795
27792
27894
27798
27799
27800
27798
27892
27893
28275
27804
27893
28099
27819
30793
30828
27798
27893
27895
27889
28100
27806
27896
27896
28274
27896
27809
27819
30736
30792
27816
27819
30794
27823
27827
29917
27831
29796
29802
27834
27834
29801
27837
27839
27840
27838
29779
27842
27844
27841
27842
27843
27845
27845
27850
27852
27858
27848
27849
27850
27851
27853
27852
27855
27857
27859
27870
29913
27858
27859
27860
27862
27871
27865
29879
29958
29797
29803
27866
27867
27869
27874
27875
28430
28414
27873
27877
27874
28445
27874
27877
28445
28418
28517
27877
27878
27879
27880
27880
27881
27882
27883
27885
27887
27905
27930
28280
27890
27895
28271
27890
27894
28003
27894
27900
27910
27900
27903
27903
27908
27906
27910
27914
27912
27913
27921
28259
27918
28095
27918
28279
27919
28020
28279
27923
28277
27925
27926
27929
27928
28249
28256
28248
28426
28253
28419
28259
27934
27935
27936
28021
27936
28019
27939
27941
27941
27942
28025
27942
28023
27949
27948
27948
27949
27949
27953
27951
27953
27952
27954
27974
27957
27957
27963
27965
27969
27968
27967
27968
27970
27971
27971
27972
27973
27979
27999
27982
27990
27983
27984
27991
28007
27986
28002
27987
27992
28005
28119
27994
27995
27996
27997
28012
28008
28075
28045
28156
28014
28016
28085
28016
28018
28022
28022
28024
28030
28028
28030
28086
28118
28033
28036
28081
28035
28041
28081
28037
28044
28039
28040
28044
28042
28043
28082
28215
28079
28048
28049
28050
28069
28052
28055
28223
28057
28069
28055
28057
28068
28062
28060
28195
28222
28214
28223
28225
28195
28071
28078
28077
28078
28120
28117
28088
28090
28087
28088
28089
28090
28094
28219
28220
28094
28102
28275
28105
28107
28109
28115
28110
28113
28196
28113
28115
28114
28121
28121
28126
28127
28129
28129
28131
28135
28134
28153
28136
28138
28139
28140
28140
28141
28142
28143
28148
28147
28149
28150
28155
28208
28161
28162
28166
28167
28168
28170
28188
28181
28182
28224
28184
28203
28188
28189
28189
28203
28191
28194
28192
28194
28200
28202
28201
28199
28209
28212
28211
28205
28206
28211
28209
30839
28211
28212
28213
28218
30808
28226
28229
28226
28229
28236
28236
28234
28235
28236
28244
28244
28245
28240
28241
28242
28243
28248
28249
28252
28255
28254
28255
28339
28420
28628
30831
28262
28264
28265
28335
28268
28306
28307
28271
28272
28273
28284
28277
28278
28283
28285
28284
28286
28289
28290
28292
28294
28330
28329
28331
28294
28296
28313
28298
28300
28301
28300
28304
28307
28308
28331
28305
28309
28309
28310
28333
28311
28336
28335
28313
28318
28314
28357
28316
28317
28317
28322
28321
28326
28391
28322
28324
28325
28324
28328
28329
28337
28338
30952
28345
28351
28342
28343
28346
28344
28345
28346
28390
28352
28356
28354
28356
28365
28363
28421
28422
28365
28421
28367
28368
28375
28370
28374
28375
28388
28373
28375
28374
28377
28387
28386
28387
28382
28388
28384
28691
28707
28388
28390
28393
28395
28394
28410
28396
28396
28398
28762
28793
28400
28400
28401
28402
28791
28791
28405
28444
28408
28444
28407
28433
28408
28410
28412
28413
28412
28418
28415
28416
28430
28545
28428
28423
28425
28434
28432
28434
28436
28437
28439
29963
28444
28449
29916
28449
28453
28451
28455
28511
28454
28455
28460
28459
28461
28464
28467
28465
28468
28466
28469
28469
28606
28472
28474
28473
28609
28638
28481
28482
28487
28484
28613
28485
28496
28485
28488
28490
28488
28588
29428
28491
28492
28495
28494
29965
28498
28500
29946
28500
28521
28522
29950
28504
28505
28505
28508
28540
28507
28508
28508
28543
28536
28514
28518
28524
28515
29962
28516
28516
29956
28528
29954
29952
28526
28528
28528
29954
29946
28532
29934
28533
28533
29947
28535
28536
28538
28538
28541
28542
28544
28569
28551
28550
30833
30956
28548
28554
28549
28551
28628
30826
28553
28555
28557
28559
28559
28565
28556
28558
28688
28558
28568
28669
28562
28563
28566
28564
28764
28569
28569
28761
28776
28779
28571
28572
28575
28576
28573
28574
28575
28578
28578
28580
28592
28972
28583
28584
28608
28612
28585
28587
28587
28610
28586
28611
28590
28988
28591
28975
28592
28593
28594
28595
28597
28598
28599
28973
28600
28601
29111
28978
28603
28605
28606
28607
28608
28609
28608
28612
28610
28651
29032
28621
28673
28627
29033
28621
28623
29004
29007
28626
28627
28675
28684
30955
28630
28631
28639
29415
28640
28641
28640
28635
28639
28636
28637
28637
29416
28638
28644
28647
29010
28645
29011
28646
29010
28648
29011
28651
28653
29005
28653
28654
28656
28660
28661
28664
28682
28663
28705
28736
28682
29008
28683
29008
28668
28688
28689
28675
28676
28678
28687
28679
28771
28681
28686
28684
28687
29035
28696
28698
28695
28699
28703
28700
28703
28713
28696
28700
28767
28702
28711
28714
28730
28708
28723
28782
28714
28717
28719
28719
28726
28721
28872
28725
28731
28733
28737
28739
28741
28759
28767
28752
28741
28748
28744
28748
28752
28756
28753
28754
28767
28787
28792
28764
29806
28812
30276
28773
28776
29877
30878
29887
29800
29798
29887
28791
28793
28797
28810
28798
28833
28837
28809
28802
28946
28950
28949
28806
28815
28816
28953
28819
28820
28821
28823
28824
28828
28825
28841
28836
28835
28836
28830
28839
28842
28835
28840
28831
28833
28837
28838
28841
28842
29777
28848
28845
28848
28847
31164
31191
28848
28855
28852
28857
28858
28856
28857
28858
28858
28860
28862
28864
28863
28873
28863
28864
28866
28870
28867
28870
28874
28900
28871
28875
30989
28875
28880
28877
28899
28901
28878
28902
28880
28902
28883
28884
28902
28887
28891
28890
30965
31003
28891
28892
28893
28895
28896
28901
28904
28899
28904
28906
28908
29040
29044
28907
28909
29031
29045
28909
28912
29042
28925
28993
28916
28961
29018
29041
28922
28924
29048
28922
29241
28922
29241
28970
29047
28998
28927
29241
28929
28932
28957
28958
28959
28932
28939
29789
28939
28940
28943
30859
28941
28942
29757
28954
31099
28952
28952
28951
28954
29798
28958
28960
28960
28961
28962
29038
28967
28968
28969
28971
29170
28975
29716
29009
30145
28979
29111
28979
29716
29716
28983
28982
28983
28984
29706
29841
29706
29741
28987
28987
29850
28989
28997
28998
28994
29023
28997
29023
29002
29002
29003
29029
29006
29007
29032
29095
29019
29022
29015
29016
29017
29021
29086
29222
29096
29222
29028
29031
29031
29034
29036
29037
29039
29043
29225
29225
29091
29053
29058
29065
29056
29057
29062
29404
29061
29064
29065
29063
29064
29064
29070
29071
29237
29351
29074
29075
29249
29349
29132
30837
29088
29134
29092
29243
29139
29077
29145
29245
29079
29230
29243
29250
29080
29090
29406
29138
29084
29085
29374
29087
29096
29089
29248
29404
29234
29097
29127
29136
29105
29103
29104
29199
29199
29107
29112
29110
29707
29706
29123
29116
29123
29691
29118
29656
29705
29122
29655
29656
29697
29698
29698
29128
29199
29128
29129
29140
31099
29130
29131
29131
29171
29722
29423
29429
29138
29142
29722
29143
29223
29153
29158
29151
29236
29148
29156
29159
29150
29157
29252
29159
29276
29352
29155
29238
30843
31090
30848
29205
29337
29159
29233
29246
29161
29166
29169
29197
29172
29163
29164
29196
29165
29166
29196
29166
29652
29169
29176
29197
29178
29173
29654
29694
29689
29178
29180
29191
29181
29179
29691
29667
29180
29181
29186
29181
29183
29187
29653
29701
29191
30885
29698
29703
29704
29186
30884
29190
29192
29191
29194
29195
29198
29334
29335
29196
29201
29321
30885
29253
29202
29203
31090
30848
30843
31090
29207
29208
29251
29226
29214
29229
29270
29214
30858
30178
30858
29216
29217
29218
29218
30847
29228
29232
29311
29381
31123
30844
30852
29225
29232
30844
29274
29245
29245
29274
30841
29252
29348
30844
29333
29374
29253
30837
30843
30848
29257
30812
29260
29263
29261
29281
30815
30809
29265
29270
29274
29267
29269
30813
29267
29268
29268
29270
29272
29271
29299
30815
29276
30813
30805
29280
29299
30815
29281
29283
29299
29284
29285
30774
29288
29290
29293
29289
29298
29289
29292
29292
29294
30836
30850
29298
29300
29302
29302
29303
29305
29677
29307
29337
30766
29313
30771
29313
29314
29318
29319
29333
30756
30755
29316
29320
29327
29317
29318
29326
30885
29323
29325
29605
29324
29610
29328
29330
29611
29335
29607
29327
29329
29328
29611
29331
29357
29610
29612
29347
29350
29371
29337
29339
29612
29346
29343
29344
29347
29350
29348
29349
29353
29365
30802
29371
31127
29356
29357
29363
29688
29689
29361
29362
29363
29366
29367
29370
29372
31118
29373
29383
29378
29383
29379
29384
29380
29385
29383
29387
29390
29393
29395
29394
29394
29397
29398
29402
29406
29402
29403
29408
29410
29411
29410
29412
29414
29413
29417
29420
29424
29574
29424
29423
29440
29560
29599
29433
29434
29436
29454
29446
29442
29443
29444
29467
29446
29467
29445
29451
29448
29450
29452
29467
29455
29456
29471
29468
29470
29459
29460
29461
29463
29464
29481
29465
29478
29479
29482
29503
29498
29476
29475
29503
29480
29506
29481
29482
29485
29505
29485
29506
29502
29488
29487
29506
29491
29492
29496
29499
29497
29540
29496
29507
29509
29516
29518
29517
29519
29519
29518
29522
29523
29524
29527
29530
29531
29531
29533
29538
29536
29535
29539
29539
29545
29542
29544
29545
29545
29549
29548
29553
29554
29557
29555
29556
29559
29563
29565
29566
29567
29569
29570
29702
29721
29572
29572
29576
29583
29580
29581
29582
29584
29585
29589
29585
29588
29587
29587
29588
29718
29591
29685
29593
29595
29597
29598
31144
29603
29604
29602
29614
29607
29678
29609
29614
29615
29617
29619
29620
29622
29623
30289
29622
29624
29626
29625
29627
29649
29650
29627
29629
29650
29630
30297
29643
30882
29640
30883
29640
29641
29643
29642
29693
29646
29653
29696
30283
30290
29650
29657
29667
29692
29714
29661
29662
29672
29692
29673
29714
29665
29667
29692
29712
29667
29699
29671
29673
29673
29687
29676
29683
29681
29687
30761
30765
29692
29696
29684
29686
29704
29817
30506
29724
29747
29841
29706
29724
29841
29711
29717
29729
29727
29728
29730
29729
29734
29736
29740
29743
29736
29736
29739
29741
29737
29743
29742
29741
29841
29748
29750
29840
29749
29751
29751
29754
29752
29753
29756
29761
29763
30172
29763
29764
29764
29766
29767
29771
29770
29768
29771
30165
29776
29775
29780
29784
29785
29782
29783
29784
29786
29785
30154
29789
29792
29790
30149
29791
29792
29795
29804
29799
29935
29803
29805
29805
29809
29811
29810
29812
29813
29815
29822
29820
29821
29844
29819
29820
29821
29822
29822
29824
29826
29828
29866
29827
29831
29830
29832
29836
29838
29835
29837
29846
29837
29839
29843
30464
29850
29854
29863
29947
29854
29855
29947
29938
29951
29857
29860
29944
29861
29862
29862
29863
29941
29938
29867
29869
29940
29869
29881
29875
29923
29957
29889
29882
29884
29917
29921
31148
29884
29884
29891
29890
29888
29890
29922
29891
29893
29895
29908
29896
29906
29908
29896
29903
29910
29902
29928
29929
29933
29930
29911
29915
29915
29920
29926
29931
29925
29953
29926
29942
29928
29931
29932
29931
29938
29941
29942
29943
29943
29949
29952
29951
29959
29961
29962
29962
29967
29968
29970
29973
29976
29972
29973
29976
29977
29982
29980
29976
29979
29981
29982
29983
29986
29987
29986
29991
29989
30019
30028
30012
29991
30025
30073
29994
29995
30007
30003
30092
30077
30007
31232
31231
30018
30014
30015
30091
30017
30018
30019
30020
30023
30209
30022
30209
31237
30027
31138
30209
31067
31237
30036
30073
30035
30037
30069
30037
30039
30041
30042
30042
30064
30396
30052
30053
30049
30059
30221
30063
31072
30057
30222
30063
30061
30227
30060
30062
30068
30227
30062
30068
31069
31245
30076
30077
30079
30085
30088
30093
30090
31236
30096
30117
30099
30102
31222
30100
30101
30101
31219
30112
31221
30210
30229
30114
30127
31221
30107
30112
30109
31080
31222
31242
31079
31243
30113
31221
30214
30229
31242
30130
31221
30116
30119
30133
30119
30124
30138
30123
30124
31239
30128
31169
30132
31222
30132
31081
31239
30134
30137
30136
30137
30140
30143
30144
31166
30151
30149
30151
30152
30153
30159
30161
30167
30168
30171
30173
30194
30175
30174
30195
30177
30180
30184
30277
30182
30186
30196
30184
30299
30277
30279
30186
30188
30190
30189
30190
30194
30195
30200
30203
30200
30202
30220
30203
30207
30270
30208
30216
31069
30213
30215
30217
30217
30231
30233
30380
30385
30378
30236
30243
30238
30383
30241
30240
30244
30241
30922
30242
30929
30243
30272
30245
30392
30247
30249
30249
30250
30896
30256
30268
30265
30257
30258
30266
30261
30266
30262
30267
30264
30284
30285
30265
30291
30928
30332
30275
30929
30274
30275
30886
30276
30278
30281
30280
30281
30284
30887
30287
30295
30293
30306
30297
30299
30300
30307
30304
30305
30308
30310
30314
30313
30314
30319
30320
30318
30323
30325
30327
30333
30334
30335
30340
30342
30348
30436
30341
30342
30346
30349
30345
30346
30349
30350
30351
30355
30356
30357
30371
30369
30545
30368
30369
30374
30539
30370
30373
30374
30378
30377
30379
30378
30380
30382
30546
30401
30932
30935
30390
30390
30925
30397
30483
30405
30406
30407
30409
30410
30486
30411
30412
30415
30416
30418
30420
30432
30436
30430
30427
30428
30431
30431
30431
30435
30437
30442
30438
30440
30448
30445
30447
30446
30452
30540
30455
30463
30565
30943
30459
30461
30555
30460
30567
30462
30563
30462
30468
30664
30466
30467
30485
30663
30468
30488
30543
30567
30489
30475
30478
30473
30475
30476
30477
30646
30480
30481
30701
30533
30553
30550
30590
30491
30496
30498
30492
30500
30493
30532
30553
30498
30495
30496
30499
30496
30597
30573
30594
30612
30503
30591
30532
30532
30586
30556
30509
30510
30513
30513
30514
30515
30514
30544
30519
30521
30529
30520
30526
30522
30552
30557
30586
30525
30527
30531
30531
30551
30585
30550
30537
30537
30542
30543
30543
30562
30589
30589
30947
30559
30562
30566
30589
30565
30607
30606
30572
30591
30575
30577
30580
30581
30580
30582
30916
30584
30950
30595
30596
30603
30630
30623
30605
30606
30608
30613
30607
30674
30610
30610
30617
30670
30676
30977
30619
30621
30620
30627
30982
30982
30629
30631
30652
30653
30642
30633
30639
30634
30640
30642
30637
30641
30638
30642
30656
30645
30649
30648
30650
30651
30654
30657
30654
30659
30657
30661
30669
30690
30674
30941
30693
30698
30672
30690
30690
30679
30680
30682
30684
30687
30702
30685
30720
30723
30797
30694
30695
30851
30698
30941
30720
30705
30709
30709
30711
30710
30714
30717
30715
30716
30717
30717
30722
30736
30776
30797
30794
30725
30868
30728
30728
30735
30734
30735
30733
30740
30742
30787
30789
30868
30741
30743
30747
30748
30746
30751
30758
30752
30772
30770
30770
30756
30759
30769
30764
30763
30759
30760
30769
30763
30769
30775
30776
30778
30779
30780
30780
30781
30782
30783
30787
30908
30792
30799
30971
30798
30799
30800
30969
30806
30807
30806
30807
30873
30829
30823
30828
30909
30819
30819
30820
30839
30840
30824
30825
30827
30910
30970
30974
30825
30972
30908
30972
30830
30834
30956
30959
31004
30961
30903
30848
30846
30903
30872
31066
30854
30855
31091
30856
30859
30856
31086
30857
30858
30859
30861
30864
30865
30874
30864
30890
30879
30907
30907
30876
30953
30884
30900
30887
30891
30889
30890
30893
30892
30894
31087
30893
30895
30899
30904
30906
30906
30908
30970
30912
30914
30913
30916
31003
30918
30921
30929
30951
30934
30936
30936
30938
30939
30942
30940
30950
30944
30950
30964
30957
30958
31004
31004
31000
30959
30963
30978
30962
30968
30975
30985
31001
30968
30983
30970
30973
30974
30981
30977
31003
30986
30987
30988
30993
30998
30995
30993
30994
30995
30999
31531
31002
31033
31007
31013
31026
31009
31009
31010
31012
31011
31048
31133
31013
31042
31129
31016
31023
31018
31020
31022
31023
31047
31027
31029
31032
31108
31030
31034
31038
31036
31110
31042
31532
31043
31533
31051
31054
31050
31052
31056
31059
31061
31065
31070
31062
31064
31072
31075
31152
31068
31077
31077
31079
31082
31083
31084
31085
31088
31092
31094
31095
31096
31100
31170
31103
31103
31105
31106
31110
31109
31112
31114
31113
31115
31115
31117
31118
31121
31119
31122
31126
31163
31131
31132
31186
31132
31134
31136
31140
31145
31141
31152
31153
31148
31151
31150
31151
31154
31156
31178
31457
31157
31160
31163
31161
31162
31164
31165
31196
31168
31169
31170
31173
31177
31174
31175
31219
31180
31184
31183
31182
31183
31183
31217
31187
31190
31190
31197
31285
31194
31195
31198
31196
31218
31201
31202
31206
31209
31214
31207
31208
31210
31213
31216
31213
31215
31214
31273
31229
31241
31228
31230
31248
31229
31230
31230
31235
31232
31233
31235
31240
31252
31259
31252
31253
31254
31256
31259
31261
31264
31265
31265
31267
31268
31268
31274
31270
31270
31275
31271
31272
31275
31307
31277
31279
31279
31282
31283
31287
31307
31287
31289
31293
31294
31298
31299
31454
31306
31322
31305
31322
31305
31457
31311
31312
31313
31321
31320
31320
31321
31319
31321
31323
31329
31326
31330
31330
31329
31336
31333
31337
31335
31337
31339
31342
31343
31342
31343
31345
31346
31362
31350
31351
31352
31353
31353
31357
31354
31357
31362
31360
31362
31367
31374
31370
31375
31372
31372
31375
31375
31377
31384
31381
31382
31490
31493
31388
31389
31391
31393
31394
31393
31394
31398
31397
31398
31401
31407
31411
31403
31428
31407
31406
31407
31409
31411
31412
31414
31418
31418
31421
31419
31421
31423
31423
31427
31427
31430
31430
31434
31433
31434
31438
31438
31440
31441
31443
31443
31447
31446
31448
31448
31453
31451
31452
31456
31459
31460
31460
31462
31465
31472
31470
31470
31470
31483
31475
31476
31478
31480
31477
31479
31479
31484
31484
31489
31487
31488
31492
31496
31498
31496
31499
31498
31501
31502
31503
31504
31506
31508
31509
31510
31513
31517
31514
31517
31519
31522
31521
31527
31528
31528
31526
31527
31530
31529
31530
31533
31533
)


// ************************************************************************* //
