/*--------------------------------*- C++ -*----------------------------------*\
  =========                 |
  \\      /  F ield         | OpenFOAM: The Open Source CFD Toolbox
   \\    /   O peration     | Website:  https://openfoam.org
    \\  /    A nd           | Version:  12
     \\/     M anipulation  |
\*---------------------------------------------------------------------------*/
/*   Windows 32 and 64 bit porting by blueCAPE: http://www.bluecape.com.pt   *\
|  Based on Windows porting (2.0.x v4) by Symscape: http://www.symscape.com   |
\*---------------------------------------------------------------------------*/
FoamFile
{
    format      ascii;
    class       vectorField;
    location    "constant/polyMesh";
    object      points;
}
// * * * * * * * * * * * * * * * * * * * * * * * * * * * * * * * * * * * * * //


6608
(
(-0.36 -0.213 0.51)
(-0.36 -0.213 0)
(-0.36 0.047 0.51)
(-0.36 0.047 0)
(0.35 -0.213 0.51)
(0.35 -0.213 0)
(0.35 0.047 0.51)
(0.35 0.047 0)
(-0.36 -0.213 0.0242857142857143)
(-0.36 -0.213 0.0485714285714287)
(-0.36 -0.213 0.072857142857143)
(-0.36 -0.213 0.0971428571428574)
(-0.36 -0.213 0.121428571428572)
(-0.36 -0.213 0.145714285714286)
(-0.36 -0.213 0.170000000000001)
(-0.36 -0.213 0.194285714285715)
(-0.36 -0.213 0.218571428571429)
(-0.36 -0.213 0.242857142857143)
(-0.36 -0.213 0.267142857142858)
(-0.36 -0.213 0.291428571428572)
(-0.36 -0.213 0.315714285714286)
(-0.36 -0.213 0.34)
(-0.36 -0.213 0.364285714285715)
(-0.36 -0.213 0.388571428571429)
(-0.36 -0.213 0.412857142857143)
(-0.36 -0.213 0.437142857142857)
(-0.36 -0.213 0.461428571428572)
(-0.36 -0.213 0.485714285714286)
(-0.36 -0.189363636363636 0.51)
(-0.36 -0.165727272727273 0.51)
(-0.36 -0.142090909090909 0.51)
(-0.36 -0.118454545454545 0.51)
(-0.36 -0.0948181818181816 0.51)
(-0.36 -0.0711818181818179 0.51)
(-0.36 -0.0475454545454542 0.51)
(-0.36 -0.0239090909090905 0.51)
(-0.36 -0.000272727272726911 0.51)
(-0.36 0.0233636363636366 0.51)
(-0.36 0.047 0.0242857142857143)
(-0.36 0.047 0.0485714285714287)
(-0.36 0.047 0.072857142857143)
(-0.36 0.047 0.0971428571428574)
(-0.36 0.047 0.121428571428572)
(-0.36 0.047 0.145714285714286)
(-0.36 0.047 0.170000000000001)
(-0.36 0.047 0.194285714285715)
(-0.36 0.047 0.218571428571429)
(-0.36 0.047 0.242857142857143)
(-0.36 0.047 0.267142857142858)
(-0.36 0.047 0.291428571428572)
(-0.36 0.047 0.315714285714286)
(-0.36 0.047 0.34)
(-0.36 0.047 0.364285714285715)
(-0.36 0.047 0.388571428571429)
(-0.36 0.047 0.412857142857143)
(-0.36 0.047 0.437142857142857)
(-0.36 0.047 0.461428571428572)
(-0.36 0.047 0.485714285714286)
(-0.36 -0.189363636363636 0)
(-0.36 -0.165727272727273 0)
(-0.36 -0.142090909090909 0)
(-0.36 -0.118454545454545 0)
(-0.36 -0.0948181818181816 0)
(-0.36 -0.0711818181818179 0)
(-0.36 -0.0475454545454542 0)
(-0.36 -0.0239090909090905 0)
(-0.36 -0.000272727272726911 0)
(-0.36 0.0233636363636366 0)
(0.35 -0.213 0.0242857142857143)
(0.35 -0.213 0.0485714285714287)
(0.35 -0.213 0.072857142857143)
(0.35 -0.213 0.0971428571428574)
(0.35 -0.213 0.121428571428572)
(0.35 -0.213 0.145714285714286)
(0.35 -0.213 0.170000000000001)
(0.35 -0.213 0.194285714285715)
(0.35 -0.213 0.218571428571429)
(0.35 -0.213 0.242857142857143)
(0.35 -0.213 0.267142857142858)
(0.35 -0.213 0.291428571428572)
(0.35 -0.213 0.315714285714286)
(0.35 -0.213 0.34)
(0.35 -0.213 0.364285714285715)
(0.35 -0.213 0.388571428571429)
(0.35 -0.213 0.412857142857143)
(0.35 -0.213 0.437142857142857)
(0.35 -0.213 0.461428571428572)
(0.35 -0.213 0.485714285714286)
(0.35 -0.189363636363636 0.51)
(0.35 -0.165727272727273 0.51)
(0.35 -0.142090909090909 0.51)
(0.35 -0.118454545454545 0.51)
(0.35 -0.0948181818181816 0.51)
(0.35 -0.0711818181818179 0.51)
(0.35 -0.0475454545454542 0.51)
(0.35 -0.0239090909090905 0.51)
(0.35 -0.000272727272726911 0.51)
(0.35 0.0233636363636366 0.51)
(0.35 0.047 0.0242857142857143)
(0.35 0.047 0.0485714285714287)
(0.35 0.047 0.072857142857143)
(0.35 0.047 0.0971428571428574)
(0.35 0.047 0.121428571428572)
(0.35 0.047 0.145714285714286)
(0.35 0.047 0.170000000000001)
(0.35 0.047 0.194285714285715)
(0.35 0.047 0.218571428571429)
(0.35 0.047 0.242857142857143)
(0.35 0.047 0.267142857142858)
(0.35 0.047 0.291428571428572)
(0.35 0.047 0.315714285714286)
(0.35 0.047 0.34)
(0.35 0.047 0.364285714285715)
(0.35 0.047 0.388571428571429)
(0.35 0.047 0.412857142857143)
(0.35 0.047 0.437142857142857)
(0.35 0.047 0.461428571428572)
(0.35 0.047 0.485714285714286)
(0.35 -0.189363636363636 0)
(0.35 -0.165727272727273 0)
(0.35 -0.142090909090909 0)
(0.35 -0.118454545454545 0)
(0.35 -0.0948181818181816 0)
(0.35 -0.0711818181818179 0)
(0.35 -0.0475454545454542 0)
(0.35 -0.0239090909090905 0)
(0.35 -0.000272727272726911 0)
(0.35 0.0233636363636366 0)
(-0.33551724137931 -0.213 0)
(-0.311034482758621 -0.213 0)
(-0.286551724137931 -0.213 0)
(-0.262068965517241 -0.213 0)
(-0.237586206896551 -0.213 0)
(-0.213103448275862 -0.213 0)
(-0.188620689655172 -0.213 0)
(-0.164137931034482 -0.213 0)
(-0.139655172413793 -0.213 0)
(-0.115172413793103 -0.213 0)
(-0.0906896551724133 -0.213 0)
(-0.0662068965517237 -0.213 0)
(-0.0417241379310341 -0.213 0)
(-0.0172413793103445 -0.213 0)
(0.00724137931034517 -0.213 0)
(0.0317241379310348 -0.213 0)
(0.0562068965517245 -0.213 0)
(0.0806896551724141 -0.213 0)
(0.105172413793104 -0.213 0)
(0.129655172413793 -0.213 0)
(0.154137931034483 -0.213 0)
(0.178620689655173 -0.213 0)
(0.203103448275862 -0.213 0)
(0.227586206896552 -0.213 0)
(0.252068965517242 -0.213 0)
(0.276551724137931 -0.213 0)
(0.301034482758621 -0.213 0)
(0.32551724137931 -0.213 0)
(-0.33551724137931 -0.213 0.51)
(-0.311034482758621 -0.213 0.51)
(-0.286551724137931 -0.213 0.51)
(-0.262068965517241 -0.213 0.51)
(-0.237586206896551 -0.213 0.51)
(-0.213103448275862 -0.213 0.51)
(-0.188620689655172 -0.213 0.51)
(-0.164137931034482 -0.213 0.51)
(-0.139655172413793 -0.213 0.51)
(-0.115172413793103 -0.213 0.51)
(-0.0906896551724133 -0.213 0.51)
(-0.0662068965517237 -0.213 0.51)
(-0.0417241379310341 -0.213 0.51)
(-0.0172413793103445 -0.213 0.51)
(0.00724137931034517 -0.213 0.51)
(0.0317241379310348 -0.213 0.51)
(0.0562068965517245 -0.213 0.51)
(0.0806896551724141 -0.213 0.51)
(0.105172413793104 -0.213 0.51)
(0.129655172413793 -0.213 0.51)
(0.154137931034483 -0.213 0.51)
(0.178620689655173 -0.213 0.51)
(0.203103448275862 -0.213 0.51)
(0.227586206896552 -0.213 0.51)
(0.252068965517242 -0.213 0.51)
(0.276551724137931 -0.213 0.51)
(0.301034482758621 -0.213 0.51)
(0.32551724137931 -0.213 0.51)
(-0.33551724137931 0.047 0)
(-0.311034482758621 0.047 0)
(-0.286551724137931 0.047 0)
(-0.262068965517241 0.047 0)
(-0.237586206896551 0.047 0)
(-0.213103448275862 0.047 0)
(-0.188620689655172 0.047 0)
(-0.164137931034482 0.047 0)
(-0.139655172413793 0.047 0)
(-0.115172413793103 0.047 0)
(-0.0906896551724133 0.047 0)
(-0.0662068965517237 0.047 0)
(-0.0417241379310341 0.047 0)
(-0.0172413793103445 0.047 0)
(0.00724137931034517 0.047 0)
(0.0317241379310348 0.047 0)
(0.0562068965517245 0.047 0)
(0.0806896551724141 0.047 0)
(0.105172413793104 0.047 0)
(0.129655172413793 0.047 0)
(0.154137931034483 0.047 0)
(0.178620689655173 0.047 0)
(0.203103448275862 0.047 0)
(0.227586206896552 0.047 0)
(0.252068965517242 0.047 0)
(0.276551724137931 0.047 0)
(0.301034482758621 0.047 0)
(0.32551724137931 0.047 0)
(-0.33551724137931 0.047 0.51)
(-0.311034482758621 0.047 0.51)
(-0.286551724137931 0.047 0.51)
(-0.262068965517241 0.047 0.51)
(-0.237586206896551 0.047 0.51)
(-0.213103448275862 0.047 0.51)
(-0.188620689655172 0.047 0.51)
(-0.164137931034482 0.047 0.51)
(-0.139655172413793 0.047 0.51)
(-0.115172413793103 0.047 0.51)
(-0.0906896551724133 0.047 0.51)
(-0.0662068965517237 0.047 0.51)
(-0.0417241379310341 0.047 0.51)
(-0.0172413793103445 0.047 0.51)
(0.00724137931034517 0.047 0.51)
(0.0317241379310348 0.047 0.51)
(0.0562068965517245 0.047 0.51)
(0.0806896551724141 0.047 0.51)
(0.105172413793104 0.047 0.51)
(0.129655172413793 0.047 0.51)
(0.154137931034483 0.047 0.51)
(0.178620689655173 0.047 0.51)
(0.203103448275862 0.047 0.51)
(0.227586206896552 0.047 0.51)
(0.252068965517242 0.047 0.51)
(0.276551724137931 0.047 0.51)
(0.301034482758621 0.047 0.51)
(0.32551724137931 0.047 0.51)
(-0.36 -0.0836037251222623 0.379306339863424)
(-0.36 -0.0846000477934563 0.13070028362361)
(-0.36 -0.0786954857710088 0.254637616215126)
(-0.36 -0.131861915193679 0.315496439161973)
(-0.36 -0.131061526696499 0.194312880140997)
(-0.36 -0.0329694040697202 0.318883950809441)
(-0.36 -0.0320777750138053 0.190354748648246)
(-0.36 -0.137698933935257 0.435340234560661)
(-0.36 -0.0290789789258798 0.434033209898793)
(-0.36 -0.0290789789258798 0.075966790101207)
(-0.36 -0.137995183531803 0.0741552255479345)
(-0.36 -0.150856551903112 0.25212238874498)
(-0.36 -0.0148049345274127 0.255000000000001)
(-0.36 -0.151910573099564 0.37401711555872)
(-0.36 -0.151910573099564 0.13598288444128)
(-0.36 -0.0109012003158142 0.375538693458386)
(-0.36 -0.0109012003158141 0.134461306541614)
(-0.36 -0.0829999999999997 0.453799387343515)
(-0.36 -0.0829999999999997 0.0562006126564854)
(-0.36 -0.0824466397358964 0.329038354566896)
(-0.36 -0.0820877324591121 0.203839199298423)
(-0.36 -0.168570317309719 0.465476937758067)
(-0.36 0.00242810781651727 0.464377478217702)
(-0.36 0.00242810781651724 0.0456225217822983)
(-0.36 -0.168570317309719 0.0445230622419329)
(-0.36 0.00415144972136082 0.215357638104705)
(-0.36 0.0041514497213609 0.294642361895295)
(-0.36 -0.171283657599481 0.294293995624421)
(-0.36 -0.169007350842652 0.215211036534421)
(-0.36 -0.117346661999979 0.275584311450681)
(-0.36 -0.113067193495036 0.234202910225354)
(-0.36 -0.170934261033078 0.336318595254295)
(-0.36 -0.170934261033078 0.173681404745705)
(-0.36 -0.11534075035146 0.156148974985476)
(-0.36 0.00436859845474814 0.337111394873113)
(-0.36 0.00436859845474814 0.172888605126887)
(-0.36 -0.171819386466759 0.411645901970232)
(-0.36 -0.17181349460973 0.0983628400680987)
(-0.36 -0.112832668296549 0.354431755820445)
(-0.36 -0.048534552817773 0.356973481765743)
(-0.36 -0.0490922818008287 0.152257570400732)
(-0.36 0.00674684180591348 0.414005584824019)
(-0.36 0.00674684180591339 0.0959944151759814)
(-0.36 -0.0462981834528949 0.228784587887354)
(-0.36 -0.0443987581005706 0.275159362121434)
(-0.36 -0.0996435104566206 0.417411148204983)
(-0.36 -0.0996376069460864 0.092585186885502)
(-0.36 -0.119534922898367 0.470034757394994)
(-0.36 -0.119534922898367 0.0399652426050062)
(-0.36 -0.0437298134961864 0.47030083867035)
(-0.36 -0.0437298134961865 0.0396991613296503)
(-0.36 -0.0403120952465001 0.396902060983493)
(-0.36 -0.0403120952465001 0.113097939016507)
(-0.36 -0.0820680245493732 0.292258294411523)
(-0.36 -0.0801246800784791 0.167555857008943)
(-0.36 -0.120116798044338 0.12156853150592)
(-0.36 -0.12321268024426 0.391378183762531)
(-0.36 -0.0620309583203718 0.427571908339825)
(-0.36 -0.0620309583203718 0.0824280916601751)
(-0.36 -0.179239895869313 0.254657427231546)
(-0.36 0.0134001755370691 0.255000000000001)
(-0.36 -0.183773357832089 0.375178283282622)
(-0.36 -0.183773357832089 0.134821716717379)
(-0.36 0.0187756300185778 0.376428571428572)
(-0.36 0.0187756300185779 0.133571428571429)
(-0.36 -0.17976435919142 0.439301950260385)
(-0.36 -0.179763517497559 0.0706992986022334)
(-0.36 -0.0829999999999997 0.483142290637215)
(-0.36 -0.0829999999999997 0.0268577093627852)
(-0.36 0.0173826591623664 0.43943001376421)
(-0.36 0.0173826591623664 0.0705699862357901)
(-0.36 -0.142291453376968 0.344432457506478)
(-0.36 -0.142985812915842 0.166212949427862)
(-0.36 -0.143505772858278 0.291281026938405)
(-0.36 -0.147923270405187 0.228032899711961)
(-0.36 -0.104371338573643 0.188468656253233)
(-0.36 -0.143041599026709 0.104119265924033)
(-0.36 -0.144762268684377 0.480414190398601)
(-0.36 -0.0208055556302485 0.480275294021099)
(-0.36 -0.144762268684377 0.0295858096013995)
(-0.36 -0.0208055556302486 0.029724705978901)
(-0.36 -0.143900882268236 0.406865980083074)
(-0.36 -0.0578756412928822 0.31421030572289)
(-0.36 -0.0207793254384525 0.352576238027136)
(-0.36 -0.0213069575075363 0.15753240213202)
(-0.36 -0.101487679406895 0.309487337465651)
(-0.36 -0.108934952791682 0.443141771649246)
(-0.36 -0.108969950124716 0.0667918959071465)
(-0.36 -0.0624293746094494 0.185429402704082)
(-0.36 -0.018720583030725 0.411289275424407)
(-0.36 -0.0187205830307249 0.0987107245755935)
(-0.36 0.0200640172910953 0.194202408798095)
(-0.36 0.0200640172910954 0.315797591201905)
(-0.36 -0.0880609059618282 0.230221261458904)
(-0.36 -0.0741341141379416 0.355545817963591)
(-0.36 -0.0190266428458259 0.280632392293422)
(-0.36 -0.0196124481119978 0.228750858652526)
(-0.36 -0.045558873325035 0.251388972491992)
(-0.36 -0.184438081094703 0.315220126830802)
(-0.36 -0.184815700242025 0.194878797129733)
(-0.36 0.0209530232922519 0.484008797028795)
(-0.36 -0.186953023292252 0.484008797028795)
(-0.36 0.0209530232922521 0.0259912029712049)
(-0.36 -0.186953023292252 0.025991202971205)
(-0.36 -0.0781726786791737 0.405621476969016)
(-0.36 -0.0782994489580393 0.104372096994342)
(-0.36 0.025197428907118 0.23381454417155)
(-0.36 0.025197428907118 0.27618545582845)
(-0.36 -0.190971377949729 0.233878293607419)
(-0.36 -0.191296564629276 0.275953118767143)
(-0.36 -0.192162394843236 0.35484684418823)
(-0.36 -0.192162394843236 0.155153155811771)
(-0.36 -0.157011636971427 0.315764838687612)
(-0.36 -0.157113898305814 0.192758932644713)
(-0.36 -0.0211650449420866 0.456784997679555)
(-0.36 -0.143748652405838 0.458321585102369)
(-0.36 -0.021165044942087 0.0532150023204446)
(-0.36 -0.143783920214951 0.0516183506248448)
(-0.36 -0.00735967594593649 0.193110995116564)
(-0.36 -0.00735967594593657 0.316889004883436)
(-0.36 -0.102334107907854 0.253909806507514)
(-0.36 0.0252807717366324 0.352675636662495)
(-0.36 0.0252807717366325 0.157324363337505)
(-0.36 -0.105253339342544 0.210315553215023)
(-0.36 -0.0591941118531468 0.335689987595821)
(-0.36 -0.126665981651312 0.256060869292932)
(-0.36 -0.106883465534693 0.0211664900472183)
(-0.36 -0.0589547763063968 0.489412273378084)
(-0.36 -0.106883465534693 0.488833509952782)
(-0.36 -0.0589547763063969 0.0205877266219159)
(-0.36 0.0251734344627643 0.109679342481913)
(-0.36 0.0251734344627643 0.400320657518087)
(-0.36 -0.00706783301898241 0.436653426634781)
(-0.36 -0.00706783301898244 0.0733465733652191)
(-0.36 -0.159312822678644 0.429374494388855)
(-0.36 -0.159231427364948 0.080695605184952)
(-0.36 -0.0601859653692453 0.450014418092394)
(-0.36 -0.0601859653692453 0.0599855819076066)
(-0.36 -0.191700954793723 0.113662957886696)
(-0.36 -0.191701796487584 0.396338290975923)
(-0.36 -0.0339183972693223 0.375034859459745)
(-0.36 -0.0340992907780121 0.134855089261194)
(-0.36 -0.059713918700382 0.382780346077389)
(-0.36 -0.0597857036179972 0.126234862298046)
(-0.36 -0.113403157571906 0.331519216706934)
(-0.36 -0.0568195493766623 0.207924799977975)
(-0.36 0.00178349535846183 0.272292042003434)
(-0.36 0.00166633430522748 0.237584608185757)
(-0.36 -0.167599689393998 0.236780409166065)
(-0.36 -0.163828787677406 0.272498880276988)
(-0.36 -0.121770919949291 0.415853758760053)
(-0.36 -0.121601302705403 0.0942732125855032)
(-0.36 -0.168997221052129 0.358990305359978)
(-0.36 -0.168997221052129 0.151009694640023)
(-0.36 -0.191303674347307 0.460066558163933)
(-0.36 -0.19130363783067 0.049933496017598)
(-0.36 0.024649067644497 0.461959194002383)
(-0.36 0.0246490676444973 0.0480408059976164)
(-0.36 -0.0937927137285415 0.150744556624918)
(-0.36 -0.105445872949473 0.374522231412706)
(-0.36 -0.0680690537892135 0.274652836340169)
(-0.36 -0.0836843675748233 0.431756048216456)
(-0.36 -0.0836843675748231 0.0782439517835438)
(-0.36 0.00337872192841513 0.359306086412574)
(-0.36 0.00330334591854594 0.150709433610162)
(-0.36 -0.10197489790018 0.397348856495452)
(-0.36 -0.0991962823912525 0.114902108817717)
(-0.36 -0.165862755422562 0.488448021886749)
(-0.36 -0.000137244577437684 0.0215519781132504)
(-0.36 -0.165862755422562 0.0215519781132505)
(-0.36 -0.000137244577437684 0.48844802188675)
(-0.36 -0.129778332600315 0.140011395219055)
(-0.36 -0.0652417923767168 0.240482045627039)
(-0.36 -0.129135773774149 0.371089577371386)
(-0.36 0.00239687829406682 0.392399198995789)
(-0.36 0.00239687829406731 0.117600801004211)
(-0.36 -0.0952003676797441 0.346511964409802)
(-0.36 -0.0901684185679591 0.272751870402085)
(-0.36 -0.164975936043956 0.122154135643559)
(-0.36 -0.165536822894767 0.388475973100204)
(-0.36 -0.0983551020438893 0.468470838990365)
(-0.36 -0.0983551020438892 0.0415291610096353)
(-0.36 0.0286605870862088 0.0892487487787371)
(-0.36 0.0286605870862089 0.420751251221263)
(-0.36 -0.033840849521095 0.213237466535583)
(-0.36 -0.0368077262744715 0.297225002093305)
(-0.36 -0.193855593380202 0.0905450193114057)
(-0.36 -0.193857108429153 0.419457228641308)
(-0.36 -0.120391293230387 0.296972065580705)
(-0.36 -0.0721509578045296 0.148738223697963)
(-0.36 -0.0429655889077842 0.418708952842927)
(-0.36 -0.0429655889077842 0.0912910471570731)
(-0.36 -0.126345222332578 0.491856491549275)
(-0.36 -0.126345222332578 0.0181435084507248)
(-0.36 -0.0389889381774752 0.491997681213907)
(-0.36 -0.0389889381774753 0.0180023187860934)
(-0.36 -0.127878095501104 0.217796967430923)
(-0.36 -0.0657741110343656 0.0406661583756887)
(-0.36 -0.0657741110343656 0.469333841624311)
(-0.36 -0.0435586294634678 0.172858955487217)
(-0.36 -0.121572647232523 0.175440841673102)
(-0.36 -0.03816504386854 0.339006712828804)
(-0.36 -0.0398998351078934 0.450459504348421)
(-0.36 -0.0398998351078934 0.0595404956515791)
(-0.36 -0.194615788980953 0.332726439706427)
(-0.36 -0.194615788980953 0.177273560293573)
(-0.36 -0.126739919951569 0.452119881060243)
(-0.36 -0.126739919951569 0.057880118939757)
(-0.36 0.0285894590101874 0.333399588213234)
(-0.36 0.0285894590101869 0.176600411786766)
(-0.36 -0.101811227108554 0.289782060202717)
(-0.36 0.0288945928877716 0.211512826572208)
(-0.36 0.0288945928877719 0.298487173427793)
(-0.36 -0.107137487484894 0.135679308462783)
(-0.36 -0.0614711847513509 0.165368001859788)
(-0.36 -0.195116901120765 0.212168974202173)
(-0.36 -0.195116901120766 0.297831025797828)
(-0.36 -0.061329633445535 0.293170248117915)
(-0.36 -0.100129556197028 0.169034214109685)
(-0.36 -0.140456276721643 0.123628503472291)
(-0.36 -0.140967288442426 0.387046355783635)
(-0.36 -0.144440229401862 0.208368194910521)
(-0.36 -0.0779671385113544 0.310018405933188)
(-0.36 -0.0184023998829187 0.30165454239498)
(-0.36 -0.0167902688816719 0.20879376886875)
(-0.36 -0.0856937176372228 0.18507252530147)
(-0.36 -0.13934153812739 0.269519547072732)
(-0.36 -0.0603927926725089 0.259264166559152)
(-0.36 -0.0187081862634791 0.178300111318902)
(-0.36 -0.0184463376270729 0.331763039864609)
(-0.36 -0.159513368607472 0.447394322158481)
(-0.36 -0.159538805382788 0.0625553456244002)
(-0.36 -0.0222404432886639 0.390111618934704)
(-0.36 -0.0222536279467317 0.119880359835044)
(-0.36 -0.0566390479708424 0.40631694904253)
(-0.36 -0.0566787590101385 0.103484807425229)
(-0.36 -0.0703997520264039 0.220999083754629)
(-0.36 -0.198359138737085 0.254926977086587)
(-0.36 -0.0467298242347234 0.435744601206525)
(-0.36 -0.0467298242347235 0.0742553987934754)
(-0.36 0.0332487794092289 0.495975789613232)
(-0.36 -0.199248779409229 0.495975789613232)
(-0.36 -0.199248779409229 0.0140242103867677)
(-0.36 0.0332487794092288 0.0140242103867677)
(-0.36 -0.0287196735510592 0.264844955415785)
(-0.36 -0.0301802343838131 0.245217439044146)
(-0.36 0.0324354900071894 0.255000000000001)
(-0.36 -0.0917589377859981 0.36273758978895)
(-0.36 -0.132483808852636 0.238090223247406)
(-0.36 -0.200702397917951 0.473775485524005)
(-0.36 -0.20070239791795 0.0362245144759942)
(-0.36 -0.200816135004405 0.376428571428572)
(-0.36 -0.200816135004405 0.133571428571429)
(0.35 -0.0836037251222623 0.379306339863424)
(0.35 -0.0846000477934563 0.13070028362361)
(0.35 -0.0786954857710088 0.254637616215126)
(0.35 -0.131861915193679 0.315496439161973)
(0.35 -0.131061526696499 0.194312880140997)
(0.35 -0.0329694040697202 0.318883950809441)
(0.35 -0.0320777750138053 0.190354748648246)
(0.35 -0.137698933935257 0.435340234560661)
(0.35 -0.0290789789258798 0.434033209898793)
(0.35 -0.0290789789258798 0.075966790101207)
(0.35 -0.137995183531803 0.0741552255479345)
(0.35 -0.150856551903112 0.25212238874498)
(0.35 -0.0148049345274127 0.255000000000001)
(0.35 -0.151910573099564 0.37401711555872)
(0.35 -0.151910573099564 0.13598288444128)
(0.35 -0.0109012003158142 0.375538693458386)
(0.35 -0.0109012003158141 0.134461306541614)
(0.35 -0.0829999999999997 0.453799387343515)
(0.35 -0.0829999999999997 0.0562006126564854)
(0.35 -0.0824466397358964 0.329038354566896)
(0.35 -0.0820877324591121 0.203839199298423)
(0.35 -0.168570317309719 0.465476937758067)
(0.35 0.00242810781651727 0.464377478217702)
(0.35 0.00242810781651724 0.0456225217822983)
(0.35 -0.168570317309719 0.0445230622419329)
(0.35 0.00415144972136082 0.215357638104705)
(0.35 0.0041514497213609 0.294642361895295)
(0.35 -0.171283657599481 0.294293995624421)
(0.35 -0.169007350842652 0.215211036534421)
(0.35 -0.117346661999979 0.275584311450681)
(0.35 -0.113067193495036 0.234202910225354)
(0.35 -0.170934261033078 0.336318595254295)
(0.35 -0.170934261033078 0.173681404745705)
(0.35 -0.11534075035146 0.156148974985476)
(0.35 0.00436859845474814 0.337111394873113)
(0.35 0.00436859845474814 0.172888605126887)
(0.35 -0.171819386466759 0.411645901970232)
(0.35 -0.17181349460973 0.0983628400680987)
(0.35 -0.112832668296549 0.354431755820445)
(0.35 -0.048534552817773 0.356973481765743)
(0.35 -0.0490922818008287 0.152257570400732)
(0.35 0.00674684180591348 0.414005584824019)
(0.35 0.00674684180591339 0.0959944151759814)
(0.35 -0.0462981834528949 0.228784587887354)
(0.35 -0.0443987581005706 0.275159362121434)
(0.35 -0.0996435104566206 0.417411148204983)
(0.35 -0.0996376069460864 0.092585186885502)
(0.35 -0.119534922898367 0.470034757394994)
(0.35 -0.119534922898367 0.0399652426050062)
(0.35 -0.0437298134961864 0.47030083867035)
(0.35 -0.0437298134961865 0.0396991613296503)
(0.35 -0.0403120952465001 0.396902060983493)
(0.35 -0.0403120952465001 0.113097939016507)
(0.35 -0.0820680245493732 0.292258294411523)
(0.35 -0.0801246800784791 0.167555857008943)
(0.35 -0.120116798044338 0.12156853150592)
(0.35 -0.12321268024426 0.391378183762531)
(0.35 -0.0620309583203718 0.427571908339825)
(0.35 -0.0620309583203718 0.0824280916601751)
(0.35 -0.179239895869313 0.254657427231546)
(0.35 0.0134001755370691 0.255000000000001)
(0.35 -0.183773357832089 0.375178283282622)
(0.35 -0.183773357832089 0.134821716717379)
(0.35 0.0187756300185778 0.376428571428572)
(0.35 0.0187756300185779 0.133571428571429)
(0.35 -0.17976435919142 0.439301950260385)
(0.35 -0.179763517497559 0.0706992986022334)
(0.35 -0.0829999999999997 0.483142290637215)
(0.35 -0.0829999999999997 0.0268577093627852)
(0.35 0.0173826591623664 0.43943001376421)
(0.35 0.0173826591623664 0.0705699862357901)
(0.35 -0.142291453376968 0.344432457506478)
(0.35 -0.142985812915842 0.166212949427862)
(0.35 -0.143505772858278 0.291281026938405)
(0.35 -0.147923270405187 0.228032899711961)
(0.35 -0.104371338573643 0.188468656253233)
(0.35 -0.143041599026709 0.104119265924033)
(0.35 -0.144762268684377 0.480414190398601)
(0.35 -0.0208055556302485 0.480275294021099)
(0.35 -0.144762268684377 0.0295858096013995)
(0.35 -0.0208055556302486 0.029724705978901)
(0.35 -0.143900882268236 0.406865980083074)
(0.35 -0.0578756412928822 0.31421030572289)
(0.35 -0.0207793254384525 0.352576238027136)
(0.35 -0.0213069575075363 0.15753240213202)
(0.35 -0.101487679406895 0.309487337465651)
(0.35 -0.108934952791682 0.443141771649246)
(0.35 -0.108969950124716 0.0667918959071465)
(0.35 -0.0624293746094494 0.185429402704082)
(0.35 -0.018720583030725 0.411289275424407)
(0.35 -0.0187205830307249 0.0987107245755935)
(0.35 0.0200640172910953 0.194202408798095)
(0.35 0.0200640172910954 0.315797591201905)
(0.35 -0.0880609059618282 0.230221261458904)
(0.35 -0.0741341141379416 0.355545817963591)
(0.35 -0.0190266428458259 0.280632392293422)
(0.35 -0.0196124481119978 0.228750858652526)
(0.35 -0.045558873325035 0.251388972491992)
(0.35 -0.184438081094703 0.315220126830802)
(0.35 -0.184815700242025 0.194878797129733)
(0.35 0.0209530232922519 0.484008797028795)
(0.35 -0.186953023292252 0.484008797028795)
(0.35 0.0209530232922521 0.0259912029712049)
(0.35 -0.186953023292252 0.025991202971205)
(0.35 -0.0781726786791737 0.405621476969016)
(0.35 -0.0782994489580393 0.104372096994342)
(0.35 0.025197428907118 0.23381454417155)
(0.35 0.025197428907118 0.27618545582845)
(0.35 -0.190971377949729 0.233878293607419)
(0.35 -0.191296564629276 0.275953118767143)
(0.35 -0.192162394843236 0.35484684418823)
(0.35 -0.192162394843236 0.155153155811771)
(0.35 -0.157011636971427 0.315764838687612)
(0.35 -0.157113898305814 0.192758932644713)
(0.35 -0.0211650449420866 0.456784997679555)
(0.35 -0.143748652405838 0.458321585102369)
(0.35 -0.021165044942087 0.0532150023204446)
(0.35 -0.143783920214951 0.0516183506248448)
(0.35 -0.00735967594593649 0.193110995116564)
(0.35 -0.00735967594593657 0.316889004883436)
(0.35 -0.102334107907854 0.253909806507514)
(0.35 0.0252807717366324 0.352675636662495)
(0.35 0.0252807717366325 0.157324363337505)
(0.35 -0.105253339342544 0.210315553215023)
(0.35 -0.0591941118531468 0.335689987595821)
(0.35 -0.126665981651312 0.256060869292932)
(0.35 -0.106883465534693 0.0211664900472183)
(0.35 -0.0589547763063968 0.489412273378084)
(0.35 -0.106883465534693 0.488833509952782)
(0.35 -0.0589547763063969 0.0205877266219159)
(0.35 0.0251734344627643 0.109679342481913)
(0.35 0.0251734344627643 0.400320657518087)
(0.35 -0.00706783301898241 0.436653426634781)
(0.35 -0.00706783301898244 0.0733465733652191)
(0.35 -0.159312822678644 0.429374494388855)
(0.35 -0.159231427364948 0.080695605184952)
(0.35 -0.0601859653692453 0.450014418092394)
(0.35 -0.0601859653692453 0.0599855819076066)
(0.35 -0.191700954793723 0.113662957886696)
(0.35 -0.191701796487584 0.396338290975923)
(0.35 -0.0339183972693223 0.375034859459745)
(0.35 -0.0340992907780121 0.134855089261194)
(0.35 -0.059713918700382 0.382780346077389)
(0.35 -0.0597857036179972 0.126234862298046)
(0.35 -0.113403157571906 0.331519216706934)
(0.35 -0.0568195493766623 0.207924799977975)
(0.35 0.00178349535846183 0.272292042003434)
(0.35 0.00166633430522748 0.237584608185757)
(0.35 -0.167599689393998 0.236780409166065)
(0.35 -0.163828787677406 0.272498880276988)
(0.35 -0.121770919949291 0.415853758760053)
(0.35 -0.121601302705403 0.0942732125855032)
(0.35 -0.168997221052129 0.358990305359978)
(0.35 -0.168997221052129 0.151009694640023)
(0.35 -0.191303674347307 0.460066558163933)
(0.35 -0.19130363783067 0.049933496017598)
(0.35 0.024649067644497 0.461959194002383)
(0.35 0.0246490676444973 0.0480408059976164)
(0.35 -0.0937927137285415 0.150744556624918)
(0.35 -0.105445872949473 0.374522231412706)
(0.35 -0.0680690537892135 0.274652836340169)
(0.35 -0.0836843675748233 0.431756048216456)
(0.35 -0.0836843675748231 0.0782439517835438)
(0.35 0.00337872192841513 0.359306086412574)
(0.35 0.00330334591854594 0.150709433610162)
(0.35 -0.10197489790018 0.397348856495452)
(0.35 -0.0991962823912525 0.114902108817717)
(0.35 -0.165862755422562 0.488448021886749)
(0.35 -0.000137244577437684 0.0215519781132504)
(0.35 -0.165862755422562 0.0215519781132505)
(0.35 -0.000137244577437684 0.48844802188675)
(0.35 -0.129778332600315 0.140011395219055)
(0.35 -0.0652417923767168 0.240482045627039)
(0.35 -0.129135773774149 0.371089577371386)
(0.35 0.00239687829406682 0.392399198995789)
(0.35 0.00239687829406731 0.117600801004211)
(0.35 -0.0952003676797441 0.346511964409802)
(0.35 -0.0901684185679591 0.272751870402085)
(0.35 -0.164975936043956 0.122154135643559)
(0.35 -0.165536822894767 0.388475973100204)
(0.35 -0.0983551020438893 0.468470838990365)
(0.35 -0.0983551020438892 0.0415291610096353)
(0.35 0.0286605870862088 0.0892487487787371)
(0.35 0.0286605870862089 0.420751251221263)
(0.35 -0.033840849521095 0.213237466535583)
(0.35 -0.0368077262744715 0.297225002093305)
(0.35 -0.193855593380202 0.0905450193114057)
(0.35 -0.193857108429153 0.419457228641308)
(0.35 -0.120391293230387 0.296972065580705)
(0.35 -0.0721509578045296 0.148738223697963)
(0.35 -0.0429655889077842 0.418708952842927)
(0.35 -0.0429655889077842 0.0912910471570731)
(0.35 -0.126345222332578 0.491856491549275)
(0.35 -0.126345222332578 0.0181435084507248)
(0.35 -0.0389889381774752 0.491997681213907)
(0.35 -0.0389889381774753 0.0180023187860934)
(0.35 -0.127878095501104 0.217796967430923)
(0.35 -0.0657741110343656 0.0406661583756887)
(0.35 -0.0657741110343656 0.469333841624311)
(0.35 -0.0435586294634678 0.172858955487217)
(0.35 -0.121572647232523 0.175440841673102)
(0.35 -0.03816504386854 0.339006712828804)
(0.35 -0.0398998351078934 0.450459504348421)
(0.35 -0.0398998351078934 0.0595404956515791)
(0.35 -0.194615788980953 0.332726439706427)
(0.35 -0.194615788980953 0.177273560293573)
(0.35 -0.126739919951569 0.452119881060243)
(0.35 -0.126739919951569 0.057880118939757)
(0.35 0.0285894590101874 0.333399588213234)
(0.35 0.0285894590101869 0.176600411786766)
(0.35 -0.101811227108554 0.289782060202717)
(0.35 0.0288945928877716 0.211512826572208)
(0.35 0.0288945928877719 0.298487173427793)
(0.35 -0.107137487484894 0.135679308462783)
(0.35 -0.0614711847513509 0.165368001859788)
(0.35 -0.195116901120765 0.212168974202173)
(0.35 -0.195116901120766 0.297831025797828)
(0.35 -0.061329633445535 0.293170248117915)
(0.35 -0.100129556197028 0.169034214109685)
(0.35 -0.140456276721643 0.123628503472291)
(0.35 -0.140967288442426 0.387046355783635)
(0.35 -0.144440229401862 0.208368194910521)
(0.35 -0.0779671385113544 0.310018405933188)
(0.35 -0.0184023998829187 0.30165454239498)
(0.35 -0.0167902688816719 0.20879376886875)
(0.35 -0.0856937176372228 0.18507252530147)
(0.35 -0.13934153812739 0.269519547072732)
(0.35 -0.0603927926725089 0.259264166559152)
(0.35 -0.0187081862634791 0.178300111318902)
(0.35 -0.0184463376270729 0.331763039864609)
(0.35 -0.159513368607472 0.447394322158481)
(0.35 -0.159538805382788 0.0625553456244002)
(0.35 -0.0222404432886639 0.390111618934704)
(0.35 -0.0222536279467317 0.119880359835044)
(0.35 -0.0566390479708424 0.40631694904253)
(0.35 -0.0566787590101385 0.103484807425229)
(0.35 -0.0703997520264039 0.220999083754629)
(0.35 -0.198359138737085 0.254926977086587)
(0.35 -0.0467298242347234 0.435744601206525)
(0.35 -0.0467298242347235 0.0742553987934754)
(0.35 0.0332487794092289 0.495975789613232)
(0.35 -0.199248779409229 0.495975789613232)
(0.35 -0.199248779409229 0.0140242103867677)
(0.35 0.0332487794092288 0.0140242103867677)
(0.35 -0.0287196735510592 0.264844955415785)
(0.35 -0.0301802343838131 0.245217439044146)
(0.35 0.0324354900071894 0.255000000000001)
(0.35 -0.0917589377859981 0.36273758978895)
(0.35 -0.132483808852636 0.238090223247406)
(0.35 -0.200702397917951 0.473775485524005)
(0.35 -0.20070239791795 0.0362245144759942)
(0.35 -0.200816135004405 0.376428571428572)
(0.35 -0.200816135004405 0.133571428571429)
(-0.106609088735692 -0.213 0.255984745753793)
(0.125120275690979 -0.213 0.2322309225316)
(0.0223531668087553 -0.213 0.349150650333092)
(0.199617793569066 -0.213 0.359584716183981)
(-0.209717515421925 -0.213 0.365646471941078)
(-0.211287733930558 -0.213 0.146653760713596)
(-0.000641706558730334 -0.213 0.147805959968841)
(0.214031086304959 -0.213 0.131481823910124)
(-0.0940290902384301 -0.213 0.389810088091361)
(0.237779654958574 -0.213 0.249402040600976)
(-0.246471488604275 -0.213 0.257506295975983)
(0.105220342211125 -0.213 0.112677052883235)
(-0.105159821230174 -0.213 0.112607758473659)
(0.107722005532481 -0.213 0.406742231712716)
(0.0205312645736705 -0.213 0.248960904499725)
(0.102430636387488 -0.213 0.317723438177555)
(0.262078741430704 -0.213 0.422156759177102)
(-0.272731117053394 -0.213 0.422814427908292)
(-0.272952469397125 -0.213 0.0878506688322034)
(-0.0184323802949304 -0.213 0.425858350458314)
(-0.0542458446673387 -0.213 0.318687217108547)
(-0.165682424755216 -0.213 0.428556268574317)
(0.270292243709353 -0.213 0.322166993760201)
(-0.179052682059555 -0.213 0.225316825085559)
(-0.281826255170253 -0.213 0.183486642868568)
(-0.280848984250496 -0.213 0.324396572192647)
(-0.0728190670153546 -0.213 0.180680725473894)
(0.271508796233734 -0.213 0.0785345181225064)
(-0.139694901143857 -0.213 0.326918525488853)
(-0.173994354290554 -0.213 0.0754475292218147)
(0.0325208109312051 -0.213 0.0783517538134664)
(0.274751198208386 -0.213 0.184289584979862)
(0.177980857822733 -0.213 0.432963689241717)
(0.0666046059245298 -0.213 0.176249819029823)
(0.169997500072904 -0.213 0.0746285006493621)
(0.171941321199914 -0.213 0.290091916946817)
(-0.0396964166640385 -0.213 0.0794651146997191)
(0.186957420382142 -0.213 0.199766031417958)
(0.0450779916741915 -0.213 0.436565049008452)
(-0.146432983577442 -0.213 0.162839544817583)
(-0.198134866888864 -0.213 0.297694168170554)
(-0.0420943306587039 -0.213 0.240610887373017)
(0.131144915008702 -0.213 0.169205404627069)
(-0.0758347143999263 -0.213 0.447532166103224)
(-0.220692875887492 -0.213 0.449236503408292)
(0.289361723159096 -0.213 0.264730378274689)
(0.0742587075019671 -0.213 0.26312842260547)
(0.141808627421068 -0.213 0.360049428663002)
(0.0878903171217086 -0.213 0.0587112153432261)
(-0.301651161502577 -0.213 0.23670693376649)
(0.292516949325969 -0.213 0.375571558301753)
(-0.125068682950932 -0.213 0.0595958979793935)
(0.29390147748759 -0.213 0.130820458918965)
(-0.0397884360460345 -0.213 0.371332572210603)
(-0.305225919871131 -0.213 0.132696635779828)
(-0.311196384004853 -0.213 0.377303478945561)
(-0.000980839850635448 -0.213 0.301283258446188)
(-0.229406401657141 -0.213 0.20256835719541)
(-0.0534029478658342 -0.213 0.127307520012281)
(-0.227280184043043 -0.213 0.0591610764794128)
(0.22510578376352 -0.213 0.0552302359556196)
(0.0747788170322848 -0.213 0.367300088310915)
(0.130297724797316 -0.213 0.457446359387295)
(-0.005180210328035 -0.213 0.201706563274766)
(-0.159790600803755 -0.213 0.375577148595255)
(0.164994270682644 -0.213 0.127278718353111)
(0.0545926495382583 -0.213 0.127194755562962)
(0.222563057816325 -0.213 0.299481645465778)
(0.226231475234217 -0.213 0.453667266397626)
(-0.157092174323082 -0.213 0.268067028012617)
(0.301422244906975 -0.213 0.462351779835592)
(0.0514309333577062 -0.213 0.311256133078348)
(-0.310289882299418 -0.213 0.459305697006243)
(-0.310027038904852 -0.213 0.0507632295511634)
(-0.115540055451279 -0.213 0.206207474697981)
(-0.125795215815535 -0.213 0.460203491657733)
(-0.313574694267935 -0.213 0.286298114432849)
(-0.232984363218709 -0.213 0.105692962291601)
(-0.26196121080582 -0.213 0.376628613907278)
(0.250136226736111 -0.213 0.375814019213965)
(0.0251252154084633 -0.213 0.398115348221993)
(-0.2669533907417 -0.213 0.141328379259001)
(-0.00105706121109887 -0.213 0.046928193246071)
(0.167025605932308 -0.213 0.240257225004387)
(0.304976620150133 -0.213 0.219769705993282)
(-0.0815310668077038 -0.213 0.0428005484168389)
(-0.0954607258044157 -0.213 0.34232128786267)
(0.126676484955293 -0.213 0.277469679174782)
(0.231054045798367 -0.213 0.205510795502774)
(-0.173283579048354 -0.213 0.123765872728158)
(-0.204429434371933 -0.213 0.406366472311357)
(0.133313156671251 -0.213 0.0456318304042479)
(0.306475566181044 -0.213 0.0441926440218441)
(0.00644855573549012 -0.213 0.463147453881292)
(0.0587972837587134 -0.213 0.223376050325548)
(-0.243989769187969 -0.213 0.300626549081071)
(-0.00420949922276998 -0.213 0.0982654532237354)
(0.0865459509185803 -0.213 0.466335736470313)
(0.218401005485081 -0.213 0.411977052736892)
(-0.0935394664039927 -0.213 0.297917875650149)
(-0.264734745735623 -0.213 0.465782376962005)
(-0.0367692685593482 -0.213 0.466566166131853)
(0.310558071871971 -0.213 0.416038972754995)
(-0.207512998890805 -0.213 0.254646806409007)
(0.173645772517005 -0.213 0.390661133049958)
(-0.104576780662506 -0.213 0.153658183067338)
(-0.183058890790321 -0.213 0.468254087472952)
(-0.318458718221423 -0.213 0.0944713880369673)
(-0.322618056100901 -0.213 0.418082483106318)
(0.309317717100859 -0.213 0.304548303926617)
(0.230411583190894 -0.213 0.0956611918021571)
(-0.265653159816485 -0.213 0.0375527597054751)
(-0.125136270917004 -0.213 0.41714862099839)
(-0.0580036743708296 -0.213 0.411205802690336)
(0.258175753362189 -0.213 0.150230882327705)
(-0.0370754790418887 -0.213 0.281270804150097)
(-0.184234000855632 -0.213 0.177587680586846)
(0.0682931813491011 -0.213 0.402855885987697)
(0.0502164697610475 -0.213 0.0403662249026493)
(-0.319449545777389 -0.213 0.199480947919428)
(-0.180042817964115 -0.213 0.333033480843281)
(0.170382861697514 -0.213 0.332869556425242)
(0.308723730193438 -0.213 0.0920482887566698)
(-0.0180568649653993 -0.213 0.338693354057618)
(-0.0801509855217026 -0.213 0.222761113601801)
(0.263798594583559 -0.213 0.0381519703473896)
(-0.161135385063784 -0.213 0.0398685092587759)
(0.0271846288507438 -0.213 0.176765049056412)
(-0.0335705856543856 -0.213 0.17330810805032)
(-0.322676687066427 -0.213 0.342560605753385)
(0.310183554997621 -0.213 0.167258860251943)
(0.166805805303145 -0.213 0.470864708048905)
(0.234360031974975 -0.213 0.338602546441509)
(-0.267104585676342 -0.213 0.220159607975787)
(0.103096868491654 -0.213 0.195648854628945)
(0.185744720586452 -0.213 0.159514042870387)
(0.0961948867050557 -0.213 0.151025068069094)
(-0.142259599915792 -0.213 0.097556943333538)
(0.182441667855317 -0.213 0.0370898343838316)
(-0.245303658274128 -0.213 0.341316215497002)
(0.261699605031804 -0.213 0.471969464738249)
(0.129233686495678 -0.213 0.0841692128910096)
(0.0693785884024679 -0.213 0.0904539335727238)
(0.264374213666165 -0.213 0.22493047220583)
(-0.0778975837878619 -0.213 0.0846881612888393)
(0.258036412899823 -0.213 0.286031833760812)
(0.144323287920395 -0.213 0.417167677471393)
(0.199641821567509 -0.213 0.264746726830414)
(0.148648260745635 -0.213 0.203816652768377)
(0.195754237996219 -0.213 0.102203421145453)
(-0.0379982749937376 -0.213 0.0374468119300284)
(0.313004864622889 -0.213 0.342484188253117)
(-0.125858498955526 -0.213 0.365452003239412)
(0.139031044908787 -0.213 0.315782328368995)
(-0.142330363409335 -0.213 0.233704982088984)
(-0.275574015707138 -0.213 0.275988837849952)
(-0.325807749300099 -0.213 0.163838252185391)
(-0.0685767022882574 -0.213 0.264690236881445)
(0.220229143838179 -0.213 0.169894772636513)
(-0.198328185955368 -0.213 0.0349871580365744)
(0.20595669442014 -0.213 0.229191879667314)
(-0.128101773281258 -0.213 0.287807804164618)
(0.107546704688776 -0.213 0.35360568066793)
(0.0422333284205779 -0.213 0.277007288988201)
(-0.00533647230700115 -0.213 0.377332390571228)
(0.0439655172413799 -0.213 0.476770146680334)
(0.263511552410331 -0.213 0.113187426205849)
(-0.241235302572793 -0.213 0.40716318795134)
(-0.151189926678617 -0.213 0.19753369551044)
(-0.134861835515226 -0.213 0.130318676666512)
(-0.0126165900415363 -0.213 0.254813473383488)
(-0.164022969565535 -0.213 0.301024548204512)
(-0.0456744946386081 -0.213 0.205225317541803)
(-0.235959993694973 -0.213 0.169284395850278)
(0.130442757961683 -0.213 0.135318587972559)
(-0.0960402558284292 -0.213 0.47584304319447)
(0.025976742399621 -0.213 0.215696703385324)
(-0.215364708414915 -0.213 0.325377870948534)
(0.0861644366704668 -0.213 0.432721912111551)
(0.0213575037488191 -0.213 0.12416141366083)
(-0.328498096855777 -0.213 0.262401550345449)
(-0.0768653504143241 -0.213 0.36480336434818)
(0.0895311870890982 -0.213 0.236408988804871)
(0.200583978505226 -0.213 0.324502909934309)
(0.0173536265591395 -0.213 0.435427471683787)
(0.324586078528303 -0.213 0.247562127634644)
(0.0424086018028988 -0.213 0.376207263646107)
(0.199870994168972 -0.213 0.478617035259826)
(0.268937211583566 -0.213 0.351420357356733)
(-0.15144439734442 -0.213 0.479891594495863)
(-0.0906722873925776 -0.213 0.427227009976277)
(-0.10166668560081 -0.213 0.0321852914245298)
(0.0772209165164947 -0.213 0.335277943827694)
(0.11134807177457 -0.213 0.0328027074484883)
(-0.0647928822583704 -0.213 0.478727514921353)
(-0.280612139946947 -0.213 0.356294414420274)
(-0.192694698749361 -0.213 0.108879575909324)
(-0.27943475524836 -0.213 0.117621618853482)
(0.0764804971512494 -0.213 0.296153162698293)
(-0.327709203587077 -0.213 0.308204101814822)
(-0.236189168526882 -0.213 0.479727218898682)
(0.0219045197731641 -0.213 0.320988413881065)
(0.135638952201703 -0.213 0.39084800741196)
(-0.0757659907006797 -0.213 0.153307918662246)
(0.318599376891204 -0.213 0.194715210649913)
(-0.0242083378080857 -0.213 0.130165352386661)
(-0.227523680737573 -0.213 0.275484649422642)
(-0.226295552700789 -0.213 0.233611539800464)
(0.322005017027495 -0.213 0.479406197333979)
(-0.187066444004239 -0.213 0.384723120696064)
(0.112577122684255 -0.213 0.479430011564685)
(0.022780503631012 -0.213 0.0268041812479683)
(-0.330299682127093 -0.213 0.480256549620646)
(-0.330299682127093 -0.213 0.0297434503793545)
(0.316855019939112 -0.213 0.393551333351352)
(-0.195209963517214 -0.213 0.434773893786607)
(0.270195896034861 -0.213 0.393209734051697)
(-0.335109463185929 -0.213 0.226119119597383)
(0.161193237064507 -0.213 0.17404690411806)
(0.326307389069724 -0.213 0.282557372556122)
(0.237349986367716 -0.213 0.0279439801868674)
(-0.209236934773275 -0.213 0.074506661465004)
(-0.247245298839116 -0.213 0.440643755357449)
(-0.104206815359224 -0.213 0.0764429079290012)
(-0.278531644793569 -0.213 0.397486878891872)
(0.264612189622054 -0.213 0.254590941586061)
(-0.0503158530458401 -0.213 0.438292957294946)
(-0.287508630150348 -0.213 0.481327720075147)
(0.10302844640132 -0.213 0.083682073459072)
(-0.246311694057485 -0.213 0.0797223191867206)
(-0.284973995765842 -0.213 0.159920331316962)
(0.200657347661804 -0.213 0.389932027713411)
(0.323197484106225 -0.213 0.133571428571429)
(0.155513647616534 -0.213 0.0294213878154916)
(0.0481994106630054 -0.213 0.156022117142991)
(-0.330880835698009 -0.213 0.11864274471597)
(-0.327611891491852 -0.213 0.39062587444977)
(-0.278468646870896 -0.213 0.251574850402067)
(-0.150387894737965 -0.213 0.403477940544792)
(0.0472333194233811 -0.213 0.345980792279974)
(-0.182215829780613 -0.213 0.150441065389819)
(-0.239404996082624 -0.213 0.0314174129139373)
(-0.137011063419617 -0.213 0.0284599522641698)
(0.198539815553262 -0.213 0.0749111303977942)
(-0.011350290713691 -0.213 0.0744985679958527)
(-0.200409003171242 -0.213 0.204177193364363)
(0.170575756279666 -0.213 0.361104461733001)
(0.321023562983333 -0.213 0.44032353141393)
(0.0769543761488329 -0.213 0.0286782398166603)
(-0.0663359668724031 -0.213 0.292399859382279)
(0.151150207562241 -0.213 0.266319034840271)
(-0.12176528809343 -0.213 0.175680939049801)
(-0.0196539324233592 -0.213 0.398672360018202)
(-0.00135662302417882 -0.213 0.230314824075634)
(0.0974346683510158 -0.213 0.379925496640757)
(-0.149111320800628 -0.213 0.0678693186179166)
(-0.040371676000252 -0.213 0.103657366817587)
(-0.0788746882020653 -0.213 0.11259767620367)
(0.141201704125321 -0.213 0.483760996772688)
(0.282762673294726 -0.213 0.156882740959664)
(-0.332040144775411 -0.213 0.0676630719415196)
(-0.331369737982362 -0.213 0.440904113039085)
(-0.182760751475094 -0.213 0.267965589923686)
(-0.0472002024326704 -0.213 0.349771801907826)
(0.107292363989476 -0.213 0.266177256012305)
(0.320114361626099 -0.213 0.0691975457155586)
(-0.225293091754256 -0.213 0.380947043045278)
(-0.112147501511621 -0.213 0.319562290111966)
(-0.29073566915443 -0.213 0.0291992749061836)
(-0.201802632721892 -0.213 0.484510183939036)
(0.0138849434138564 -0.213 0.276523406023596)
(0.156085562577601 -0.213 0.0993682476000209)
(-0.2934862625765 -0.213 0.210349828736563)
(-0.231440636190442 -0.213 0.13053569415145)
(0.053247948418142 -0.213 0.252412339458162)
(0.249413304170121 -0.213 0.064385647059738)
(0.248427844824722 -0.213 0.172898587335636)
(0.0474971132132769 -0.213 0.19769646597419)
(-0.213573662426667 -0.213 0.17992461633081)
(-0.0290952428780557 -0.213 0.30546670146575)
(0.0610877136097861 -0.213 0.0674799488960855)
(-0.257307864616276 -0.213 0.197366878976299)
(0.286612488331943 -0.213 0.4857096163202)
(-0.0134843546158668 -0.213 0.481398662653722)
(0.237673329880837 -0.213 0.485232599392618)
(-0.157506396424038 -0.213 0.346118382901027)
(0.10919540091153 -0.213 0.433846675697986)
(0.235265612629612 -0.213 0.43092474651716)
(0.206275956186889 -0.213 0.437015820754734)
(-0.284659677650823 -0.213 0.447500567659044)
(0.284351738289159 -0.213 0.291499973121613)
(-0.33260747449831 -0.213 0.364017889860954)
(0.276480850041033 -0.213 0.44818314160196)
(0.0820650393084609 -0.213 0.127463408815028)
(-0.152134549376394 -0.213 0.45244086486349)
(0.156401371331504 -0.213 0.447948392004858)
(-0.296866850711922 -0.213 0.0759845310984453)
(0.323137354674389 -0.213 0.0268827541197087)
(-0.256313391881975 -0.213 0.103124768631831)
(0.287295208361343 -0.213 0.0247649010609999)
(0.000243165235547735 -0.213 0.17523209339007)
(-0.168767547510085 -0.213 0.248859111532998)
(0.0778314943116791 -0.213 0.202119653386787)
(0.0395698381464202 -0.213 0.107997287357403)
(0.12704377270599 -0.213 0.338433064577872)
(0.197169648429676 -0.213 0.30139164937517)
(0.209492039259605 -0.213 0.0272656330983075)
(0.0665236621170389 -0.213 0.487129596948969)
(-0.101764801126357 -0.213 0.452248597705158)
(0.188375145529163 -0.213 0.135211477251564)
(0.223834201564486 -0.213 0.27365649814325)
(0.243414357051785 -0.213 0.403796473499266)
(0.238087526828537 -0.213 0.11768181204508)
(0.147626485149401 -0.213 0.148075047601396)
(-0.304128155548195 -0.213 0.311482483898592)
(0.246154227611965 -0.213 0.312056089707498)
(-0.0929703008769191 -0.213 0.199778757153743)
(-0.105906815965723 -0.213 0.226406162852193)
(-0.0814323828173387 -0.213 0.319775830286053)
(-0.178253643261609 -0.213 0.408532922960222)
(-0.1302258888894 -0.213 0.26709623176432)
(-0.0572683771066143 -0.213 0.025121677874104)
(0.101884010472625 -0.213 0.292477093704142)
(-0.0289240664453623 -0.213 0.219161179395765)
(-0.12742163123982 -0.213 0.487878776343141)
(0.296155383867049 -0.213 0.0707346279011748)
(0.0255480236441973 -0.213 0.0526546840355141)
(-0.119872031354941 -0.213 0.392709954304743)
(0.0446281825624201 -0.213 0.414505338126477)
(0.285118179539835 -0.213 0.236391112540941)
(0.0219770632718543 -0.213 0.486634281475892)
(-0.0154594066118847 -0.213 0.452431752647651)
(-0.338397628152092 -0.213 0.285361007799935)
(-0.300679692515959 -0.213 0.262374340419725)
(-0.0162394334157776 -0.213 0.0266636379082489)
(-0.0370200602883744 -0.213 0.148100392465946)
(0.024591569780624 -0.213 0.150788487541343)
(-0.226728429841217 -0.213 0.422957640671201)
(0.143324197533258 -0.213 0.243942348031548)
(0.167702451886928 -0.213 0.213640226695962)
(-0.180498481186616 -0.213 0.358399822704414)
(0.133672639395952 -0.213 0.106695486718553)
(0.225417397863909 -0.213 0.362230425853598)
(-0.267724879978663 -0.213 0.302815872887743)
(0.286623400437492 -0.213 0.10971373051681)
(-0.258010518167375 -0.213 0.169786680663681)
(0.00500217629642367 -0.213 0.414897911863665)
(0.324363752094577 -0.213 0.362995433330598)
(-0.195320924448471 -0.213 0.129576941486503)
(0.294740982300452 -0.213 0.197971503529948)
(-0.202433851446861 -0.213 0.229614974120371)
(0.291794023006967 -0.213 0.335779488824663)
(0.209870992872602 -0.213 0.192523429836847)
(0.328371051905728 -0.213 0.109285714285715)
(0.192177553514295 -0.213 0.41294425264177)
(0.112787844833798 -0.213 0.0599181846816896)
(0.25432261143843 -0.213 0.201894222177607)
(-0.120807612107723 -0.213 0.342705198910309)
(0.327626243219496 -0.213 0.228703794980378)
(-0.0550263953976016 -0.213 0.0545494121315428)
(0.0294983224788081 -0.213 0.296789620443021)
(-0.295728205630617 -0.213 0.097718236504786)
(-0.102603503941462 -0.213 0.0526282492159515)
(0.157203002408728 -0.213 0.0544152180578407)
(-0.337629992386712 -0.213 0.183237645401645)
(0.327571108527667 -0.213 0.325008907948371)
(0.0717929330280296 -0.213 0.149641196706678)
(-0.306114911960817 -0.213 0.179283457379435)
(-0.0696017600642 -0.213 0.389707210843)
(0.186105080382949 -0.213 0.457470196079606)
(-0.0938112960493302 -0.213 0.131764977053507)
(-0.167388681427014 -0.213 0.0999646790316609)
(-0.182155241424724 -0.213 0.0521568746995751)
(-0.333015092005438 -0.213 0.142308492182275)
(-0.177734767090742 -0.213 0.0221689898715767)
(0.242961997939694 -0.213 0.225994879512233)
(0.105852183946254 -0.213 0.171486264925283)
(0.0573607471286763 -0.213 0.461404485260746)
(-0.100766529774342 -0.213 0.36622403564462)
(0.0108975653130085 -0.213 0.0839165757575714)
(0.127623133643251 -0.213 0.206592626722218)
(-0.109539216141783 -0.213 0.28111701085251)
(-0.296230563874631 -0.213 0.427801245616246)
(0.224828957784887 -0.213 0.386301040988599)
(-0.263417031822408 -0.213 0.0651209772014267)
(-0.0960430709035055 -0.213 0.17590652564644)
(-0.217901325026797 -0.213 0.0212787562248545)
(0.286621007512087 -0.213 0.422178282353187)
(-0.0129130660933162 -0.213 0.277607546391341)
(0.0178696982356979 -0.213 0.37232927173801)
(-0.219078364183023 -0.213 0.302899856549383)
(0.031041241170414 -0.213 0.457953170058668)
(0.145742041176704 -0.213 0.292937057939443)
(-0.155758330937672 -0.213 0.141202541212494)
(-0.254280986910416 -0.213 0.279538806295897)
(0.134304476445075 -0.213 0.0216671505871009)
(-0.0554425898684423 -0.213 0.166234922795863)
(0.234309053831044 -0.213 0.146385853607031)
(0.176554816238271 -0.213 0.264198091432365)
(-0.0833690125925277 -0.213 0.018857281046876)
(0.2928398174219 -0.213 0.397439947656579)
(0.250558802944707 -0.213 0.449644656362881)
(0.166742954653894 -0.213 0.414163889119837)
(-0.302957341117441 -0.213 0.400196478912488)
(-0.255535448701778 -0.213 0.48785798433139)
(-0.0010291730962665 -0.213 0.323470661317873)
(-0.064090522124736 -0.213 0.24228287047398)
(-0.17207035797239 -0.213 0.488078319701421)
(-0.07144821743907 -0.213 0.33999057495848)
(0.282185175846166 -0.213 0.0528082107950081)
(0.1069669290441 -0.213 0.456258931739777)
(-0.238486481149134 -0.213 0.364385761420548)
(0.0903017609370784 -0.213 0.490579068996793)
(-0.285426431753559 -0.213 0.0550377943947046)
(-0.0262150317733236 -0.213 0.0570808116108404)
(0.32860118557294 -0.213 0.157002001381023)
(-0.0025261912115044 -0.213 0.354840854030904)
(0.215163621629235 -0.213 0.109964550108078)
(-0.0299307308827381 -0.213 0.194110164543515)
(0.120433587681956 -0.213 0.371494352947338)
(-0.33757156893454 -0.213 0.206796745656546)
(0.160539847438799 -0.213 0.312239522354589)
(0.0439655172413799 -0.213 0.019086212194077)
(-0.143179766463414 -0.213 0.428177088746237)
(-0.12997348500106 -0.213 0.0785225918824843)
(-0.126999508325129 -0.213 0.151435127655109)
(-0.0472849308232544 -0.213 0.491926954186961)
(-0.304127112663995 -0.213 0.356273552437732)
(0.333341273764523 -0.213 0.421415357976642)
(-0.339551015874292 -0.213 0.325884871926959)
(-0.243527802111693 -0.213 0.220527052178342)
(-0.00149803358920428 -0.213 0.118878836746021)
(-0.307615359869703 -0.213 0.486776897516088)
(0.101067389442252 -0.213 0.219557668026122)
(0.191420210169812 -0.213 0.244127317659465)
(-0.338701524387715 -0.213 0.0862815913816522)
(-0.343618480541291 -0.213 0.422580599524366)
(-0.271995670635168 -0.213 0.0186372487280931)
(0.22092299693913 -0.213 0.0776488286449874)
(-0.263457345193585 -0.213 0.340104808503178)
(-0.049057688841393 -0.213 0.261415222575067)
(0.0373161380743321 -0.213 0.234630829529113)
(0.252093203023326 -0.213 0.0920600756969967)
(0.150316150606564 -0.213 0.339750889412795)
(0.154740318995901 -0.213 0.380478392711078)
(0.0680413764077605 -0.213 0.42448778746457)
(0.33263924293965 -0.213 0.303851488314794)
(0.016663416784999 -0.213 0.19619202141296)
(-0.0576906319813289 -0.213 0.458796240098877)
(0.272210215173235 -0.213 0.132873320105314)
(-0.0671928048034499 -0.213 0.203029608012312)
(0.216923624300218 -0.213 0.491522642515318)
(-0.155934863804483 -0.213 0.0180994902789045)
(0.331441828745053 -0.213 0.0881063097515887)
(-0.254487857853253 -0.213 0.320993082893561)
(0.0613531162381481 -0.213 0.381370291286282)
(-0.0886390914508777 -0.213 0.272526152742178)
(-0.0717906651515048 -0.213 0.427327391678259)
(-0.0615592828715742 -0.213 0.0989693436418193)
(-0.172169110567896 -0.213 0.200003717194611)
(-0.159855750871638 -0.213 0.179768401539464)
(0.288573639925313 -0.213 0.313651846982482)
(-0.139241920850066 -0.213 0.380976343192808)
(-0.199488925286814 -0.213 0.455981019465417)
(-0.176517694377044 -0.213 0.451077928932984)
(-0.180722249414478 -0.213 0.309949658854433)
(0.0893227769684316 -0.213 0.397741241120482)
(-0.161031736239309 -0.213 0.321601512580454)
(-0.204379286556981 -0.213 0.0549719036452043)
(-0.203873572187749 -0.213 0.278063996001991)
(-0.124331267886852 -0.213 0.24212176529507)
(0.206029155585809 -0.213 0.153610945368915)
(-0.150829736444073 -0.213 0.116970922454147)
(0.118783728051151 -0.213 0.151983292007096)
(0.180384705650061 -0.213 0.488558119536429)
(0.0634629040471488 -0.213 0.280664144399553)
(-0.227888013772424 -0.213 0.253766507005737)
(-0.0864321147689334 -0.213 0.245289377959086)
(-0.0228389274245069 -0.213 0.361252161387075)
(0.147575374293698 -0.213 0.223975081325538)
(0.328677480878795 -0.213 0.0475007827774059)
(0.180990538715738 -0.213 0.1124028826616)
(0.247900001567658 -0.213 0.270354602766254)
(0.308163428826095 -0.213 0.115087924209918)
(0.213785491432155 -0.213 0.248776869928773)
(-0.0368264859960526 -0.213 0.417376706950515)
(0.330095998982008 -0.213 0.46080473818561)
(0.254930646563135 -0.213 0.337087085632343)
(-0.290421737044731 -0.213 0.293892703613584)
(0.125757704047247 -0.213 0.255497428973041)
(0.263412895793558 -0.213 0.0181721703190514)
(-0.0440088740053562 -0.213 0.392634797475727)
(-0.201647132593335 -0.213 0.340196149415243)
(-0.258855311647137 -0.213 0.40257562383373)
(0.192811686075645 -0.213 0.178805840467093)
(-0.126313394200926 -0.213 0.439559796918905)
(0.108184901714698 -0.213 0.133610888804007)
(-0.248572337528792 -0.213 0.0512313267071928)
(0.189250435068202 -0.213 0.0167381908006556)
(-0.156860814329645 -0.213 0.217717719277715)
(-0.0227947230595108 -0.213 0.092616446282482)
(0.264310344827587 -0.213 0.492865266052834)
(-0.305846528011539 -0.213 0.153638444392936)
(0.279713967550567 -0.213 0.210874433571245)
(-0.127540198394129 -0.213 0.111629231527033)
(0.188346107437036 -0.213 0.341905638552887)
(0.331476823492353 -0.213 0.176652357313719)
(0.017664758503927 -0.213 0.102604097450924)
(-0.239375285497523 -0.213 0.459466917034225)
(-0.308386118431221 -0.213 0.11244213339435)
(-0.115198868654395 -0.213 0.132715087697286)
(0.0873228554333818 -0.213 0.181864653543827)
(0.246517575112977 -0.213 0.353839898086228)
(0.30718352596233 -0.213 0.146742458948922)
(0.303339386873865 -0.213 0.283260258524387)
(-0.0833882172696948 -0.213 0.48944969667831)
(0.0469577837294789 -0.213 0.395380937724442)
(-0.340045412740185 -0.213 0.0484982259692329)
(-0.340027730724077 -0.213 0.461442602137893)
(-0.223875494939874 -0.213 0.342983001989563)
(0.199459276282121 -0.213 0.0505617133086258)
(0.221576478445238 -0.213 0.320912915229635)
(-0.314452434751123 -0.213 0.219388951442829)
(0.15501825725778 -0.213 0.398663819952845)
(0.213478804404062 -0.213 0.343017833792676)
(0.149129516922503 -0.213 0.074469631294726)
(-0.148802101555697 -0.213 0.28765034003449)
(0.0699298056919843 -0.213 0.0480331811936137)
(-0.0347513355505474 -0.213 0.326613486311645)
(-0.232733473785806 -0.213 0.320975542714971)
(-0.311978204008872 -0.213 0.0204996188329559)
(0.123538334308639 -0.213 0.300261821559162)
(-0.0192234617412901 -0.213 0.158672728594351)
(0.0992684589978476 -0.213 0.33435234073406)
(-0.213147490572787 -0.213 0.119504595286658)
(0.205873476915449 -0.213 0.283391443966275)
(0.00241019580968202 -0.213 0.0201498974504612)
(-0.0546878673654272 -0.213 0.222178496066446)
(-0.143068074034993 -0.213 0.0489018519389257)
(0.0521316803933286 -0.213 0.0885595192577524)
(-0.0815629425893488 -0.213 0.408570598193382)
(-0.209173537234539 -0.213 0.386940974867889)
(0.047371439662889 -0.213 0.176683362800854)
(-0.30084961410893 -0.213 0.335308901554389)
(-0.199891779608829 -0.213 0.164001069106367)
(-0.282558203258673 -0.213 0.232016329379454)
(0.160885766090258 -0.213 0.489335524878787)
(0.0843913049450885 -0.213 0.10204164771988)
(-0.261311448684332 -0.213 0.239469993477596)
(0.295330653390702 -0.213 0.17956743151438)
(0.0735120323091642 -0.213 0.241751807579889)
(0.137109776259651 -0.213 0.433866954816015)
(0.121615343054816 -0.213 0.186489846100821)
(0.169586771802434 -0.213 0.148825238038903)
(0.299843147178761 -0.213 0.43806742137247)
(-0.239279831647006 -0.213 0.149414644965048)
(0.181528252434466 -0.213 0.0583212793594909)
(0.0404829852000035 -0.213 0.329203861891121)
(-0.0619166019403748 -0.213 0.0755970352502574)
(0.18652635542427 -0.213 0.374731820569673)
(0.0969469137297848 -0.213 0.0194764153869031)
(-0.143900960332082 -0.213 0.362359220840962)
(0.274934143777968 -0.213 0.371929101068225)
(0.166248527003207 -0.213 0.194887986133439)
(0.238260605332758 -0.213 0.288213227879833)
(0.188799781172008 -0.213 0.220840907320655)
(0.181493960784694 -0.213 0.317166865598169)
(-0.311521573941134 -0.213 0.439186663887486)
(-0.134555149191473 -0.213 0.216065209415479)
(0.0830544505723219 -0.213 0.0781340878569877)
(-0.275447624193278 -0.213 0.202217412582625)
(0.0636881834556707 -0.213 0.107285092047625)
(0.14788717099905 -0.213 0.465064800002355)
(-0.104025572852819 -0.213 0.409209166097753)
(-0.272744799294828 -0.213 0.492644731761544)
(-0.0470026513040052 -0.213 0.297480017980416)
(-0.0492536858356468 -0.213 0.185407380744086)
(-0.0337501712591477 -0.213 0.0181153734410492)
(-0.215886488977533 -0.213 0.216938011677907)
(-0.0231221438667268 -0.213 0.23954136680351)
(0.124568852841849 -0.213 0.415439145939503)
(0.271479100465044 -0.213 0.272840190948473)
(0.281553797077938 -0.213 0.467053500624)
(-0.0805303278723713 -0.213 0.0644510523720719)
(-0.137982758029574 -0.213 0.306454712124456)
(-0.00205689125887562 -0.213 0.43681124240113)
(0.116925418762679 -0.213 0.0969249212142061)
(-0.073129633534271 -0.213 0.132405442097385)
(0.042343254486559 -0.213 0.0597131529119288)
(-0.0953747359475501 -0.213 0.0956572165260985)
(-0.200485321612182 -0.213 0.0155972511384165)
(0.088839537706702 -0.213 0.275820584576231)
(0.0098903811622576 -0.213 0.0665946873980465)
(-0.104398679252672 -0.213 0.49109813320656)
(0.115485409631265 -0.213 0.0147892546844985)
(-0.14037150908187 -0.213 0.181341595567155)
(0.297909260953039 -0.213 0.35698314143379)
(0.267819192149477 -0.213 0.303584867067796)
(-0.343330542951636 -0.213 0.160413761797641)
(0.142933826949691 -0.213 0.186853349180344)
(0.134986744824355 -0.213 0.0642500832246112)
(0.332987945049026 -0.213 0.34695484876356)
(-0.225363363852336 -0.213 0.0827517065833008)
(0.0370824609047903 -0.213 0.135458127603556)
(0.33512473396731 -0.213 0.400714285714286)
(0.305634517021629 -0.213 0.0187456886904275)
(0.206602600092693 -0.213 0.459981759687672)
(0.210876951932505 -0.213 0.212365433821449)
(-0.167831895896763 -0.213 0.393186546619055)
(0.266029367422506 -0.213 0.166075448900717)
(0.180169497767047 -0.213 0.0914270493225422)
(0.232530499339568 -0.213 0.186703573276389)
(-0.146069184586835 -0.213 0.250212335707994)
(-0.288486917927714 -0.213 0.141041081920442)
(0.0809644900481318 -0.213 0.316371533727777)
(-0.289897638888771 -0.213 0.377363902919201)
(0.333600649874679 -0.213 0.209026744219772)
(0.0724257568231313 -0.213 0.445033593522672)
(-0.182463805520173 -0.213 0.289480385104779)
(0.120499867667131 -0.213 0.319872884127842)
(-0.251067728154699 -0.213 0.124619678025402)
(-0.34124811066851 -0.213 0.244458135766389)
(-0.342967035487806 -0.213 0.347349816365402)
(-0.221574770530283 -0.213 0.493134486296285)
(0.0439655172413799 -0.213 0.495639843561062)
(0.287314171489627 -0.213 0.0890122429017312)
(0.189429649190329 -0.213 0.280400157501689)
(0.331809754941942 -0.213 0.262906097032756)
(-0.263799653628783 -0.213 0.262772430640803)
(-0.25403668368617 -0.213 0.421830704587175)
(-0.056924816092771 -0.213 0.146838383611151)
(-0.344478101500765 -0.213 0.37947243960076)
(0.106801535278241 -0.213 0.242458277798672)
(-0.115066765883959 -0.213 0.299156517353756)
(0.00533643630186839 -0.213 0.259879464583364)
(-0.0799185838106845 -0.213 0.467099543116899)
(-0.257625195518616 -0.213 0.356980415245293)
(0.252432014046622 -0.213 0.238729583476275)
(-0.119959687613872 -0.213 0.0180517333695081)
(-0.16542440642282 -0.213 0.161492512095215)
(-0.224613821166805 -0.213 0.400067699367759)
(0.0359075202927755 -0.213 0.259482515434076)
(-0.266644766993938 -0.213 0.440388915679591)
(0.305905582254527 -0.213 0.492060008302531)
(0.212158451061748 -0.213 0.0920778244196939)
(0.312309769015432 -0.213 0.264161958034317)
(-0.287465179372412 -0.213 0.411641684682531)
(0.237446553316283 -0.213 0.0775709054422087)
(0.332220046182039 -0.213 0.493989882746599)
(0.0793143798422402 -0.213 0.223869282349908)
(0.171698152955389 -0.213 0.0168261500696812)
(0.276370417838952 -0.213 0.410552752104673)
(-0.343251887488906 -0.213 0.0166861561302248)
(-0.34237441311246 -0.213 0.495605264240275)
(0.247478938080524 -0.213 0.0466886731892012)
(0.0616065829750799 -0.213 0.0176261353826773)
(0.307227633125979 -0.213 0.324570567283452)
(0.210947411910636 -0.213 0.374056246914466)
(-0.0280688452818971 -0.213 0.493726051020946)
(0.0879193872748218 -0.213 0.353538901792931)
(-0.34607073058768 -0.213 0.304026223231333)
(-0.344104608623191 -0.213 0.403916401476428)
(-0.341608215661429 -0.213 0.103593430541204)
(-0.111089472015746 -0.213 0.190808524651002)
(-0.0296585642985423 -0.213 0.261563760951791)
(0.00254339191382172 -0.213 0.492256755674884)
(-0.218692762308646 -0.213 0.46933193221638)
(0.143694516252065 -0.213 0.123789589089153)
(-0.024476602210087 -0.213 0.380104742031032)
(-0.315171497222243 -0.213 0.0744299521927262)
(0.0844150267961895 -0.213 0.164958841414953)
(0.115290485129501 -0.213 0.39018059529011)
(-0.117419109307988 -0.213 0.0954027749453023)
(0.272338543452042 -0.213 0.0968014150240336)
(0.0180726408178794 -0.213 0.228870980027479)
(0.0108351933300571 -0.213 0.214556218435233)
(-0.239298750723216 -0.213 0.18658586235912)
(0.00673397432953874 -0.213 0.391787883654712)
(0.223636122014967 -0.213 0.229769736476149)
(-0.166041244990454 -0.213 0.467523667762422)
(-0.320273159913312 -0.213 0.241908171889711)
(0.00614556913373258 -0.213 0.338794819443264)
(-0.0574506697005119 -0.213 0.376390728063691)
(-0.164849972151952 -0.213 0.058264558751008)
(-0.18810556627648 -0.213 0.245280661414324)
(-0.211099647217679 -0.213 0.0962657281384304)
(-0.1130041979331 -0.213 0.473426947069141)
(-0.254494401780099 -0.213 0.0162352689789755)
(-0.0549519212712693 -0.213 0.277681869968881)
(0.124208173124448 -0.213 0.355895631714036)
(0.265591517297847 -0.213 0.0600215971856249)
(0.198862926035063 -0.213 0.118252831015364)
(0.333915068249052 -0.213 0.379648339784257)
(-0.220903822097797 -0.213 0.162949912946906)
(0.240849645763043 -0.213 0.466332953305968)
(0.253258820321067 -0.213 0.132071858858196)
(-0.158616118379091 -0.213 0.23516219473865)
(0.052621197091098 -0.213 0.292374069921483)
(-0.0175323646741802 -0.213 0.180605931570604)
(-0.102171490954545 -0.213 0.0138188611681828)
(-0.138430628411195 -0.213 0.346165932670938)
(-0.155351617322286 -0.213 0.0849557501332232)
(0.0547426160227229 -0.213 0.362966695535976)
(0.125805483475771 -0.213 0.492645895733092)
(0.013812198790834 -0.213 0.163836639620726)
(0.306517484119286 -0.213 0.242284281022689)
(-0.200056652931797 -0.213 0.315652795963317)
(0.22135861157333 -0.213 0.472559042759838)
(-0.318335696550856 -0.213 0.324063214455709)
(0.0364836660278031 -0.213 0.359509938769312)
(0.335490265807523 -0.213 0.0144296165270761)
(0.158050421026735 -0.213 0.429443813521507)
(0.0915279875580796 -0.213 0.416021104588666)
(0.0434995187762332 -0.213 0.214781670559836)
(-0.217458795532963 -0.213 0.0403632614599967)
(0.0664311022846324 -0.213 0.348244664556779)
(0.0926428882167797 -0.213 0.0412699906450968)
(-0.109582465297937 -0.213 0.429078638339297)
(-0.0295913201471046 -0.213 0.440552279695259)
(-0.151896551724137 -0.213 0.497430932566972)
(-0.193171032139607 -0.213 0.0862588672946946)
(0.0913640381391129 -0.213 0.448686590820401)
(-0.279665695921253 -0.213 0.070998492881695)
(-0.121562949593614 -0.213 0.0399704960320797)
(-0.324300193303005 -0.213 0.496638326607443)
(-0.0183156737083358 -0.213 0.321093385331896)
(-0.241916803656262 -0.213 0.240181292309643)
(0.0900392273124413 -0.213 0.254290889562906)
(-0.292103591759074 -0.213 0.463331111606893)
(0.0606272911383916 -0.213 0.331055821560282)
(0.02594562175499 -0.213 0.417612726607519)
(-0.13047848889845 -0.213 0.195438609249824)
(-0.243158849174265 -0.213 0.389069755520656)
(0.121724074872486 -0.213 0.11963878332792)
(-0.192481971630361 -0.213 0.0685384658074127)
(-0.0186164539359646 -0.213 0.108716691091297)
(-0.167028360487916 -0.213 0.282837578256017)
(0.0782365119877963 -0.213 0.385838600669227)
(0.310061942886561 -0.213 0.376726748536145)
(-0.106609088735692 0.047 0.255984745753793)
(0.125120275690979 0.047 0.2322309225316)
(0.0223531668087553 0.047 0.349150650333092)
(0.199617793569066 0.047 0.359584716183981)
(-0.209717515421925 0.047 0.365646471941078)
(-0.211287733930558 0.047 0.146653760713596)
(-0.000641706558730334 0.047 0.147805959968841)
(0.214031086304959 0.047 0.131481823910124)
(-0.0940290902384301 0.047 0.389810088091361)
(0.237779654958574 0.047 0.249402040600976)
(-0.246471488604275 0.047 0.257506295975983)
(0.105220342211125 0.047 0.112677052883235)
(-0.105159821230174 0.047 0.112607758473659)
(0.107722005532481 0.047 0.406742231712716)
(0.0205312645736705 0.047 0.248960904499725)
(0.102430636387488 0.047 0.317723438177555)
(0.262078741430704 0.047 0.422156759177102)
(-0.272731117053394 0.047 0.422814427908292)
(-0.272952469397125 0.047 0.0878506688322034)
(-0.0184323802949304 0.047 0.425858350458314)
(-0.0542458446673387 0.047 0.318687217108547)
(-0.165682424755216 0.047 0.428556268574317)
(0.270292243709353 0.047 0.322166993760201)
(-0.179052682059555 0.047 0.225316825085559)
(-0.281826255170253 0.047 0.183486642868568)
(-0.280848984250496 0.047 0.324396572192647)
(-0.0728190670153546 0.047 0.180680725473894)
(0.271508796233734 0.047 0.0785345181225064)
(-0.139694901143857 0.047 0.326918525488853)
(-0.173994354290554 0.047 0.0754475292218147)
(0.0325208109312051 0.047 0.0783517538134664)
(0.274751198208386 0.047 0.184289584979862)
(0.177980857822733 0.047 0.432963689241717)
(0.0666046059245298 0.047 0.176249819029823)
(0.169997500072904 0.047 0.0746285006493621)
(0.171941321199914 0.047 0.290091916946817)
(-0.0396964166640385 0.047 0.0794651146997191)
(0.186957420382142 0.047 0.199766031417958)
(0.0450779916741915 0.047 0.436565049008452)
(-0.146432983577442 0.047 0.162839544817583)
(-0.198134866888864 0.047 0.297694168170554)
(-0.0420943306587039 0.047 0.240610887373017)
(0.131144915008702 0.047 0.169205404627069)
(-0.0758347143999263 0.047 0.447532166103224)
(-0.220692875887492 0.047 0.449236503408292)
(0.289361723159096 0.047 0.264730378274689)
(0.0742587075019671 0.047 0.26312842260547)
(0.141808627421068 0.047 0.360049428663002)
(0.0878903171217086 0.047 0.0587112153432261)
(-0.301651161502577 0.047 0.23670693376649)
(0.292516949325969 0.047 0.375571558301753)
(-0.125068682950932 0.047 0.0595958979793935)
(0.29390147748759 0.047 0.130820458918965)
(-0.0397884360460345 0.047 0.371332572210603)
(-0.305225919871131 0.047 0.132696635779828)
(-0.311196384004853 0.047 0.377303478945561)
(-0.000980839850635448 0.047 0.301283258446188)
(-0.229406401657141 0.047 0.20256835719541)
(-0.0534029478658342 0.047 0.127307520012281)
(-0.227280184043043 0.047 0.0591610764794128)
(0.22510578376352 0.047 0.0552302359556196)
(0.0747788170322848 0.047 0.367300088310915)
(0.130297724797316 0.047 0.457446359387295)
(-0.005180210328035 0.047 0.201706563274766)
(-0.159790600803755 0.047 0.375577148595255)
(0.164994270682644 0.047 0.127278718353111)
(0.0545926495382583 0.047 0.127194755562962)
(0.222563057816325 0.047 0.299481645465778)
(0.226231475234217 0.047 0.453667266397626)
(-0.157092174323082 0.047 0.268067028012617)
(0.301422244906975 0.047 0.462351779835592)
(0.0514309333577062 0.047 0.311256133078348)
(-0.310289882299418 0.047 0.459305697006243)
(-0.310027038904852 0.047 0.0507632295511634)
(-0.115540055451279 0.047 0.206207474697981)
(-0.125795215815535 0.047 0.460203491657733)
(-0.313574694267935 0.047 0.286298114432849)
(-0.232984363218709 0.047 0.105692962291601)
(-0.26196121080582 0.047 0.376628613907278)
(0.250136226736111 0.047 0.375814019213965)
(0.0251252154084633 0.047 0.398115348221993)
(-0.2669533907417 0.047 0.141328379259001)
(-0.00105706121109887 0.047 0.046928193246071)
(0.167025605932308 0.047 0.240257225004387)
(0.304976620150133 0.047 0.219769705993282)
(-0.0815310668077038 0.047 0.0428005484168389)
(-0.0954607258044157 0.047 0.34232128786267)
(0.126676484955293 0.047 0.277469679174782)
(0.231054045798367 0.047 0.205510795502774)
(-0.173283579048354 0.047 0.123765872728158)
(-0.204429434371933 0.047 0.406366472311357)
(0.133313156671251 0.047 0.0456318304042479)
(0.306475566181044 0.047 0.0441926440218441)
(0.00644855573549012 0.047 0.463147453881292)
(0.0587972837587134 0.047 0.223376050325548)
(-0.243989769187969 0.047 0.300626549081071)
(-0.00420949922276998 0.047 0.0982654532237354)
(0.0865459509185803 0.047 0.466335736470313)
(0.218401005485081 0.047 0.411977052736892)
(-0.0935394664039927 0.047 0.297917875650149)
(-0.264734745735623 0.047 0.465782376962005)
(-0.0367692685593482 0.047 0.466566166131853)
(0.310558071871971 0.047 0.416038972754995)
(-0.207512998890805 0.047 0.254646806409007)
(0.173645772517005 0.047 0.390661133049958)
(-0.104576780662506 0.047 0.153658183067338)
(-0.183058890790321 0.047 0.468254087472952)
(-0.318458718221423 0.047 0.0944713880369673)
(-0.322618056100901 0.047 0.418082483106318)
(0.309317717100859 0.047 0.304548303926617)
(0.230411583190894 0.047 0.0956611918021571)
(-0.265653159816485 0.047 0.0375527597054751)
(-0.125136270917004 0.047 0.41714862099839)
(-0.0580036743708296 0.047 0.411205802690336)
(0.258175753362189 0.047 0.150230882327705)
(-0.0370754790418887 0.047 0.281270804150097)
(-0.184234000855632 0.047 0.177587680586846)
(0.0682931813491011 0.047 0.402855885987697)
(0.0502164697610475 0.047 0.0403662249026493)
(-0.319449545777389 0.047 0.199480947919428)
(-0.180042817964115 0.047 0.333033480843281)
(0.170382861697514 0.047 0.332869556425242)
(0.308723730193438 0.047 0.0920482887566698)
(-0.0180568649653993 0.047 0.338693354057618)
(-0.0801509855217026 0.047 0.222761113601801)
(0.263798594583559 0.047 0.0381519703473896)
(-0.161135385063784 0.047 0.0398685092587759)
(0.0271846288507438 0.047 0.176765049056412)
(-0.0335705856543856 0.047 0.17330810805032)
(-0.322676687066427 0.047 0.342560605753385)
(0.310183554997621 0.047 0.167258860251943)
(0.166805805303145 0.047 0.470864708048905)
(0.234360031974975 0.047 0.338602546441509)
(-0.267104585676342 0.047 0.220159607975787)
(0.103096868491654 0.047 0.195648854628945)
(0.185744720586452 0.047 0.159514042870387)
(0.0961948867050557 0.047 0.151025068069094)
(-0.142259599915792 0.047 0.097556943333538)
(0.182441667855317 0.047 0.0370898343838316)
(-0.245303658274128 0.047 0.341316215497002)
(0.261699605031804 0.047 0.471969464738249)
(0.129233686495678 0.047 0.0841692128910096)
(0.0693785884024679 0.047 0.0904539335727238)
(0.264374213666165 0.047 0.22493047220583)
(-0.0778975837878619 0.047 0.0846881612888393)
(0.258036412899823 0.047 0.286031833760812)
(0.144323287920395 0.047 0.417167677471393)
(0.199641821567509 0.047 0.264746726830414)
(0.148648260745635 0.047 0.203816652768377)
(0.195754237996219 0.047 0.102203421145453)
(-0.0379982749937376 0.047 0.0374468119300284)
(0.313004864622889 0.047 0.342484188253117)
(-0.125858498955526 0.047 0.365452003239412)
(0.139031044908787 0.047 0.315782328368995)
(-0.142330363409335 0.047 0.233704982088984)
(-0.275574015707138 0.047 0.275988837849952)
(-0.325807749300099 0.047 0.163838252185391)
(-0.0685767022882574 0.047 0.264690236881445)
(0.220229143838179 0.047 0.169894772636513)
(-0.198328185955368 0.047 0.0349871580365744)
(0.20595669442014 0.047 0.229191879667314)
(-0.128101773281258 0.047 0.287807804164618)
(0.107546704688776 0.047 0.35360568066793)
(0.0422333284205779 0.047 0.277007288988201)
(-0.00533647230700115 0.047 0.377332390571228)
(0.0439655172413799 0.047 0.476770146680334)
(0.263511552410331 0.047 0.113187426205849)
(-0.241235302572793 0.047 0.40716318795134)
(-0.151189926678617 0.047 0.19753369551044)
(-0.134861835515226 0.047 0.130318676666512)
(-0.0126165900415363 0.047 0.254813473383488)
(-0.164022969565535 0.047 0.301024548204512)
(-0.0456744946386081 0.047 0.205225317541803)
(-0.235959993694973 0.047 0.169284395850278)
(0.130442757961683 0.047 0.135318587972559)
(-0.0960402558284292 0.047 0.47584304319447)
(0.025976742399621 0.047 0.215696703385324)
(-0.215364708414915 0.047 0.325377870948534)
(0.0861644366704668 0.047 0.432721912111551)
(0.0213575037488191 0.047 0.12416141366083)
(-0.328498096855777 0.047 0.262401550345449)
(-0.0768653504143241 0.047 0.36480336434818)
(0.0895311870890982 0.047 0.236408988804871)
(0.200583978505226 0.047 0.324502909934309)
(0.0173536265591395 0.047 0.435427471683787)
(0.324586078528303 0.047 0.247562127634644)
(0.0424086018028988 0.047 0.376207263646107)
(0.199870994168972 0.047 0.478617035259826)
(0.268937211583566 0.047 0.351420357356733)
(-0.15144439734442 0.047 0.479891594495863)
(-0.0906722873925776 0.047 0.427227009976277)
(-0.10166668560081 0.047 0.0321852914245298)
(0.0772209165164947 0.047 0.335277943827694)
(0.11134807177457 0.047 0.0328027074484883)
(-0.0647928822583704 0.047 0.478727514921353)
(-0.280612139946947 0.047 0.356294414420274)
(-0.192694698749361 0.047 0.108879575909324)
(-0.27943475524836 0.047 0.117621618853482)
(0.0764804971512494 0.047 0.296153162698293)
(-0.327709203587077 0.047 0.308204101814822)
(-0.236189168526882 0.047 0.479727218898682)
(0.0219045197731641 0.047 0.320988413881065)
(0.135638952201703 0.047 0.39084800741196)
(-0.0757659907006797 0.047 0.153307918662246)
(0.318599376891204 0.047 0.194715210649913)
(-0.0242083378080857 0.047 0.130165352386661)
(-0.227523680737573 0.047 0.275484649422642)
(-0.226295552700789 0.047 0.233611539800464)
(0.322005017027495 0.047 0.479406197333979)
(-0.187066444004239 0.047 0.384723120696064)
(0.112577122684255 0.047 0.479430011564685)
(0.022780503631012 0.047 0.0268041812479683)
(-0.330299682127093 0.047 0.480256549620646)
(-0.330299682127093 0.047 0.0297434503793545)
(0.316855019939112 0.047 0.393551333351352)
(-0.195209963517214 0.047 0.434773893786607)
(0.270195896034861 0.047 0.393209734051697)
(-0.335109463185929 0.047 0.226119119597383)
(0.161193237064507 0.047 0.17404690411806)
(0.326307389069724 0.047 0.282557372556122)
(0.237349986367716 0.047 0.0279439801868674)
(-0.209236934773275 0.047 0.074506661465004)
(-0.247245298839116 0.047 0.440643755357449)
(-0.104206815359224 0.047 0.0764429079290012)
(-0.278531644793569 0.047 0.397486878891872)
(0.264612189622054 0.047 0.254590941586061)
(-0.0503158530458401 0.047 0.438292957294946)
(-0.287508630150348 0.047 0.481327720075147)
(0.10302844640132 0.047 0.083682073459072)
(-0.246311694057485 0.047 0.0797223191867206)
(-0.284973995765842 0.047 0.159920331316962)
(0.200657347661804 0.047 0.389932027713411)
(0.323197484106225 0.047 0.133571428571429)
(0.155513647616534 0.047 0.0294213878154916)
(0.0481994106630054 0.047 0.156022117142991)
(-0.330880835698009 0.047 0.11864274471597)
(-0.327611891491852 0.047 0.39062587444977)
(-0.278468646870896 0.047 0.251574850402067)
(-0.150387894737965 0.047 0.403477940544792)
(0.0472333194233811 0.047 0.345980792279974)
(-0.182215829780613 0.047 0.150441065389819)
(-0.239404996082624 0.047 0.0314174129139373)
(-0.137011063419617 0.047 0.0284599522641698)
(0.198539815553262 0.047 0.0749111303977942)
(-0.011350290713691 0.047 0.0744985679958527)
(-0.200409003171242 0.047 0.204177193364363)
(0.170575756279666 0.047 0.361104461733001)
(0.321023562983333 0.047 0.44032353141393)
(0.0769543761488329 0.047 0.0286782398166603)
(-0.0663359668724031 0.047 0.292399859382279)
(0.151150207562241 0.047 0.266319034840271)
(-0.12176528809343 0.047 0.175680939049801)
(-0.0196539324233592 0.047 0.398672360018202)
(-0.00135662302417882 0.047 0.230314824075634)
(0.0974346683510158 0.047 0.379925496640757)
(-0.149111320800628 0.047 0.0678693186179166)
(-0.040371676000252 0.047 0.103657366817587)
(-0.0788746882020653 0.047 0.11259767620367)
(0.141201704125321 0.047 0.483760996772688)
(0.282762673294726 0.047 0.156882740959664)
(-0.332040144775411 0.047 0.0676630719415196)
(-0.331369737982362 0.047 0.440904113039085)
(-0.182760751475094 0.047 0.267965589923686)
(-0.0472002024326704 0.047 0.349771801907826)
(0.107292363989476 0.047 0.266177256012305)
(0.320114361626099 0.047 0.0691975457155586)
(-0.225293091754256 0.047 0.380947043045278)
(-0.112147501511621 0.047 0.319562290111966)
(-0.29073566915443 0.047 0.0291992749061836)
(-0.201802632721892 0.047 0.484510183939036)
(0.0138849434138564 0.047 0.276523406023596)
(0.156085562577601 0.047 0.0993682476000209)
(-0.2934862625765 0.047 0.210349828736563)
(-0.231440636190442 0.047 0.13053569415145)
(0.053247948418142 0.047 0.252412339458162)
(0.249413304170121 0.047 0.064385647059738)
(0.248427844824722 0.047 0.172898587335636)
(0.0474971132132769 0.047 0.19769646597419)
(-0.213573662426667 0.047 0.17992461633081)
(-0.0290952428780557 0.047 0.30546670146575)
(0.0610877136097861 0.047 0.0674799488960855)
(-0.257307864616276 0.047 0.197366878976299)
(0.286612488331943 0.047 0.4857096163202)
(-0.0134843546158668 0.047 0.481398662653722)
(0.237673329880837 0.047 0.485232599392618)
(-0.157506396424038 0.047 0.346118382901027)
(0.10919540091153 0.047 0.433846675697986)
(0.235265612629612 0.047 0.43092474651716)
(0.206275956186889 0.047 0.437015820754734)
(-0.284659677650823 0.047 0.447500567659044)
(0.284351738289159 0.047 0.291499973121613)
(-0.33260747449831 0.047 0.364017889860954)
(0.276480850041033 0.047 0.44818314160196)
(0.0820650393084609 0.047 0.127463408815028)
(-0.152134549376394 0.047 0.45244086486349)
(0.156401371331504 0.047 0.447948392004858)
(-0.296866850711922 0.047 0.0759845310984453)
(0.323137354674389 0.047 0.0268827541197087)
(-0.256313391881975 0.047 0.103124768631831)
(0.287295208361343 0.047 0.0247649010609999)
(0.000243165235547735 0.047 0.17523209339007)
(-0.168767547510085 0.047 0.248859111532998)
(0.0778314943116791 0.047 0.202119653386787)
(0.0395698381464202 0.047 0.107997287357403)
(0.12704377270599 0.047 0.338433064577872)
(0.197169648429676 0.047 0.30139164937517)
(0.209492039259605 0.047 0.0272656330983075)
(0.0665236621170389 0.047 0.487129596948969)
(-0.101764801126357 0.047 0.452248597705158)
(0.188375145529163 0.047 0.135211477251564)
(0.223834201564486 0.047 0.27365649814325)
(0.243414357051785 0.047 0.403796473499266)
(0.238087526828537 0.047 0.11768181204508)
(0.147626485149401 0.047 0.148075047601396)
(-0.304128155548195 0.047 0.311482483898592)
(0.246154227611965 0.047 0.312056089707498)
(-0.0929703008769191 0.047 0.199778757153743)
(-0.105906815965723 0.047 0.226406162852193)
(-0.0814323828173387 0.047 0.319775830286053)
(-0.178253643261609 0.047 0.408532922960222)
(-0.1302258888894 0.047 0.26709623176432)
(-0.0572683771066143 0.047 0.025121677874104)
(0.101884010472625 0.047 0.292477093704142)
(-0.0289240664453623 0.047 0.219161179395765)
(-0.12742163123982 0.047 0.487878776343141)
(0.296155383867049 0.047 0.0707346279011748)
(0.0255480236441973 0.047 0.0526546840355141)
(-0.119872031354941 0.047 0.392709954304743)
(0.0446281825624201 0.047 0.414505338126477)
(0.285118179539835 0.047 0.236391112540941)
(0.0219770632718543 0.047 0.486634281475892)
(-0.0154594066118847 0.047 0.452431752647651)
(-0.338397628152092 0.047 0.285361007799935)
(-0.300679692515959 0.047 0.262374340419725)
(-0.0162394334157776 0.047 0.0266636379082489)
(-0.0370200602883744 0.047 0.148100392465946)
(0.024591569780624 0.047 0.150788487541343)
(-0.226728429841217 0.047 0.422957640671201)
(0.143324197533258 0.047 0.243942348031548)
(0.167702451886928 0.047 0.213640226695962)
(-0.180498481186616 0.047 0.358399822704414)
(0.133672639395952 0.047 0.106695486718553)
(0.225417397863909 0.047 0.362230425853598)
(-0.267724879978663 0.047 0.302815872887743)
(0.286623400437492 0.047 0.10971373051681)
(-0.258010518167375 0.047 0.169786680663681)
(0.00500217629642367 0.047 0.414897911863665)
(0.324363752094577 0.047 0.362995433330598)
(-0.195320924448471 0.047 0.129576941486503)
(0.294740982300452 0.047 0.197971503529948)
(-0.202433851446861 0.047 0.229614974120371)
(0.291794023006967 0.047 0.335779488824663)
(0.209870992872602 0.047 0.192523429836847)
(0.328371051905728 0.047 0.109285714285715)
(0.192177553514295 0.047 0.41294425264177)
(0.112787844833798 0.047 0.0599181846816896)
(0.25432261143843 0.047 0.201894222177607)
(-0.120807612107723 0.047 0.342705198910309)
(0.327626243219496 0.047 0.228703794980378)
(-0.0550263953976016 0.047 0.0545494121315428)
(0.0294983224788081 0.047 0.296789620443021)
(-0.295728205630617 0.047 0.097718236504786)
(-0.102603503941462 0.047 0.0526282492159515)
(0.157203002408728 0.047 0.0544152180578407)
(-0.337629992386712 0.047 0.183237645401645)
(0.327571108527667 0.047 0.325008907948371)
(0.0717929330280296 0.047 0.149641196706678)
(-0.306114911960817 0.047 0.179283457379435)
(-0.0696017600642 0.047 0.389707210843)
(0.186105080382949 0.047 0.457470196079606)
(-0.0938112960493302 0.047 0.131764977053507)
(-0.167388681427014 0.047 0.0999646790316609)
(-0.182155241424724 0.047 0.0521568746995751)
(-0.333015092005438 0.047 0.142308492182275)
(-0.177734767090742 0.047 0.0221689898715767)
(0.242961997939694 0.047 0.225994879512233)
(0.105852183946254 0.047 0.171486264925283)
(0.0573607471286763 0.047 0.461404485260746)
(-0.100766529774342 0.047 0.36622403564462)
(0.0108975653130085 0.047 0.0839165757575714)
(0.127623133643251 0.047 0.206592626722218)
(-0.109539216141783 0.047 0.28111701085251)
(-0.296230563874631 0.047 0.427801245616246)
(0.224828957784887 0.047 0.386301040988599)
(-0.263417031822408 0.047 0.0651209772014267)
(-0.0960430709035055 0.047 0.17590652564644)
(-0.217901325026797 0.047 0.0212787562248545)
(0.286621007512087 0.047 0.422178282353187)
(-0.0129130660933162 0.047 0.277607546391341)
(0.0178696982356979 0.047 0.37232927173801)
(-0.219078364183023 0.047 0.302899856549383)
(0.031041241170414 0.047 0.457953170058668)
(0.145742041176704 0.047 0.292937057939443)
(-0.155758330937672 0.047 0.141202541212494)
(-0.254280986910416 0.047 0.279538806295897)
(0.134304476445075 0.047 0.0216671505871009)
(-0.0554425898684423 0.047 0.166234922795863)
(0.234309053831044 0.047 0.146385853607031)
(0.176554816238271 0.047 0.264198091432365)
(-0.0833690125925277 0.047 0.018857281046876)
(0.2928398174219 0.047 0.397439947656579)
(0.250558802944707 0.047 0.449644656362881)
(0.166742954653894 0.047 0.414163889119837)
(-0.302957341117441 0.047 0.400196478912488)
(-0.255535448701778 0.047 0.48785798433139)
(-0.0010291730962665 0.047 0.323470661317873)
(-0.064090522124736 0.047 0.24228287047398)
(-0.17207035797239 0.047 0.488078319701421)
(-0.07144821743907 0.047 0.33999057495848)
(0.282185175846166 0.047 0.0528082107950081)
(0.1069669290441 0.047 0.456258931739777)
(-0.238486481149134 0.047 0.364385761420548)
(0.0903017609370784 0.047 0.490579068996793)
(-0.285426431753559 0.047 0.0550377943947046)
(-0.0262150317733236 0.047 0.0570808116108404)
(0.32860118557294 0.047 0.157002001381023)
(-0.0025261912115044 0.047 0.354840854030904)
(0.215163621629235 0.047 0.109964550108078)
(-0.0299307308827381 0.047 0.194110164543515)
(0.120433587681956 0.047 0.371494352947338)
(-0.33757156893454 0.047 0.206796745656546)
(0.160539847438799 0.047 0.312239522354589)
(0.0439655172413799 0.047 0.019086212194077)
(-0.143179766463414 0.047 0.428177088746237)
(-0.12997348500106 0.047 0.0785225918824843)
(-0.126999508325129 0.047 0.151435127655109)
(-0.0472849308232544 0.047 0.491926954186961)
(-0.304127112663995 0.047 0.356273552437732)
(0.333341273764523 0.047 0.421415357976642)
(-0.339551015874292 0.047 0.325884871926959)
(-0.243527802111693 0.047 0.220527052178342)
(-0.00149803358920428 0.047 0.118878836746021)
(-0.307615359869703 0.047 0.486776897516088)
(0.101067389442252 0.047 0.219557668026122)
(0.191420210169812 0.047 0.244127317659465)
(-0.338701524387715 0.047 0.0862815913816522)
(-0.343618480541291 0.047 0.422580599524366)
(-0.271995670635168 0.047 0.0186372487280931)
(0.22092299693913 0.047 0.0776488286449874)
(-0.263457345193585 0.047 0.340104808503178)
(-0.049057688841393 0.047 0.261415222575067)
(0.0373161380743321 0.047 0.234630829529113)
(0.252093203023326 0.047 0.0920600756969967)
(0.150316150606564 0.047 0.339750889412795)
(0.154740318995901 0.047 0.380478392711078)
(0.0680413764077605 0.047 0.42448778746457)
(0.33263924293965 0.047 0.303851488314794)
(0.016663416784999 0.047 0.19619202141296)
(-0.0576906319813289 0.047 0.458796240098877)
(0.272210215173235 0.047 0.132873320105314)
(-0.0671928048034499 0.047 0.203029608012312)
(0.216923624300218 0.047 0.491522642515318)
(-0.155934863804483 0.047 0.0180994902789045)
(0.331441828745053 0.047 0.0881063097515887)
(-0.254487857853253 0.047 0.320993082893561)
(0.0613531162381481 0.047 0.381370291286282)
(-0.0886390914508777 0.047 0.272526152742178)
(-0.0717906651515048 0.047 0.427327391678259)
(-0.0615592828715742 0.047 0.0989693436418193)
(-0.172169110567896 0.047 0.200003717194611)
(-0.159855750871638 0.047 0.179768401539464)
(0.288573639925313 0.047 0.313651846982482)
(-0.139241920850066 0.047 0.380976343192808)
(-0.199488925286814 0.047 0.455981019465417)
(-0.176517694377044 0.047 0.451077928932984)
(-0.180722249414478 0.047 0.309949658854433)
(0.0893227769684316 0.047 0.397741241120482)
(-0.161031736239309 0.047 0.321601512580454)
(-0.204379286556981 0.047 0.0549719036452043)
(-0.203873572187749 0.047 0.278063996001991)
(-0.124331267886852 0.047 0.24212176529507)
(0.206029155585809 0.047 0.153610945368915)
(-0.150829736444073 0.047 0.116970922454147)
(0.118783728051151 0.047 0.151983292007096)
(0.180384705650061 0.047 0.488558119536429)
(0.0634629040471488 0.047 0.280664144399553)
(-0.227888013772424 0.047 0.253766507005737)
(-0.0864321147689334 0.047 0.245289377959086)
(-0.0228389274245069 0.047 0.361252161387075)
(0.147575374293698 0.047 0.223975081325538)
(0.328677480878795 0.047 0.0475007827774059)
(0.180990538715738 0.047 0.1124028826616)
(0.247900001567658 0.047 0.270354602766254)
(0.308163428826095 0.047 0.115087924209918)
(0.213785491432155 0.047 0.248776869928773)
(-0.0368264859960526 0.047 0.417376706950515)
(0.330095998982008 0.047 0.46080473818561)
(0.254930646563135 0.047 0.337087085632343)
(-0.290421737044731 0.047 0.293892703613584)
(0.125757704047247 0.047 0.255497428973041)
(0.263412895793558 0.047 0.0181721703190514)
(-0.0440088740053562 0.047 0.392634797475727)
(-0.201647132593335 0.047 0.340196149415243)
(-0.258855311647137 0.047 0.40257562383373)
(0.192811686075645 0.047 0.178805840467093)
(-0.126313394200926 0.047 0.439559796918905)
(0.108184901714698 0.047 0.133610888804007)
(-0.248572337528792 0.047 0.0512313267071928)
(0.189250435068202 0.047 0.0167381908006556)
(-0.156860814329645 0.047 0.217717719277715)
(-0.0227947230595108 0.047 0.092616446282482)
(0.264310344827587 0.047 0.492865266052834)
(-0.305846528011539 0.047 0.153638444392936)
(0.279713967550567 0.047 0.210874433571245)
(-0.127540198394129 0.047 0.111629231527033)
(0.188346107437036 0.047 0.341905638552887)
(0.331476823492353 0.047 0.176652357313719)
(0.017664758503927 0.047 0.102604097450924)
(-0.239375285497523 0.047 0.459466917034225)
(-0.308386118431221 0.047 0.11244213339435)
(-0.115198868654395 0.047 0.132715087697286)
(0.0873228554333818 0.047 0.181864653543827)
(0.246517575112977 0.047 0.353839898086228)
(0.30718352596233 0.047 0.146742458948922)
(0.303339386873865 0.047 0.283260258524387)
(-0.0833882172696948 0.047 0.48944969667831)
(0.0469577837294789 0.047 0.395380937724442)
(-0.340045412740185 0.047 0.0484982259692329)
(-0.340027730724077 0.047 0.461442602137893)
(-0.223875494939874 0.047 0.342983001989563)
(0.199459276282121 0.047 0.0505617133086258)
(0.221576478445238 0.047 0.320912915229635)
(-0.314452434751123 0.047 0.219388951442829)
(0.15501825725778 0.047 0.398663819952845)
(0.213478804404062 0.047 0.343017833792676)
(0.149129516922503 0.047 0.074469631294726)
(-0.148802101555697 0.047 0.28765034003449)
(0.0699298056919843 0.047 0.0480331811936137)
(-0.0347513355505474 0.047 0.326613486311645)
(-0.232733473785806 0.047 0.320975542714971)
(-0.311978204008872 0.047 0.0204996188329559)
(0.123538334308639 0.047 0.300261821559162)
(-0.0192234617412901 0.047 0.158672728594351)
(0.0992684589978476 0.047 0.33435234073406)
(-0.213147490572787 0.047 0.119504595286658)
(0.205873476915449 0.047 0.283391443966275)
(0.00241019580968202 0.047 0.0201498974504612)
(-0.0546878673654272 0.047 0.222178496066446)
(-0.143068074034993 0.047 0.0489018519389257)
(0.0521316803933286 0.047 0.0885595192577524)
(-0.0815629425893488 0.047 0.408570598193382)
(-0.209173537234539 0.047 0.386940974867889)
(0.047371439662889 0.047 0.176683362800854)
(-0.30084961410893 0.047 0.335308901554389)
(-0.199891779608829 0.047 0.164001069106367)
(-0.282558203258673 0.047 0.232016329379454)
(0.160885766090258 0.047 0.489335524878787)
(0.0843913049450885 0.047 0.10204164771988)
(-0.261311448684332 0.047 0.239469993477596)
(0.295330653390702 0.047 0.17956743151438)
(0.0735120323091642 0.047 0.241751807579889)
(0.137109776259651 0.047 0.433866954816015)
(0.121615343054816 0.047 0.186489846100821)
(0.169586771802434 0.047 0.148825238038903)
(0.299843147178761 0.047 0.43806742137247)
(-0.239279831647006 0.047 0.149414644965048)
(0.181528252434466 0.047 0.0583212793594909)
(0.0404829852000035 0.047 0.329203861891121)
(-0.0619166019403748 0.047 0.0755970352502574)
(0.18652635542427 0.047 0.374731820569673)
(0.0969469137297848 0.047 0.0194764153869031)
(-0.143900960332082 0.047 0.362359220840962)
(0.274934143777968 0.047 0.371929101068225)
(0.166248527003207 0.047 0.194887986133439)
(0.238260605332758 0.047 0.288213227879833)
(0.188799781172008 0.047 0.220840907320655)
(0.181493960784694 0.047 0.317166865598169)
(-0.311521573941134 0.047 0.439186663887486)
(-0.134555149191473 0.047 0.216065209415479)
(0.0830544505723219 0.047 0.0781340878569877)
(-0.275447624193278 0.047 0.202217412582625)
(0.0636881834556707 0.047 0.107285092047625)
(0.14788717099905 0.047 0.465064800002355)
(-0.104025572852819 0.047 0.409209166097753)
(-0.272744799294828 0.047 0.492644731761544)
(-0.0470026513040052 0.047 0.297480017980416)
(-0.0492536858356468 0.047 0.185407380744086)
(-0.0337501712591477 0.047 0.0181153734410492)
(-0.215886488977533 0.047 0.216938011677907)
(-0.0231221438667268 0.047 0.23954136680351)
(0.124568852841849 0.047 0.415439145939503)
(0.271479100465044 0.047 0.272840190948473)
(0.281553797077938 0.047 0.467053500624)
(-0.0805303278723713 0.047 0.0644510523720719)
(-0.137982758029574 0.047 0.306454712124456)
(-0.00205689125887562 0.047 0.43681124240113)
(0.116925418762679 0.047 0.0969249212142061)
(-0.073129633534271 0.047 0.132405442097385)
(0.042343254486559 0.047 0.0597131529119288)
(-0.0953747359475501 0.047 0.0956572165260985)
(-0.200485321612182 0.047 0.0155972511384165)
(0.088839537706702 0.047 0.275820584576231)
(0.0098903811622576 0.047 0.0665946873980465)
(-0.104398679252672 0.047 0.49109813320656)
(0.115485409631265 0.047 0.0147892546844985)
(-0.14037150908187 0.047 0.181341595567155)
(0.297909260953039 0.047 0.35698314143379)
(0.267819192149477 0.047 0.303584867067796)
(-0.343330542951636 0.047 0.160413761797641)
(0.142933826949691 0.047 0.186853349180344)
(0.134986744824355 0.047 0.0642500832246112)
(0.332987945049026 0.047 0.34695484876356)
(-0.225363363852336 0.047 0.0827517065833008)
(0.0370824609047903 0.047 0.135458127603556)
(0.33512473396731 0.047 0.400714285714286)
(0.305634517021629 0.047 0.0187456886904275)
(0.206602600092693 0.047 0.459981759687672)
(0.210876951932505 0.047 0.212365433821449)
(-0.167831895896763 0.047 0.393186546619055)
(0.266029367422506 0.047 0.166075448900717)
(0.180169497767047 0.047 0.0914270493225422)
(0.232530499339568 0.047 0.186703573276389)
(-0.146069184586835 0.047 0.250212335707994)
(-0.288486917927714 0.047 0.141041081920442)
(0.0809644900481318 0.047 0.316371533727777)
(-0.289897638888771 0.047 0.377363902919201)
(0.333600649874679 0.047 0.209026744219772)
(0.0724257568231313 0.047 0.445033593522672)
(-0.182463805520173 0.047 0.289480385104779)
(0.120499867667131 0.047 0.319872884127842)
(-0.251067728154699 0.047 0.124619678025402)
(-0.34124811066851 0.047 0.244458135766389)
(-0.342967035487806 0.047 0.347349816365402)
(-0.221574770530283 0.047 0.493134486296285)
(0.0439655172413799 0.047 0.495639843561062)
(0.287314171489627 0.047 0.0890122429017312)
(0.189429649190329 0.047 0.280400157501689)
(0.331809754941942 0.047 0.262906097032756)
(-0.263799653628783 0.047 0.262772430640803)
(-0.25403668368617 0.047 0.421830704587175)
(-0.056924816092771 0.047 0.146838383611151)
(-0.344478101500765 0.047 0.37947243960076)
(0.106801535278241 0.047 0.242458277798672)
(-0.115066765883959 0.047 0.299156517353756)
(0.00533643630186839 0.047 0.259879464583364)
(-0.0799185838106845 0.047 0.467099543116899)
(-0.257625195518616 0.047 0.356980415245293)
(0.252432014046622 0.047 0.238729583476275)
(-0.119959687613872 0.047 0.0180517333695081)
(-0.16542440642282 0.047 0.161492512095215)
(-0.224613821166805 0.047 0.400067699367759)
(0.0359075202927755 0.047 0.259482515434076)
(-0.266644766993938 0.047 0.440388915679591)
(0.305905582254527 0.047 0.492060008302531)
(0.212158451061748 0.047 0.0920778244196939)
(0.312309769015432 0.047 0.264161958034317)
(-0.287465179372412 0.047 0.411641684682531)
(0.237446553316283 0.047 0.0775709054422087)
(0.332220046182039 0.047 0.493989882746599)
(0.0793143798422402 0.047 0.223869282349908)
(0.171698152955389 0.047 0.0168261500696812)
(0.276370417838952 0.047 0.410552752104673)
(-0.343251887488906 0.047 0.0166861561302248)
(-0.34237441311246 0.047 0.495605264240275)
(0.247478938080524 0.047 0.0466886731892012)
(0.0616065829750799 0.047 0.0176261353826773)
(0.307227633125979 0.047 0.324570567283452)
(0.210947411910636 0.047 0.374056246914466)
(-0.0280688452818971 0.047 0.493726051020946)
(0.0879193872748218 0.047 0.353538901792931)
(-0.34607073058768 0.047 0.304026223231333)
(-0.344104608623191 0.047 0.403916401476428)
(-0.341608215661429 0.047 0.103593430541204)
(-0.111089472015746 0.047 0.190808524651002)
(-0.0296585642985423 0.047 0.261563760951791)
(0.00254339191382172 0.047 0.492256755674884)
(-0.218692762308646 0.047 0.46933193221638)
(0.143694516252065 0.047 0.123789589089153)
(-0.024476602210087 0.047 0.380104742031032)
(-0.315171497222243 0.047 0.0744299521927262)
(0.0844150267961895 0.047 0.164958841414953)
(0.115290485129501 0.047 0.39018059529011)
(-0.117419109307988 0.047 0.0954027749453023)
(0.272338543452042 0.047 0.0968014150240336)
(0.0180726408178794 0.047 0.228870980027479)
(0.0108351933300571 0.047 0.214556218435233)
(-0.239298750723216 0.047 0.18658586235912)
(0.00673397432953874 0.047 0.391787883654712)
(0.223636122014967 0.047 0.229769736476149)
(-0.166041244990454 0.047 0.467523667762422)
(-0.320273159913312 0.047 0.241908171889711)
(0.00614556913373258 0.047 0.338794819443264)
(-0.0574506697005119 0.047 0.376390728063691)
(-0.164849972151952 0.047 0.058264558751008)
(-0.18810556627648 0.047 0.245280661414324)
(-0.211099647217679 0.047 0.0962657281384304)
(-0.1130041979331 0.047 0.473426947069141)
(-0.254494401780099 0.047 0.0162352689789755)
(-0.0549519212712693 0.047 0.277681869968881)
(0.124208173124448 0.047 0.355895631714036)
(0.265591517297847 0.047 0.0600215971856249)
(0.198862926035063 0.047 0.118252831015364)
(0.333915068249052 0.047 0.379648339784257)
(-0.220903822097797 0.047 0.162949912946906)
(0.240849645763043 0.047 0.466332953305968)
(0.253258820321067 0.047 0.132071858858196)
(-0.158616118379091 0.047 0.23516219473865)
(0.052621197091098 0.047 0.292374069921483)
(-0.0175323646741802 0.047 0.180605931570604)
(-0.102171490954545 0.047 0.0138188611681828)
(-0.138430628411195 0.047 0.346165932670938)
(-0.155351617322286 0.047 0.0849557501332232)
(0.0547426160227229 0.047 0.362966695535976)
(0.125805483475771 0.047 0.492645895733092)
(0.013812198790834 0.047 0.163836639620726)
(0.306517484119286 0.047 0.242284281022689)
(-0.200056652931797 0.047 0.315652795963317)
(0.22135861157333 0.047 0.472559042759838)
(-0.318335696550856 0.047 0.324063214455709)
(0.0364836660278031 0.047 0.359509938769312)
(0.335490265807523 0.047 0.0144296165270761)
(0.158050421026735 0.047 0.429443813521507)
(0.0915279875580796 0.047 0.416021104588666)
(0.0434995187762332 0.047 0.214781670559836)
(-0.217458795532963 0.047 0.0403632614599967)
(0.0664311022846324 0.047 0.348244664556779)
(0.0926428882167797 0.047 0.0412699906450968)
(-0.109582465297937 0.047 0.429078638339297)
(-0.0295913201471046 0.047 0.440552279695259)
(-0.151896551724137 0.047 0.497430932566972)
(-0.193171032139607 0.047 0.0862588672946946)
(0.0913640381391129 0.047 0.448686590820401)
(-0.279665695921253 0.047 0.070998492881695)
(-0.121562949593614 0.047 0.0399704960320797)
(-0.324300193303005 0.047 0.496638326607443)
(-0.0183156737083358 0.047 0.321093385331896)
(-0.241916803656262 0.047 0.240181292309643)
(0.0900392273124413 0.047 0.254290889562906)
(-0.292103591759074 0.047 0.463331111606893)
(0.0606272911383916 0.047 0.331055821560282)
(0.02594562175499 0.047 0.417612726607519)
(-0.13047848889845 0.047 0.195438609249824)
(-0.243158849174265 0.047 0.389069755520656)
(0.121724074872486 0.047 0.11963878332792)
(-0.192481971630361 0.047 0.0685384658074127)
(-0.0186164539359646 0.047 0.108716691091297)
(-0.167028360487916 0.047 0.282837578256017)
(0.0782365119877963 0.047 0.385838600669227)
(0.310061942886561 0.047 0.376726748536145)
(0.221285932184904 -0.0801111005116473 0)
(-0.227025390927278 -0.0871853432667628 0)
(-0.0507923711831075 -0.0820396940654481 0)
(0.0898484179512814 -0.0840856432131503 0)
(-0.142150466205612 -0.118114004874166 0)
(0.0180183834238082 -0.128517161010331 0)
(0.0158719684871161 -0.0360451509202742 0)
(-0.122379350424171 -0.0316231811006774 0)
(0.154679867502373 -0.131412499921345 0)
(0.154906455590378 -0.0359409591306817 0)
(0.275832364372829 -0.0259911029717318 0)
(0.275717790002312 -0.137898633537299 0)
(-0.284058157997984 -0.0290765970187849 0)
(-0.283851030450315 -0.137395670638903 0)
(-0.194785308416596 -0.0219962085074365 0)
(-0.0798566841990597 -0.146129988858312 0)
(-0.204741655617409 -0.145357748536494 0)
(-0.0498544798568234 -0.0159731808247276 0)
(0.091865698067486 -0.148467044704374 0)
(0.0918656980674859 -0.0175329552956259 0)
(0.213208405006874 -0.014789727798388 0)
(0.210995648861306 -0.152357594756679 0)
(0.293804185484338 -0.0829999999999997 0)
(-0.304950111248624 -0.0830630628568757 0)
(-0.176221120665225 -0.0753883072005173 0)
(-0.0259613357576787 -0.159255389441026 0)
(-0.241380673794129 -0.00248339820587199 0)
(-0.104803339382417 -0.0836168060345463 0)
(0.141437129846942 -0.0824126591077305 0)
(0.0410897669779265 -0.0845186851784192 0)
(-0.125699567668027 -0.164714880826957 0)
(0.0474928157655266 -0.166066462156639 0)
(0.04726184327482 -0.00162241866652081 0)
(-0.243700159402218 -0.170171400153786 0)
(-0.148185503748021 -0.00112844639709141 0)
(-0.0103402411129139 0.00236740578866431 0)
(-0.00551455218693565 -0.0887313700569857 0)
(-0.0956283508714374 0.00414205627481391 0)
(0.305475426196022 0.00260414344832023 0)
(0.305475426196022 -0.16860414344832 0)
(-0.317524165115126 0.0041734879147055 0)
(-0.318788675302618 -0.171853083020042 0)
(0.131140385909576 -0.168799346713481 0)
(0.131140385909576 0.00279934671348073 0)
(-0.0238830671417587 -0.0486599260724746 0)
(-0.165991663373222 -0.170521627790216 0)
(0.174089072665203 0.00316680617072046 0)
(0.17539322348373 -0.171102655493354 0)
(-0.241873271131362 -0.125209598133755 0)
(0.0594390477417599 -0.12230409838974 0)
(0.0605949486081105 -0.0451410235539008 0)
(0.180218751041398 -0.0971149586355309 0)
(-0.0818112902903744 -0.0474231819125661 0)
(0.190713653131865 -0.0536052949037846 0)
(0.251924221469332 0.00601309839017395 0)
(0.250646934835247 -0.17137279754305 0)
(-0.241683012711341 -0.0413336314159164 0)
(-0.0364071666446304 -0.121015267674286 0)
(0.257629151548876 -0.0994176282481355 0)
(0.114141000915401 -0.0479253608389653 0)
(0.115909044019188 -0.113801350341224 0)
(0.310043282945671 -0.119523606657286 0)
(0.310298256321617 -0.0437188872159096 0)
(-0.320043282945671 -0.119523606657286 0)
(-0.320317178455186 -0.0437221451828171 0)
(0.235197059099035 -0.0448045584349407 0)
(-0.276493476238039 0.009634736493948 0)
(0.0100328113653404 -0.175103367108895 0)
(-0.180735167882933 -0.113691908803732 0)
(-0.268380838217622 -0.0960683720139352 0)
(-0.160966118676769 -0.0412637587609227 0)
(-0.0596970306599553 -0.176648680411616 0)
(-0.206203307660872 0.0109046029229282 0)
(-0.140780435619532 -0.0750139890567597 0)
(-0.107039718836686 -0.122375054844861 0)
(-0.282016426533292 -0.178020994420618 0)
(0.227964393766851 -0.120599420290551 0)
(-0.206487970048769 -0.0563752129286772 0)
(-0.202373822426657 -0.17960404860122 0)
(-0.094142390333934 -0.178668648524267 0)
(-0.0738266631708805 -0.112141829854588 0)
(0.267570324214183 -0.0620294216045036 0)
(-0.277870467465219 -0.0606414248915368 0)
(0.077280698492931 -0.180673490724306 0)
(0.077647777678909 0.0133259140393898 0)
(-0.0413363993004764 0.0154807504487478 0)
(0.18677287252073 -0.131866220308298 0)
(0.0177836332114667 0.0109310557211091 0)
(-0.212292238987096 -0.107640376224524 0)
(-0.123225076109729 0.00950234564708526 0)
(0.214647406456447 0.0225691580627216 0)
(0.214558395591391 -0.19110194615244 0)
(0.16319115278632 -0.0619082688225651 0)
(-0.164202012037695 -0.145266867473247 0)
(0.279149794334818 0.013777677848137 0)
(0.278967324815663 -0.179686206298548 0)
(-0.180020778331349 0.0220273662009555 0)
(0.323144795803699 -0.0829999999999997 0)
(-0.333144795803699 -0.0829999999999997 0)
(0.245510469881367 -0.14294067626572 0)
(-0.0730128277645981 0.0123708910719496 0)
(0.0118532427657831 -0.0656329378742718 0)
(-0.0535983770926763 -0.0529752316303934 0)
(-0.222049990315415 -0.0273103671381984 0)
(0.0881789882949204 -0.11136317007873 0)
(-0.0103714332449815 -0.13535273958122 0)
(-0.29359213397127 -0.107656477720526 0)
(0.190253551578229 -0.0237962717490444 0)
(0.320457673774793 -0.0207652961719966 0)
(0.320415178212136 -0.144775119473536 0)
(-0.330967386396569 -0.145316609402156 0)
(-0.331796529575273 -0.0206297047492476 0)
(-0.0487101123316799 -0.141859245808328 0)
(0.10683432304158 0.0182479306100767 0)
(0.10683432304158 -0.184247930610077 0)
(0.283243840392601 -0.10892354685805 0)
(0.0880974647735586 -0.0556675449665245 0)
(0.128108410838887 -0.0255023973507787 0)
(-0.0332084787646531 -0.185819548139913 0)
(-0.141393829964489 -0.179039635996614 0)
(-0.204823166842519 -0.0894546415803946 0)
(0.0212061402196096 -0.103923913452441 0)
(-0.25202307106462 0.0211183875348433 0)
(-0.159154793772438 -0.0943533053742173 0)
(-0.222869897095157 -0.191053301719847 0)
(0.130300940109295 -0.141015259498074 0)
(-0.00745739444407258 -0.026640542414515 0)
(0.0644118878287494 -0.0963108107356772 0)
(0.152078066810156 0.0171972524616841 0)
(0.152137819927291 -0.182485348451162 0)
(0.249589310481065 -0.020270949792331 0)
(0.0252510199903708 -0.0132739549381869 0)
(-0.0847307913436827 -0.0749209669199964 0)
(-0.0988614507849267 -0.0257568987468705 0)
(-0.12946717571503 -0.0111794633571528 0)
(0.0417424031561346 -0.140139373819592 0)
(0.0662184134134283 -0.0221598380550487 0)
(0.324021993578116 0.0209532959349847 0)
(-0.334021993578116 0.0209532959349852 0)
(0.324021993578116 -0.186953295934985 0)
(-0.334021993578116 -0.186953295934985 0)
(-0.298048194622762 0.0234183161147951 0)
(-0.124973058576094 -0.138254249920836 0)
(0.154597134102931 -0.104523504861073 0)
(-0.10761656841497 -0.0550810014561809 0)
(-0.258823593222968 -0.0216834253522715 0)
(-0.128433600745377 -0.0951060634755198 0)
(0.24796630222071 -0.0781911977878158 0)
(0.115381549021692 -0.0901327798016368 0)
(-0.0298222226522584 -0.0728625723054072 0)
(-0.254986871120678 -0.0713364362960554 0)
(-0.2305106327472 -0.146500640131854 0)
(0.0318014812618761 -0.186910245385909 0)
(-0.25572779193337 -0.1434368144261 0)
(0.139397682392887 -0.0547940835503684 0)
(0.198215843961059 -0.0786084197850037 0)
(0.190557828941296 -0.19028559145866 0)
(0.190557828941296 0.0242855914586603 0)
(0.0681669772056649 -0.148858954000326 0)
(0.207197544076727 -0.103159408299513 0)
(0.0371044057186851 -0.0587706523593855 0)
(0.041865432020121 -0.0289975070534145 0)
(0.151337482713772 -0.00984113785379233 0)
(0.152455165266078 -0.156716194108903 0)
(-0.00147324899486034 0.0281853469359261 0)
(0.0425482230703408 0.0251929143493647 0)
(0.29883538593043 -0.143151028010539 0)
(0.297742249417904 -0.0211126218828386 0)
(-0.307946582545168 -0.0215997286971561 0)
(-0.306702705754554 -0.146404663003706 0)
(-0.169290280848791 -0.0172388546599147 0)
(-0.225739446161202 0.0226698158215825 0)
(-0.300657916705075 -0.19074595836964 0)
(-0.101606093798968 -0.151665521857963 0)
(-0.116783459805372 -0.185465595685274 0)
(-0.267498932721893 -0.118524570915315 0)
(-0.260435065956474 -0.187275115749784 0)
(-0.0285997483045559 -0.0167867026558575 0)
(0.0645431687767645 -0.0702689232888092 0)
(-0.151896551724137 0.0257185007293665 0)
(-0.1060076891934 0.0286218085146427 0)
(0.212831065037191 -0.0376610554788542 0)
(0.021069124421314 -0.15267872301174 0)
(-0.182799169112831 -0.0537808725928143 0)
(0.0560797961847355 -0.188747864349067 0)
(0.329415250706686 -0.0589539953509722 0)
(0.328835310391412 -0.106881893122279 0)
(-0.338835310391412 -0.106881893122279 0)
(-0.339423461512782 -0.0589519042405823 0)
(0.000545848134022265 -0.112731082147425 0)
(-0.0769708239377911 -0.0144084462612115 0)
(0.23863564128909 -0.191402079948891 0)
(0.237856494240392 0.0254883387884461 0)
(-0.17878638874026 -0.192062744433669 0)
(0.290014419820525 -0.0601845286458487 0)
(-0.144464728481443 -0.155889097436715 0)
(0.269146972467729 -0.00622600837773507 0)
(0.268016338243038 -0.158647909656339 0)
(-0.00567716658056014 -0.192553615145677 0)
(-0.298995619737814 -0.0603044225803474 0)
(0.044269266210832 -0.106114012069829 0)
(0.192116838083791 -0.150635627274246 0)
(-0.246305037996402 -0.101075039065891 0)
(0.198856608185703 0.00230624170716931 0)
(-0.22901740685183 -0.0601882182554922 0)
(-0.00266308447343579 -0.0490938269378009 0)
(-0.145907463142206 -0.0243507389093048 0)
(0.255837985652163 -0.121535527010352 0)
(-0.035444796274825 -0.0962786345996722 0)
(0.215047856782127 -0.0598226098415243 0)
(-0.0775032770169032 -0.191528588763086 0)
(-0.189828414223147 -0.00163139489235891 0)
(0.299917893918193 0.0244682636091389 0)
(0.299917893918193 -0.190468263609139 0)
(-0.219427758219617 -0.166222181875368 0)
(-0.182648690938617 -0.152396740043955 0)
(0.109905776837902 -0.160378069237111 0)
(0.109758392231304 -0.00399676903494836 0)
(-0.0912808104193273 -0.101885313053721 0)
(0.272180994033066 -0.0832316461281199 0)
(0.128074947280609 0.0248216224456861 0)
(0.12807494728061 -0.190821622445686 0)
(-0.00220855890807275 -0.15647048995993 0)
(-0.338452013139472 -0.000134844713907995 0)
(-0.338452013139472 -0.165865155286092 0)
(0.328452013139473 -0.000134844713908109 0)
(0.328452013139473 -0.165865155286092 0)
(-0.0433791811828164 -0.0342646619065807 0)
(-0.289483015809612 -0.157849587412556 0)
(-0.267409805638356 -0.0429258988667951 0)
(0.235409599737537 -0.0986262819012101 0)
(0.226529193956237 -0.165637182719452 0)
(0.228317779722692 -0.00014911328001898 0)
(-0.136698570279244 -0.051755138859317 0)
(-0.294745050126038 -0.00304893187516655 0)
(0.259374118119035 -0.193692216758098 0)
(0.259510239939943 0.0278558230053514 0)
(0.308474490644018 -0.0983492111223365 0)
(-0.318474490644018 -0.0983492111223366 0)
(0.163155159365975 -0.0849802574545279 0)
(-0.0611228304720963 -0.0330089405070958 0)
(-0.218321056530685 -0.00623206958386055 0)
(0.138462857280182 -0.118436717322316 0)
(-0.158943364271295 -0.0629198541644661 0)
(0.0820773371300322 -0.132850545768604 0)
(0.106837169318145 -0.0694398189353844 0)
(0.331858754309844 -0.126345214759711 0)
(-0.341969195946731 -0.126453512745435 0)
(-0.342307433908648 -0.0389516599254383 0)
(0.332034236160619 -0.0389785448386846 0)
(0.258441391535508 -0.0431170120199083 0)
(0.105880996296224 -0.135232235510668 0)
(0.20594605068623 -0.129951826402165 0)
(0.096530788517503 -0.0358183686958779 0)
(0.171078754664203 -0.145482054576005 0)
(0.309335381627373 -0.065771482242546 0)
(0.173468634607768 -0.04178259802564 0)
(-0.319366233351621 -0.0658083069721245 0)
(-0.274310344827586 0.0299949676607482 0)
(-0.0271633915206819 0.0254911173530435 0)
(-0.0541973270392696 0.029819603708378 0)
(-0.199031264075217 -0.1228490176316 0)
(0.172426958583939 -0.116878637531448 0)
(0.0796383697820468 -0.0354159655236129 0)
(-0.283280836598613 -0.0806922148301616 0)
(-0.0775841577822483 -0.166328225346981 0)
(-0.0539655172413789 -0.19643365071609 0)
(-0.0547286495121281 -0.10655115821742 0)
(0.0680911202628079 0.0288224437660062 0)
(-0.268553813147456 -0.162489904595347 0)
(-0.300173631270201 -0.0399821593391178 0)
(-0.0316240814840093 -0.140852065756913 0)
(0.290792989662536 -0.0396775600868878 0)
(-0.200862068965517 0.0306328832868965 0)
(-0.26032318381173 -0.00148714021950761 0)
(-0.0100059367377211 -0.064996126649388 0)
(-0.184549566719671 -0.093113179315246 0)
(0.200889364473952 -0.170639981245252 0)
(-0.0867504484781199 -0.127565497918635 0)
(0.170765150113595 0.028377789619078 0)
(0.170765150113595 -0.194377789619078 0)
(-0.219907280414708 -0.126472392729347 0)
(-0.0557067191955773 0.0036011209978476 0)
(0.0902977817653123 -0.195473912028872 0)
(0.0902977817653125 0.0294739120288725 0)
(-0.161976682161433 -0.119887782794141 0)
(-0.0697376880749414 -0.0909021738438537 0)
(0.0150245286576073 -0.196113445528096 0)
(-0.301716193640739 -0.127114319831245 0)
(0.29212146654584 -0.126763430309713 0)
(-0.0668927204437975 -0.131195279042366 0)
(-0.0458195230812259 -0.161532041978178 0)
(-0.0132652129014349 -0.174046118589634 0)
(-0.145315710693361 -0.137002409526051 0)
(0.125522622518522 -0.0692249286081655 0)
(-0.274888692279352 -0.0091322715943565 0)
(-0.276152138464488 -0.196554184044261 0)
(0.228507558058755 -0.0246242044710328 0)
(0.132545599092846 -0.101056862403903 0)
(-0.12201598297849 -0.0720748522452531 0)
(-0.204536192706413 -0.0379325967761877 0)
(-0.0998783127864135 -0.196545856537324 0)
(-0.317167922401023 0.0292459029031581 0)
(-0.123310533288974 -0.114398368440067 0)
(-0.240135156597305 -0.0225418039580028 0)
(0.0742580713455635 -0.00316248141403514 0)
(-0.182222578785551 -0.133241677547195 0)
(0.00612200725260823 -0.0122213058381294 0)
(-0.200862068965517 -0.198908232334637 0)
(-0.180147006591443 -0.034228832061498 0)
(0.233378251724163 -0.0643640985498538 0)
(0.224270573486138 -0.141215861714609 0)
(0.167702504468434 -0.0207668759871787 0)
(0.0895164290449918 -0.168089501505347 0)
(-0.110973600534556 -0.103476321169743 0)
(0.109009644742423 -0.0243118199048452 0)
(-0.0183443850428755 -0.10976707819027 0)
(-0.194584468940459 -0.0721976886619447 0)
(-0.112765573601468 -0.0110510155030678 0)
(-0.0839168461102722 0.0300661891509527 0)
(-0.212387680722171 -0.0730802209386543 0)
(0.0275990582035143 -0.170189699415796 0)
(-0.186686522730547 -0.170073881296863 0)
(0.0722340947112223 -0.196967784260449 0)
(-0.319022440535472 -0.196882607323578 0)
(0.0663737869813434 -0.168008231248149 0)
(0.00662687892301699 -0.143254778390805 0)
(0.2865464500215 -0.00660934895167074 0)
(0.286498658364095 -0.1586671986036 0)
(0.101486728294027 -0.099418751307078 0)
(0.0933478869760468 0.00332845933810844 0)
(0.035831980948037 -0.122305249078115 0)
(0.0195413773956725 0.0323201105093749 0)
(-0.127254927063008 0.0322690249887289 0)
(0.24851066575872 -0.0585012576794044 0)
(0.0218280984656117 -0.0832523454995388 0)
(-0.0631257571354571 -0.154516508539972 0)
(-0.153680634894307 -0.194143938505698 0)
(0.190512435381805 -0.115794210235391 0)
(-0.0656521799513559 -0.0687813098920009 0)
(-0.169941276508169 0.00280891888756025 0)
(-0.298538508629686 -0.172751071997086 0)
(-0.230994619929967 -0.111276975717856 0)
(-0.0317015680499841 0.00217843609193398 0)
(-0.285701536421915 -0.0465861005393164 0)
(-0.109318456118779 -0.169799177029083 0)
(0.335974139589754 0.033333436565076 0)
(-0.345974139589754 0.0333334365650769 0)
(-0.345974139589754 -0.199333436565077 0)
(0.335974139589754 -0.199333436565077 0)
(0.179098912057323 -0.0752434399202825 0)
(-0.132118823839593 -0.197239622813686 0)
(0.0614497618965801 0.011513843547372 0)
(0.276185532626946 -0.0463220865527955 0)
(-0.196286280901487 -0.105349824711099 0)
(-0.243872638910383 -0.195896080870844 0)
(-0.221510402381027 -0.0446019025706733 0)
(-0.199175689986569 -0.16273092007078 0)
(0.220335415169845 -0.0829999999999997 0.51)
(-0.227025390927278 -0.0788146567332371 0.51)
(-0.0539655172413789 -0.083 0.51)
(0.0900022840889956 -0.083 0.51)
(-0.142114100200772 -0.0474470279231118 0.51)
(0.0195511510326797 -0.125793547411479 0.51)
(0.0174369831034755 -0.0396190554377799 0.51)
(-0.122379350424171 -0.134376818899323 0.51)
(0.15516884962942 -0.13167069818775 0.51)
(0.156175997553331 -0.036744786543259 0.51)
(0.275370139749583 -0.137719539005008 0.51)
(0.275832364372829 -0.0259911029717317 0.51)
(-0.283851030450315 -0.028604329361097 0.51)
(-0.284058157997984 -0.136923402981215 0.51)
(-0.194785308416596 -0.144003791492564 0.51)
(-0.0827745793410297 -0.0180994927738481 0.51)
(-0.2040573555806 -0.0206873158624467 0.51)
(-0.0498449836111106 -0.150061111648365 0.51)
(0.0918656980674861 -0.148467044704374 0.51)
(0.091865698067486 -0.017532955295626 0.51)
(0.213836515934369 -0.0141166666875128 0.51)
(0.213836515934369 -0.151883333312487 0.51)
(0.293804185484338 -0.0829999999999997 0.51)
(-0.304950111248624 -0.0829369371431238 0.51)
(-0.176221120665225 -0.0906116927994827 0.51)
(-0.026830059135556 -0.00778696374953779 0.51)
(-0.241380673794129 -0.163516601794128 0.51)
(-0.104803339382417 -0.0823831939654536 0.51)
(0.168872965030207 -0.0821191835517465 0.51)
(0.0363581242158883 -0.0837640525414659 0.51)
(-0.126046465493079 -0.00113772894154764 0.51)
(0.0472618432748202 -0.164377581333479 0.51)
(0.0474928157655266 6.64621566386074e-05 0.51)
(-0.243700159402218 0.00417140015378578 0.51)
(-0.148185503748021 -0.164871553602909 0.51)
(-0.0102326115184314 -0.166325751908123 0.51)
(-0.00667231029712821 -0.0896046904451163 0.51)
(-0.0956283508714375 -0.170142056274814 0.51)
(0.305475426196022 0.00260414344832051 0.51)
(0.305475426196022 -0.16860414344832 0.51)
(-0.318788675302618 0.00585308302004216 0.51)
(-0.317524165115126 -0.170173487914706 0.51)
(0.131658584343123 -0.169540690292193 0.51)
(0.131140385909576 0.00279934671348065 0.51)
(-0.0233637914832912 -0.0508534287029736 0.51)
(-0.167036108889232 0.00522187218470515 0.51)
(0.174755421864794 -0.170068678234636 0.51)
(0.174755421864794 0.00406867823463611 0.51)
(-0.241873271131362 -0.0407904018662447 0.51)
(0.0623517454221171 -0.121580695328901 0.51)
(0.0606087060917041 -0.045042376127234 0.51)
(0.130475649024472 -0.0958591677057618 0.51)
(-0.0831460210361834 -0.118368759848366 0.51)
(0.251924221469332 0.00601309839017409 0.51)
(0.251489297644906 -0.171782594819568 0.51)
(0.118022345282262 -0.0529853939775344 0.51)
(-0.241683012711341 -0.124666368584084 0.51)
(0.193984417538302 -0.114895064700885 0.51)
(0.195269830034211 -0.0512762524260905 0.51)
(0.257611088004066 -0.0994363812627851 0.51)
(0.310043282945671 -0.119523606657287 0.51)
(0.310298256321617 -0.0437188872159097 0.51)
(-0.320317178455186 -0.122277854817183 0.51)
(-0.320043282945671 -0.0464763933427134 0.51)
(0.235651849477355 -0.0445536800867148 0.51)
(-0.0215640914802687 -0.125661891025297 0.51)
(-0.276493476238039 -0.175634736493948 0.51)
(0.00962130449620213 0.00912456636556095 0.51)
(-0.180735167882933 -0.052308091196268 0.51)
(-0.268380838217622 -0.0699316279860647 0.51)
(-0.160966118676769 -0.124736241239077 0.51)
(-0.0596970306599551 0.010648680411616 0.51)
(-0.206203307660872 -0.176904602922928 0.51)
(-0.140780435619532 -0.0909860109432404 0.51)
(-0.106549957328963 -0.0436603565985421 0.51)
(-0.282016426533292 0.0120209944206179 0.51)
(-0.206487970048769 -0.109624787071323 0.51)
(0.231725558944391 -0.123260261911451 0.51)
(-0.206180831612581 0.012358140113458 0.51)
(-0.0608516025404911 -0.0490373765996061 0.51)
(-0.0948967155000907 0.0142397639467031 0.51)
(0.121031154182693 -0.130699023673096 0.51)
(0.267570324214183 -0.062029421604504 0.51)
(-0.277870467465219 -0.105358575108463 0.51)
(0.0780432241050897 -0.179224116008629 0.51)
(0.0772806984929309 0.0146734907243059 0.51)
(-0.0413994699811723 -0.181333191420825 0.51)
(0.0187015452687432 -0.182101425539249 0.51)
(0.0915107088811762 -0.114369190450641 0.51)
(-0.212292238987096 -0.0583596237754762 0.51)
(-0.123225076109729 -0.175502345647085 0.51)
(-0.0514957520057868 -0.114759509977457 0.51)
(0.214647406456447 0.0225691580627216 0.51)
(0.214647406456447 -0.188569158062722 0.51)
(0.14704684540162 -0.0618558152259574 0.51)
(-0.162098736174441 -0.0245253678809306 0.51)
(0.279149794334818 0.0137776778481372 0.51)
(0.2790876623599 -0.179744748766622 0.51)
(-0.180020778331349 -0.188027366200955 0.51)
(-0.333144795803699 -0.0829999999999997 0.51)
(0.323144795803699 -0.0829999999999997 0.51)
(-0.0730128277645981 -0.17837089107195 0.51)
(0.0152196009125971 -0.0643088949497024 0.51)
(-0.222049990315415 -0.138689632861802 0.51)
(0.183983531054432 -0.142853631420271 0.51)
(0.177119711243655 -0.0179846263143699 0.51)
(0.0878002021186027 -0.0538772213129948 0.51)
(-0.29359213397127 -0.0583435222794736 0.51)
(0.320415178212136 -0.144775119473536 0.51)
(-0.331796529575273 -0.145370295250752 0.51)
(0.320457673774794 -0.0207652961719967 0.51)
(-0.330967386396569 -0.0206833905978436 0.51)
(0.108273224214246 -0.183297634566536 0.51)
(0.10683432304158 0.0182479306100767 0.51)
(-0.0459874866949456 -0.0203654676001434 0.51)
(0.28317775665461 -0.108912908070893 0.51)
(0.247124755992738 -0.144044141345127 0.51)
(-0.0333638220004333 0.0199375529351086 0.51)
(-0.0792358337623508 -0.0704442730949963 0.51)
(0.128448522678673 -0.0252822879385733 0.51)
(-0.00725297546142411 -0.0282288709402944 0.51)
(-0.142474263629426 0.0156266456797175 0.51)
(-0.204823166842519 -0.0765453584196053 0.51)
(0.0175601886249662 -0.100558183160239 0.51)
(-0.252023071064621 -0.187118387534843 0.51)
(-0.159150248021833 -0.0715918237254425 0.51)
(-0.223413755550289 0.0248753147930237 0.51)
(0.0635811629050472 -0.0700862183796756 0.51)
(0.152031519657468 0.0163130189080418 0.51)
(0.152117886063059 -0.182436576171161 0.51)
(0.250291583840486 -0.0196258031530355 0.51)
(0.0223230077959962 -0.154255170762365 0.51)
(-0.0988614507849268 -0.140243101253129 0.51)
(-0.12946717571503 -0.154820536642847 0.51)
(0.0667181514730943 -0.144212900066537 0.51)
(0.0417155769926958 -0.028854047605752 0.51)
(-0.334021993578116 0.0209532959349852 0.51)
(0.324021993578116 -0.186953295934985 0.51)
(0.324021993578117 0.0209532959349851 0.51)
(-0.334021993578116 -0.186953295934985 0.51)
(-0.298048194622762 -0.189418316114795 0.51)
(-0.108196860618716 -0.0217181746887144 0.51)
(0.155440336049169 -0.104905555736337 0.51)
(-0.108681943130131 -0.110827373316244 0.51)
(-0.258823593222968 -0.144316574647728 0.51)
(-0.126562429753301 -0.0721161496577909 0.51)
(0.247951866185722 -0.0785926847619891 0.51)
(-0.0270886387964622 -0.0997806623895589 0.51)
(-0.254986871120678 -0.0946635637039445 0.51)
(0.195138560461931 -0.0897260771121051 0.51)
(-0.230564899444853 -0.0194487976319907 0.51)
(0.0318014812618766 0.0209102453859095 0.51)
(-0.255736836382979 -0.0225547585345407 0.51)
(0.17034352245338 -0.0560587804231562 0.51)
(0.113894634003182 -0.077821272662325 0.51)
(0.190557828941296 0.0242855914586603 0.51)
(0.190557828941296 -0.19028559145866 0.51)
(0.0683302373317359 -0.0177688704668432 0.51)
(0.0386794470313642 -0.0559651832910575 0.51)
(0.0426664462742964 -0.136735542880182 0.51)
(-0.135090752568349 -0.0224783403011885 0.51)
(0.153289075605678 -0.00939107541608979 0.51)
(0.153859105427409 -0.15691768820657 0.51)
(6.06262397912474e-05 -0.19073012735728 0.51)
(0.0426793533642375 -0.191931538609099 0.51)
(0.0641048742903535 -0.0965541404578026 0.51)
(-0.0255880302528282 -0.147388745446892 0.51)
(-0.00142111722601362 -0.142573568361174 0.51)
(0.297742249417904 -0.0211126218828384 0.51)
(0.298777444221642 -0.143121178921824 0.51)
(-0.306702705754554 -0.019595336996294 0.51)
(-0.307946582545168 -0.144400271302844 0.51)
(-0.169290280848791 -0.148761145340085 0.51)
(-0.225739446161202 -0.188669815821582 0.51)
(-0.300657916705075 0.0247459583696399 0.51)
(-0.116854153901435 0.0195357004348621 0.51)
(-0.267498932721893 -0.047475429084685 0.51)
(-0.260435065956474 0.0212751157497837 0.51)
(-0.0723142379054623 -0.0966856723620499 0.51)
(-0.151896551724137 -0.191718500729366 0.51)
(-0.1060076891934 -0.194621808514643 0.51)
(0.0210691244213132 -0.0133212769882607 0.51)
(-0.182799169112831 -0.112219127407186 0.51)
(0.0560797961847351 0.0227478643490668 0.51)
(0.328835310391412 -0.106881893122279 0.51)
(-0.339423461512782 -0.107048095759417 0.51)
(-0.338835310391412 -0.0591181068777208 0.51)
(0.329415250706686 -0.0589539953509723 0.51)
(0.215345973043226 -0.0380407787852252 0.51)
(-0.0767137814065065 -0.151487513699324 0.51)
(-0.0267118836225287 -0.0750015985507079 0.51)
(0.237856494240392 -0.191488338788446 0.51)
(0.237856494240392 0.0254883387884463 0.51)
(-0.177082367859706 0.0282148511030609 0.51)
(0.290014419820525 -0.0601845286458486 0.51)
(0.269913899875478 -0.00596897984953239 0.51)
(0.268462205485545 -0.15892645171468 0.51)
(-0.0058941908838168 0.0267948661115629 0.51)
(-0.298995619737814 -0.105695577419652 0.51)
(0.0404320883100502 -0.110831026963345 0.51)
(-0.00154350442802138 -0.0505498630124499 0.51)
(-0.00267558215518477 -0.111719778026258 0.51)
(-0.246305037996402 -0.0649249609341093 0.51)
(0.198640744986484 -0.16840276556633 0.51)
(0.199457727830757 -3.97665947569976e-05 0.51)
(0.112062295728941 -0.15414905922226 0.51)
(-0.0840839285386991 -0.0428581717032138 0.51)
(0.255928244988268 -0.121754968942152 0.51)
(-0.22901740685183 -0.105811781744508 0.51)
(0.106970205151756 -0.0982692375811678 0.51)
(-0.145907463142206 -0.141649261090695 0.51)
(0.215996154713827 -0.0601768018531022 0.51)
(-0.0776110377549255 0.0257530338234336 0.51)
(-0.189828414223147 -0.164368605107641 0.51)
(0.299917893918194 -0.190468263609139 0.51)
(0.299917893918193 0.0244682636091392 0.51)
(-0.219427758219616 0.000222181875367539 0.51)
(-0.182749653106398 -0.0121569702752942 0.51)
(0.109742761232003 -0.0057244317593823 0.51)
(0.272176717025318 -0.0832494165537096 0.51)
(0.214348038828507 -0.10557105304286 0.51)
(0.12807494728061 -0.190821622445686 0.51)
(0.12807494728061 0.024821622445686 0.51)
(0.172981008506912 -0.118436717322316 0.51)
(0.328452013139473 -0.000134844713908279 0.51)
(-0.338452013139472 -0.000134844713907995 0.51)
(-0.338452013139472 -0.165865155286092 0.51)
(0.328452013139473 -0.165865155286092 0.51)
(-0.146856817127227 -0.00465174259257705 0.51)
(-0.0293560923260805 -0.0298672654692386 0.51)
(-0.289483015809612 -0.00815041258744432 0.51)
(0.2379833686868 -0.101935891653539 0.51)
(-0.267409805638356 -0.123074101133205 0.51)
(0.227941958718076 -0.165663362781228 0.51)
(0.228528468360927 -0.000191640222525962 0.51)
(-0.136850766667124 -0.114231771822458 0.51)
(-0.294745050126038 -0.162951068124834 0.51)
(0.259510239939943 0.0278558230053515 0.51)
(0.259410828780074 -0.193803136474927 0.51)
(0.308474490644019 -0.0983492111223363 0.51)
(-0.318474490644018 -0.0676507888776629 0.51)
(0.210982820674211 -0.129668788186617 0.51)
(0.147183488727078 -0.0848944663619242 0.51)
(-0.0449896885645068 -0.0626126693257082 0.51)
(0.105190299528186 -0.0315994305518699 0.51)
(-0.0643364507933232 -0.131428248162958 0.51)
(-0.218321056530685 -0.15976793041614 0.51)
(0.13773714653193 -0.117465042807662 0.51)
(-0.158943364271295 -0.103080145835534 0.51)
(0.082759028627543 -0.0331641707509136 0.51)
(0.186232955289658 -0.069934491293873 0.51)
(0.331858754309844 -0.126345214759711 0.51)
(-0.342307433908648 -0.127048340074561 0.51)
(-0.341969195946731 -0.0395464872545644 0.51)
(0.33203423616062 -0.0389785448386847 0.51)
(0.258441391535508 -0.0431170120199085 0.51)
(-0.00369200212198382 -0.00614804281348705 0.51)
(0.135106993101546 -0.144365127759037 0.51)
(0.309335381627373 -0.065771482242546 0.51)
(-0.319366233351621 -0.100191693027875 0.51)
(-0.274310344827586 -0.195994967660748 0.51)
(0.137423427728972 -0.044217070921331 0.51)
(-0.0270280699466355 -0.190854926679696 0.51)
(-0.0541973270392694 -0.195819603708378 0.51)
(-0.198917214069082 -0.043158493101557 0.51)
(-0.283280836598613 -0.0853077851698382 0.51)
(-0.0798731866539369 0.00282883913114014 0.51)
(-0.0425658616286635 -0.133859901252194 0.51)
(-0.0539655172413788 0.0304336507160903 0.51)
(-0.123120229535977 -0.0377972511121161 0.51)
(0.0681788830494875 -0.194928581470835 0.51)
(-0.268554889867648 -0.00350909218568145 0.51)
(-0.300173631270201 -0.126017840660882 0.51)
(0.0806087525581116 -0.131993534430596 0.51)
(0.290792989662537 -0.039677560086888 0.51)
(-0.200862068965517 -0.196632883286896 0.51)
(-0.260323183811731 -0.164512859780492 0.51)
(-0.184549290617229 -0.0728834879041211 0.51)
(0.170765150113595 0.0283777896190778 0.51)
(0.170765150113595 -0.194377789619078 0.51)
(-0.219783266523826 -0.0395279427533098 0.51)
(-0.0557108700991896 -0.1695324524004 0.51)
(0.0902977817653122 -0.195473912028872 0.51)
(0.0902977817653123 0.0294739120288726 0.51)
(0.0949797420916394 -0.168185751770908 0.51)
(-0.161976682161433 -0.0461122172058591 0.51)
(0.0148988224231284 0.0301659355726067 0.51)
(-0.102022176292087 -0.0618412722275131 0.51)
(-0.301716193640739 -0.0388856801687545 0.51)
(0.292121466545839 -0.126763430309714 0.51)
(-0.274888692279352 -0.156867728405644 0.51)
(-0.276152138464488 0.0305541840442613 0.51)
(-0.0461919549505192 -0.00327244739249716 0.51)
(0.178057434635067 -0.101023818910842 0.51)
(-0.121949289112261 -0.0940391782228602 0.51)
(-0.00643513871680329 -0.0692823743342082 0.51)
(0.102081144969837 -0.132073240929352 0.51)
(0.228907176301985 -0.0238319874525434 0.51)
(-0.204536192706413 -0.128067403223812 0.51)
(-0.0999268748439022 0.0306429861308459 0.51)
(-0.317167922401023 -0.195245902903158 0.51)
(0.227153280269497 -0.141260911658092 0.51)
(-0.0451569638655718 -0.0407753079214243 0.51)
(-0.240135156597305 -0.143458196041997 0.51)
(-0.0150674049304544 0.00947233124509668 0.51)
(0.0733375077250462 -0.163568219343723 0.51)
(-0.18172061736503 -0.0323116622457825 0.51)
(-0.104994919727634 -0.000797722537474385 0.51)
(-0.199403239917483 0.0297066979126577 0.51)
(-0.180147006591443 -0.131771167938502 0.51)
(0.00823833599594201 -0.166870093947806 0.51)
(0.0895164468671619 0.00203627078642143 0.51)
(0.116047421642417 -0.114114050149843 0.51)
(0.196838973371916 -0.0271552393140963 0.51)
(-0.19458443607112 -0.0938019145784561 0.51)
(-0.112765573601468 -0.154948984496932 0.51)
(-0.0839168461102723 -0.196066189150953 0.51)
(-0.212387674148303 -0.0929196997094258 0.51)
(-0.0916404172988042 -0.0962874697200378 0.51)
(0.0274961814862296 0.00419499922996209 0.51)
(-0.198890246730601 -0.00228422879641988 0.51)
(0.072234094711222 0.0309677842604486 0.51)
(-0.319022440535472 0.030882607323578 0.51)
(0.0663856877064336 0.0019585916573258 0.51)
(0.286521603053413 -0.15868550444723 0.51)
(0.28665601107975 -0.00657263059049856 0.51)
(0.233502358524015 -0.0645221887208637 0.51)
(-0.0635958138770544 -0.0299773295566915 0.51)
(0.101558447499729 -0.0671282029295189 0.51)
(0.0194827586206902 -0.199965728279613 0.51)
(-0.127254927063008 -0.198269024988729 0.51)
(0.248623557987356 -0.058562997438796 0.51)
(-0.031553286128349 -0.167491013336257 0.51)
(0.0105428122076703 -0.0835147152898359 0.51)
(-0.156325542941514 0.0295354203603302 0.51)
(-0.169941276508169 -0.16880891888756 0.51)
(0.202830398360062 -0.0716671778703665 0.51)
(-0.298538508629686 0.00675107199708603 0.51)
(-0.230994619929967 -0.0547230242821438 0.51)
(0.179393742706722 -0.0388809107391737 0.51)
(0.131649993104797 -0.0750060045731109 0.51)
(-0.285701536421915 -0.119413899460683 0.51)
(0.335974139589753 -0.199333436565075 0.51)
(-0.345974139589754 0.0333334365650769 0.51)
(-0.345974139589754 -0.199333436565077 0.51)
(0.335974139589754 0.0333334365650769 0.51)
(-0.0597606605271819 -0.0662735797550777 0.51)
(-0.132118823839593 0.031239622813686 0.51)
(0.0615358643614069 -0.177892986043075 0.51)
(-0.185989430104953 0.0107687411957482 0.51)
(0.276185532626946 -0.0463220865527955 0.51)
(-0.196263415679772 -0.0606510108794055 0.51)
(-0.243912278739474 0.0298831080627663 0.51)
(-0.120510110721503 -0.0534982437875289 0.51)
(-0.0627983331142242 -0.0089827531569203 0.51)
(-0.221510402381028 -0.121398097429327 0.51)
(0.00574378192769412 -0.068313698737448 0.0286363796694994)
(0.00900541322727035 -0.122226907252241 0.0297197091865053)
(-0.175092338817416 0.0235892305576784 0.461901404467841)
(-0.192160226218782 0.00665690984482289 0.478920439960831)
(-0.149882214573068 0.00818150371292818 0.487011395447932)
(0.127543594994684 -0.0758281591158857 0.2954897205621)
(0.0922720139508004 -0.083 0.289231983670702)
(0.116591268699324 -0.104395816757375 0.309627783739657)
(0.105835794609077 -0.0728490039992177 0.32650790080066)
(-0.0296207919272301 0.0237503575294704 0.157603375164449)
(-0.026146938478962 -0.0130967249809594 0.172712460951475)
(-0.0162573502600246 0.022016950227259 0.19316909490148)
(-0.0466748435700863 0.0062930540676672 0.169583963839396)
(-0.0850324837240175 -0.110860756698296 0.39120632279488)
(-0.0868685007378484 -0.0862191765218153 0.420876474742459)
(-0.0925471922793763 -0.11497464073908 0.427008206288905)
(-0.0634668395935872 -0.10073323626313 0.421168421297231)
(-0.00800259639159618 0.00715754528920394 0.0890953788906394)
(-0.00183132727422208 0.0229765432655498 0.0641701492442899)
(-0.0335871832861938 -0.176205579378387 0.174896081861858)
(-0.00769430648300279 -0.190772757598144 0.172051357329982)
(-0.019908214869502 -0.188534495345351 0.199126028513986)
(0.00938027277404564 -0.191623116251951 0.108215897367953)
(0.0169731113268847 -0.173135294554982 0.121435674573945)
(0.00192780605727822 -0.188422840340414 0.143953456581521)
(-0.0505961128776034 -0.187449649870417 0.22806603198086)
(-0.058568993975016 0.024606137908237 0.301214604761393)
(-0.0802623233869394 0.0145 0.331836839900752)
(-0.053888445273301 0.0233674682227343 0.333209821039897)
(-0.290777733055851 -0.190918761211541 0.281570693307219)
(-0.290944605763984 -0.157415334078584 0.271575218700871)
(-0.277633318418924 -0.176828808663873 0.296252509371329)
(-0.265470795778568 -0.18229210464199 0.264877330701612)
(-0.172957052450514 -0.128539598373299 0.0249911697579152)
(-0.20467735779537 -0.137209804641806 0.0240664320346076)
(0.0069234713661 -0.183787303242918 0.0283807201610294)
(-0.0643343334010038 -0.17146919115891 0.175476159337553)
(-0.0870074905769374 -0.188582491157393 0.152087845779785)
(-0.0959808042001007 -0.187811825507795 0.184770549373213)
(-0.0895666228714306 -0.169057236182375 0.165833586792056)
(-0.0656552825514952 -0.0305449308587401 0.0247423359104548)
(0.0831213482939311 0.00985930732811323 0.0275157977980815)
(0.0620975982884974 0.00610579988959965 0.0442407662946199)
(0.0689575800515134 -0.0139292067831406 0.022613483393181)
(0.0812760645698182 -0.0161999469165315 0.0585801928145697)
(-0.252215106110436 -0.13327191002731 0.359254420364076)
(-0.227995892368612 -0.148 0.368841259456863)
(-0.250672617880048 -0.148786849907846 0.324387277088865)
(-0.216190707722 -0.148 0.337885006085725)
(-0.213140621373167 0.0108640157040401 0.0884932540478524)
(-0.199395378021902 -0.0165019146808068 0.0962852168661941)
(-0.198448232451128 -0.00732311178059776 0.0649135500093095)
(-0.18967021047564 0.0203954407669545 0.0807130950278001)
(-0.291284987544322 0.00934709153341456 0.0804745240301151)
(-0.33295084842457 0.00115035306174128 0.0672235878179264)
(-0.316283558278672 0.0180948433539364 0.05579818344828)
(-0.30383145798142 -0.0112185049518945 0.0602552924066588)
(0.040447539666239 0.0202870978018634 0.191424941928451)
(0.0637176437974907 0.0228743741327485 0.215198729427429)
(-0.00518424749815687 0.0231387121135105 0.220251636639726)
(-0.0486650733689229 0.0155668200988707 0.0204166322793874)
(0.153012925078445 -0.0661906642044032 0.317933048419154)
(0.153605824646162 -0.0309739437715008 0.314203216634817)
(0.12732513189193 -0.0592652245592905 0.316997482583137)
(0.145157106169975 -0.0312392441288663 0.341622953762225)
(-0.085366682544138 0.0215067132018865 0.175282882120953)
(-0.0869370915766093 0.0223146476017005 0.202117569380211)
(-0.0285640231128329 0.00541145558818413 0.214886528911073)
(-0.0144558790532471 -0.018 0.194532305665913)
(-0.247899682146182 -0.0086887413834414 0.0346071504265543)
(-0.266937491810326 -0.0181000653920562 0.0708549236973359)
(-0.24542459652076 0.00404638438370297 0.0575794896402039)
(-0.27602153223868 0.00549937602860501 0.0397122904284746)
(0.139698198817527 -0.189413914465804 0.286314443418465)
(0.114319234921102 -0.193506554736389 0.252605493375248)
(0.123171929861054 -0.167592331015841 0.275740627909395)
(0.14421422531155 -0.188311322238757 0.252791455821745)
(0.0654648919688344 -0.191835889821489 0.259865100532315)
(0.0976419200996919 -0.186822074489309 0.240758815884275)
(-0.0569213593258422 -0.189325280295727 0.468743381760394)
(-0.0826177083832999 -0.188697631011869 0.476997163612825)
(-0.116941971653051 -0.0510889766413364 0.187020258528086)
(-0.0982682861682725 -0.018 0.191568141151232)
(-0.128595143541795 -0.018 0.182035520729145)
(-0.12402843724812 -0.018 0.205979692015316)
(0.0428400345175384 -0.167418732463446 0.237443261633616)
(0.024859540527428 -0.148 0.227017373242349)
(0.0207720791941703 -0.169727330298905 0.245379441641625)
(0.0405947817695063 -0.148 0.251502049963857)
(-0.105747481674073 -0.159648477591678 0.144642390120037)
(-0.0680419853877368 -0.170774047797926 0.14358561119603)
(-0.214421433150108 0.02411113055989 0.232579412822651)
(-0.185399688529423 0.0221922503044402 0.224823531077131)
(-0.2102037826689 0.0154921905471117 0.197094148635548)
(-0.112064725630889 -0.168749751108465 0.103559936268536)
(0.0538485975869566 -0.169567029908217 0.259796701018136)
(0.0513253691504435 -0.135946802168664 0.223341592453299)
(-0.107835621563818 -0.17093790868702 0.275689881903944)
(-0.0878103475848773 -0.157487923691512 0.279711112791255)
(-0.119351523613556 -0.148 0.27928451440849)
(-0.108955124920883 -0.148 0.303948300117407)
(0.267494919995117 0.0107648984706717 0.202020794188227)
(0.288423446300173 -0.00891354556081739 0.220263641276991)
(0.265980192562764 -0.0216619210565187 0.227523234151299)
(0.271654251063591 -0.0382998118513589 0.201124718770335)
(0.0725340759861102 0.0213218862114884 0.276350833480835)
(0.0580254965310234 0.00703153433167066 0.295065543683387)
(0.0790385207716875 0.00495449369954641 0.310784544638959)
(-0.0167253311142052 -0.183010396036535 0.0920859216428097)
(-0.153708631477631 0.0212636442077549 0.123368004760852)
(-0.175207386202269 0.0218728906512524 0.157157673431925)
(-0.157997450316601 0.0027520372368034 0.153295247353625)
(-0.116417403122286 -0.0380492441645761 0.156470975226263)
(-0.138120377573313 -0.018 0.138318755550157)
(-0.148273306777098 -0.018 0.171697271685446)
(0.0122173420537461 0.0234443547612097 0.191093930887886)
(0.0280096950911931 0.0218631525745161 0.170430393990653)
(0.0227351026704455 0.00407465804752192 0.204040321115871)
(-0.0116274660688903 -0.169775135216588 0.183139376060063)
(-0.0175439176397834 -0.148 0.189257147739872)
(-0.0297364018805058 -0.164508874283462 0.207820857549592)
(-0.0724941816893601 -0.0354019904055919 0.179000568751309)
(-0.085401596784364 -0.0528691581268379 0.194134045528685)
(-0.0702298205837019 -0.0569559311662239 0.160468323280808)
(-0.0574901937339678 -0.0591743035185911 0.198322125364979)
(0.0534788670036862 -0.165368634982647 0.215260024876895)
(0.042455788100966 0.013476276180159 0.449567073428779)
(0.0330047003631262 0.0220507585555097 0.480826426906939)
(0.0368226197167507 -0.0107243451467129 0.452557981881588)
(0.0522048667068849 0.00137662596947067 0.480058554861568)
(0.205406755231785 -0.172847191406808 0.438408282035973)
(0.188992009016253 -0.182181519278026 0.41633124533326)
(0.168366104765936 -0.18500595472771 0.42837221053066)
(0.181045913358353 -0.149461315165963 0.446348238404908)
(-0.170647454106543 -0.0968281401627333 0.21119138314451)
(-0.154812706277904 -0.0600964998689992 0.201272968651122)
(-0.138006599836086 -0.0903300063970301 0.203539909985497)
(-0.172106993215766 -0.083 0.189340879128883)
(-0.122861432383266 -0.184667554504429 0.254396642022454)
(-0.0969632499915253 -0.183698703456454 0.256441891777364)
(0.0371502401508204 -0.0402158227511138 0.259773132290099)
(0.0321798866380974 -0.0363438392289068 0.283346616474943)
(0.0547163696791825 -0.0461924633863267 0.289167558549403)
(0.0663070668673063 -0.018 0.264833332267164)
(-0.0531002067530193 -0.021541428244716 0.169099226242354)
(-0.0706404964713207 -0.000347202170985142 0.180719733455223)
(-0.0659863709658027 0.00551083024368176 0.139593339302534)
(-0.0796182277462402 -0.018 0.142696564118846)
(-0.0273587884718031 0.0228014442085082 0.283624911730453)
(-0.0382171800449868 0.00716773935157239 0.301398967781415)
(-0.0188401309337033 0.00685887729565214 0.32191168896118)
(-0.109996825757107 -0.148 0.183301128499561)
(-0.0910770202649848 -0.146051846059783 0.206475156094296)
(-0.075503955075201 -0.172064721770165 0.196881003351668)
(-0.33004000254238 0.0254464644683382 0.0786095672437389)
(0.109403992646519 -0.16861361357031 0.181361746412138)
(0.126107763335724 -0.187709580924985 0.193414849114891)
(-0.302690035485008 -0.192515381674125 0.197591691082189)
(-0.327885039825225 -0.188650766203905 0.217719516019173)
(-0.0770103917107693 -0.0881701639206076 0.175430555237121)
(-0.0641467577567868 -0.083 0.13473919695455)
(-0.0482506548221523 -0.0865343590784174 0.172768851679816)
(0.105413803898473 0.0249830738703885 0.386929698107849)
(0.251767798872728 -0.188714398636492 0.286383247332147)
(-0.0814537931368631 0.0227510750162048 0.226787046252862)
(-0.0885487480846734 0.00106288461896361 0.233205304077057)
(-0.115103730145691 0.0104567317522951 0.226679884820669)
(0.033210077673083 0.0259549863400732 0.225733541199796)
(0.0171634985495622 0.0138211377560825 0.23579560326627)
(0.0430003085684309 0.0217380558593281 0.248856248203376)
(0.0788532157202819 0.0180092858043188 0.250457728927438)
(-0.147274199515041 0.0256221586996149 0.0252314685637276)
(0.0220643845109608 -0.191388506656218 0.0879875736189814)
(0.0837071338629566 0.0244045054670341 0.173977150558496)
(0.0550688790820748 0.0012866079597629 0.15777855893459)
(-0.139336859252643 -0.186366853206547 0.184906872547536)
(-0.0880768641809708 -0.0171023862147693 0.483205257880553)
(-0.0707627458838509 -0.00264092285399192 0.474335813430598)
(-0.0585617399184693 -0.0366511440649769 0.456270648248468)
(-0.0805421033125922 -0.00949070288798112 0.450795109805565)
(0.0263356075047372 -0.186301315168613 0.22672605180815)
(-0.133934779628973 -0.180915498279978 0.158251864432961)
(0.126658369587094 0.00857277150371912 0.297525108689339)
(0.10132706903957 -0.018 0.275163047576246)
(0.130209261021848 -0.0201594361928164 0.285491387629518)
(0.10757090438906 -0.018 0.307046447904603)
(-0.0997789093843438 0.0240863582183272 0.244132215332021)
(-0.0821794364475802 -0.00460100866145363 0.262331394725375)
(-0.0701693588409528 0.0209671616896362 0.248872509411021)
(-0.111316079666384 -0.119212714622912 0.258528091300401)
(-0.130474168713098 -0.104809452448161 0.251611853010101)
(-0.109674681746741 -0.106491117199887 0.280282153961672)
(-0.11098844104158 -0.0858527058363581 0.261830720704555)
(-0.296086667039903 0.0224652698862458 0.0255027456628866)
(-0.123637108374715 -0.164940696455366 0.172206436391828)
(-0.114700075166022 -0.187676018861949 0.169400858240037)
(-0.136647300185801 -0.169311450392571 0.198053690041064)
(0.150119364736946 -0.1874954249268 0.214059736089089)
(0.0351303535703034 -0.187228534758001 0.249030591580477)
(0.0725485818832715 -0.188039488705333 0.217109904543659)
(0.0757871441636675 -0.17610574545422 0.235967990181032)
(0.0708798013202739 -0.180025585365297 0.112707953962623)
(0.0444444890425574 -0.182105698943478 0.123257107257596)
(0.0235038686224987 -0.177348532254375 0.314890631929764)
(-0.00246327910664548 -0.187988370982594 0.316063813360772)
(0.101233395358922 -0.123388045312253 0.168493233094697)
(0.126396502710813 -0.123747877982018 0.159758944929848)
(0.134660783116731 -0.126148244496237 0.195323518795527)
(0.118487672061134 -0.148 0.193805293388201)
(0.322454400367586 -0.186575569147402 0.0277082600599656)
(-0.0508026469432862 0.0125200332544972 0.221363671916675)
(0.328034572818499 -0.138812506345455 0.219290208268848)
(0.323957098981187 -0.178345909946707 0.238087262329872)
(-0.0882831141844331 -0.0498629010980902 0.102666529540393)
(-0.106911226518863 -0.0441851601144597 0.084992011744825)
(-0.104731233315546 -0.0650217827642127 0.108724005179788)
(-0.124863605904496 -0.0285925369887872 0.102044360596683)
(-0.106154307257433 0.0214797496359548 0.0668757248501005)
(0.232109881559387 -0.0763213464460422 0.233895239515973)
(0.256240519450052 -0.0720406246784173 0.254400322870819)
(0.230075029456608 -0.093636895383718 0.25195214877605)
(0.257611484681474 -0.0929324440872302 0.240051695843776)
(0.0926682139827891 0.0110274823972143 0.049583192282757)
(-0.0832960998957847 0.00406250118215978 0.0225255410103299)
(0.0358794320827081 -0.17282349823281 0.20477667834479)
(0.0263847671492055 -0.151553960160335 0.188797857511083)
(0.00828839827926956 -0.148 0.206752755389548)
(0.240406829596384 0.0220801842244224 0.0820710575461212)
(0.249743857424019 -0.0121136585110005 0.0860034527324603)
(0.245279590941492 0.0143866137061878 0.105010499267095)
(0.229751937146601 -0.0113966040665505 0.101842202923749)
(0.0493324977529086 -0.0416395652066535 0.0317986888907406)
(0.0720234113304507 -0.153219743122375 0.0374840865997473)
(0.106538922420492 -0.173403530666048 0.0236923708902175)
(0.100375639719577 -0.149955377367909 0.0241060571585063)
(0.0932717293699877 -0.170411892844417 0.0580288875448758)
(0.00621696135371375 -0.108558837110502 0.142303478968617)
(-0.0133686448797577 -0.122606045066278 0.1360743796307)
(-0.0203644276589054 -0.117287638518891 0.159212146199207)
(-0.0124679765190837 -0.0930191608557921 0.132333834123036)
(0.0325990976618357 -0.125002239589645 0.0223096944649592)
(0.0517685798034018 -0.0900628056460308 0.0228255723441754)
(0.0357551147966568 -0.103621081180319 0.0383295905129222)
(-0.0186821188627434 -0.032125248321013 0.220091665292448)
(-0.00836090487439805 -0.0592171002654027 0.229187173175825)
(-0.0224994403534583 -0.0409748013206068 0.241703524879901)
(-0.0371496613810482 -0.0556250968185059 0.230939894004272)
(0.111759651538325 -0.176314775423389 0.213917549695856)
(0.0768068981362346 -0.148 0.163952174641602)
(0.0802563610440751 -0.177892960246952 0.178149455307539)
(0.0888935184175241 -0.148 0.190374453775847)
(-0.00325606627996727 -0.145061453264073 0.0606107640712439)
(-0.0219794269979995 -0.144783771361444 0.0231541115706205)
(-0.0359881740025654 -0.145550853184338 0.0468322598760985)
(-0.0159352662247801 -0.123392372289763 0.0564806764410366)
(0.262834082132164 -0.153615507875876 0.0344797814163658)
(0.250242484990476 -0.133144859289925 0.0230150189242492)
(0.0522084097579335 -0.0569396530620763 0.189306481475756)
(0.0535875764456503 -0.0378192256000018 0.207924907098614)
(0.0541061648281544 -0.057185260243929 0.22276789978556)
(0.0808362961797792 -0.0382147593170994 0.213535502941737)
(0.278742796982059 -0.189479042205025 0.2733939829212)
(0.224996253712074 0.017747649276474 0.163914283414567)
(-0.0117436778179636 -0.155856519972442 0.103084404617439)
(-0.0153361603243869 -0.191290254400149 0.117235727253618)
(-0.0292319158326051 -0.171632220836484 0.110391611092785)
(0.104929802400284 -0.16505879777839 0.256058084190235)
(0.127042529884043 -0.169993391062866 0.251344657467792)
(0.038367594493743 0.00841219962402984 0.335115026505018)
(0.0597281552949504 0.0226777539144045 0.319929047198069)
(0.0308316071696141 0.0180016943903466 0.307231942963123)
(0.10545735740352 -0.189196946691864 0.158228556919025)
(0.13967841725041 0.021178044479613 0.135718322158356)
(0.00394909703009391 -0.02038322248923 0.386610492541458)
(0.0250004571162776 -0.0181402764321444 0.380178381810699)
(0.0045295758158196 -0.00317395251049302 0.367221284267227)
(0.0303309446908787 0.000557197276485525 0.390463120809363)
(0.0640720614339324 0.00884473187891646 0.192857395894663)
(0.197204310623119 -0.106180070919041 0.182853466462763)
(0.183923842151763 -0.0647651462201845 0.187965414196947)
(0.1911010805454 -0.0899863972026208 0.205041458878944)
(0.205895531947292 -0.0755243308548647 0.164049540504578)
(0.122313376558247 -0.10126627317366 0.0402542147352772)
(0.112907535678754 -0.103021137175978 0.064359712726974)
(0.135093196087489 -0.117550224864515 0.075116260673865)
(0.147995330429261 -0.0833482291405646 0.0618947945445765)
(0.191858956681204 -0.0322316438107622 0.0240604342068572)
(0.221218915580107 -0.0393244522257564 0.0274911375270195)
(0.201231722326997 -0.0515332404399155 0.0381968301433282)
(0.112627716955 -0.182283194950409 0.0914816812537904)
(0.116910488394382 -0.158008712754319 0.0429372537911314)
(0.0774915764077713 -0.14494258451069 0.0604849522929098)
(0.121795355876301 0.0165766235436984 0.120544731383067)
(0.0146694526966797 -0.167931676464046 0.0758165630130671)
(0.0252207926530472 -0.165490652785147 0.0993866918438238)
(0.124340519535006 -0.0674148677669444 0.144777118847899)
(0.135560098591185 -0.0362336077457177 0.154459450388604)
(0.124042512260953 -0.0357870604456775 0.132908737779533)
(0.111343352570531 -0.0499091536609649 0.154591948630257)
(0.154127913117028 -0.104287935970006 0.179223664747071)
(0.131898873197371 -0.0879905793204533 0.163000611257462)
(0.134546984602842 -0.106182313915809 0.140775855240392)
(0.0452003219007795 -0.175867690836285 0.332622990329857)
(0.0667797361669796 -0.188357173924321 0.313511989087254)
(0.0693461001489246 -0.191250077116576 0.352878556523877)
(0.233268712764903 0.021156119876837 0.13704394757442)
(0.276116791193917 0.000765617877244305 0.148043242916725)
(0.247384034799735 -0.0140477741541653 0.143962617549483)
(0.245346523161295 0.00109905593185645 0.12550022448984)
(-0.125358743965022 -0.103929400418683 0.449323905870559)
(-0.154553635185412 -0.135694038254037 0.441567248106574)
(-0.155235981565748 -0.107496109924048 0.472694902308862)
(-0.150769966993072 -0.101487752129306 0.435184634745598)
(0.0560989584458692 -0.0406444586861525 0.147936755642597)
(0.0373094526444133 -0.018 0.181977481721967)
(0.0309787486396854 -0.0379894348691407 0.15543614896288)
(0.257322844466108 -0.16526394882855 0.282093738838937)
(0.294151624774898 -0.169714524482762 0.278517437771694)
(0.293262464325895 -0.179614771269676 0.304000789300744)
(0.273112811461137 -0.189847823307597 0.295818304232212)
(0.0311993473291267 -0.165976781765865 0.169889027129014)
(0.0442392455027111 -0.148 0.138533281978267)
(0.0170584120726639 -0.157897042999591 0.139568345799837)
(0.019850149053259 -0.148 0.163806703959802)
(-0.0513575115199228 -0.190195421058405 0.181552089113732)
(-0.04339271235915 -0.186799467377642 0.203819424776647)
(0.0178567575938792 0.0191335075302882 0.328905776621199)
(0.0380987688997861 0.0134261860998593 0.358130258393385)
(-0.243160725558599 -0.178584778550003 0.0593672805039174)
(0.0293590088732979 0.0263471569430424 0.379184330189183)
(-0.108882150714561 0.0198096030358011 0.0434064037094846)
(-0.235671810369561 -0.177154081802264 0.282884700339116)
(-0.206400690865034 -0.177349346469234 0.258109245737382)
(-0.198657651989238 -0.186719190409897 0.296187578089451)
(-0.148871815629305 -0.111074210038017 0.202332464007642)
(-0.126676586541956 -0.127613032225407 0.185851338874991)
(-0.140758065084777 -0.110729801490614 0.176339057052468)
(-0.114314387461844 -0.105624268340252 0.181069822188658)
(-0.107360588321368 -0.0282388471632477 0.131158897163114)
(-0.0863280492218509 -0.0366939035787308 0.158960674290414)
(-0.109652369567701 -0.00469736748509614 0.140036516153245)
(-0.248503591658574 -0.0335315407101451 0.0365998998638038)
(-0.278450338455332 -0.0189157916653914 0.0349645072390346)
(0.20965041588534 -0.0508404845283101 0.477323371047839)
(0.187894930747861 -0.0635825088294905 0.479609561686923)
(0.129573650483623 -0.189359179330579 0.0719474052059423)
(0.15484287090381 -0.185880876215268 0.0876091387605713)
(-0.0358861124193829 -0.145472712511054 0.106828112031752)
(-0.0503380550889782 -0.139355890264332 0.0852901355080028)
(-0.055890882082063 -0.173088252066084 0.108699099230597)
(-0.0595926754226717 -0.143273190139344 0.108649464231528)
(0.150585695371256 -0.156837647099029 0.0269033355718922)
(0.134704379244508 -0.154219985224125 0.0626742417452255)
(0.150060268364543 -0.175330518840703 0.0502974889996612)
(0.198444479392273 -0.178880658361326 0.264135200617931)
(0.225441060109977 -0.187278850486527 0.283149243892347)
(-0.0414201560065693 -0.0594322851461934 0.162848609808249)
(-0.0388021671673398 -0.0772475114451808 0.194501568361811)
(-0.0391658116522101 -0.0384431447829316 0.177443337341703)
(0.135669857130871 -0.167667750226654 0.168215194256447)
(0.213675420406723 0.0177847912816133 0.111073770567819)
(0.163033244118947 0.0109073341620614 0.11357230186568)
(0.16387065727687 0.0163352225215431 0.142968515445754)
(-0.0570105113634405 -0.0170253815540858 0.09096670507537)
(-0.0624183043352202 -0.0524755434609634 0.0967551205304865)
(-0.0818203200905158 -0.0438507728099252 0.0699286526820017)
(-0.041771106888817 -0.0468966175990954 0.0724976726455248)
(-0.0128231641017393 -0.149470854940156 0.151648185825392)
(-0.0274400045098261 -0.141928390644918 0.12935706384172)
(0.00550423847086956 -0.140175947445862 0.124007885860138)
(-0.0119982379397736 -0.167528796764113 0.130955770084367)
(0.0498616638725284 -0.133501203040723 0.0581385528557784)
(0.0609350861171474 -0.107165869662192 0.0407082809322358)
(0.047286278059815 -0.149437180321862 0.0221398798144381)
(0.0400135776047477 -0.190326312269529 0.0687271401071556)
(0.073899522428652 -0.192962636442151 0.0590169925814493)
(0.130147534947042 -0.136573732516861 0.0266738716796384)
(0.117133260037534 -0.132526106045035 0.0559448324292281)
(0.273888374551949 -0.0415028459072775 0.462410921551799)
(0.253083717610519 -0.027015540374944 0.475660544132397)
(0.285863028820883 -0.0241311004121927 0.473354216846798)
(0.273519948055885 -0.0290642465321984 0.441481556490268)
(0.176507549864513 -0.0377611636027293 0.321091286899026)
(0.168338409633195 -2.50457955047558e-05 0.317307654627291)
(0.165414407570314 -0.018 0.34164861599907)
(0.235303228581526 -0.0842744424318918 0.070999089518322)
(0.224230034232561 -0.046545075759421 0.0813650740224907)
(0.24131245959036 -0.0565205123900152 0.104514294099721)
(0.24771415080642 -0.0635381945881517 0.0700060216603519)
(-0.0371956147196414 0.0176219850324016 0.107369764821235)
(-0.0519954276784358 -0.0970923937477834 0.0220708002714656)
(0.0367088178812939 -0.0615310977466305 0.0665692645498737)
(0.0413853927479151 -0.0728850535118614 0.0419232144823177)
(0.0230358126747248 -0.040163983933299 0.0310403534152076)
(0.150618389324076 -0.081171955273936 0.39205819008461)
(0.161564917143582 -0.0666907659505519 0.419164983594244)
(0.13084037129754 -0.0485015011432777 0.415797591942815)
(0.121125469487789 -0.0806739050538031 0.411980308467605)
(0.0946951821909837 -0.0975309808431592 0.027524781549145)
(0.00880886991045621 -0.172883939857876 0.210891882949634)
(0.305976959513823 -0.0976611909514069 0.364701679954453)
(0.290407078154885 -0.0950805164107694 0.397055495169788)
(0.313611854170397 -0.0982147325419415 0.387325672486337)
(0.287708698931955 -0.0829732629809849 0.360686064864934)
(0.301603414282054 -0.0246704780554989 0.142080375616836)
(0.276499601028815 -0.0278261072058687 0.123193520697228)
(0.292842603967911 -0.048558265504034 0.132961397620219)
(0.281564574855997 -0.0199793484517551 0.160451532909822)
(0.197130855654801 -0.166738251844526 0.0295277955064069)
(0.170345775534633 -0.185126005950997 0.0365399818027599)
(0.229670622245088 -0.187165882189914 0.0290063648289568)
(0.209391828560092 -0.192237956600541 0.0611594458656189)
(0.270547592939461 -0.0221567058885946 0.0896483013889115)
(0.252722902301481 0.00563799727126264 0.0688229463785445)
(0.272637330061283 0.00311243148062148 0.0957538075961555)
(0.27324416547445 -0.188970786213564 0.0516330252859463)
(0.0754938589308568 0.0261021562142363 0.0588191706081432)
(0.0396741109191283 0.0239346921772418 0.0696745199109316)
(0.00276811444447455 -0.0727134653555386 0.109249807253317)
(-0.0297374681677973 -0.0603722038141964 0.126553333606963)
(-0.0317886901784271 -0.0542970280532634 0.101952430451154)
(-0.0230181459490048 -0.0880502672849942 0.108303099298173)
(0.219764174407101 -0.123724197678093 0.0274911375270195)
(0.144392122572032 0.00879624875923796 0.0567342867611299)
(0.18495445844861 0.0230170015260312 0.0233700595267167)
(0.0958744819221699 0.0235481734479806 0.22213222081067)
(0.0987566622126564 0.00952554863927134 0.251944053995478)
(0.0837967977314294 0.00395561502746144 0.219629464051304)
(0.2976852188769 -0.178748190530626 0.0738423228034968)
(0.310552067452205 -0.15920045749865 0.101352505475657)
(0.273207468375066 -0.167483711120257 0.0689638799320435)
(0.286506937057889 -0.156430045840463 0.116828834222072)
(0.259106916741135 -0.180900011948364 0.131562443296461)
(0.103573994304557 -0.0315081811852185 0.0281692632208087)
(0.137512987752604 -0.0398579178165661 0.0309473972722883)
(0.190151695737129 -0.187236681352191 0.214208585135826)
(0.180662599736315 -0.185233369001974 0.250673306545522)
(0.322739786358547 -0.12537029786092 0.0721209734882504)
(0.301982797168872 -0.13894360916546 0.0697296187920005)
(0.317930395346082 -0.161663237201451 0.0770781717784362)
(0.325523300755831 -0.133358798010685 0.0984551459964296)
(0.256827577432672 -0.0531403059349304 0.472021174109509)
(0.277796042131152 -0.0638192348725662 0.46417299668098)
(0.274925285182857 -0.0411549223390409 0.485989349610865)
(0.135429994665241 -0.165537772156949 0.115257765522136)
(0.100778101111717 -0.166556374484579 0.110278171653785)
(0.10973831692473 -0.149140235661733 0.121505157128825)
(0.12701817146835 -0.149960151969472 0.0913912731504258)
(-0.00959045606337533 -0.151525086349094 0.223947721517231)
(0.200236704245664 -0.183528963685252 0.160414352221886)
(0.191485411730553 -0.188189965825141 0.183974854027332)
(0.328769722124896 -0.0305767972770446 0.340772803354659)
(0.316283458644748 -0.000680593316782609 0.357510476988923)
(0.295976100152914 -0.135946435676182 0.106272516552564)
(0.300006125706555 -0.112391054862606 0.0692713813477289)
(0.242398435502508 -0.064355516335692 0.0204433714840212)
(0.262796872000617 -0.184782389049257 0.174632786839556)
(0.0956215580877521 -0.064184473693939 0.169965599808909)
(0.0738712035879416 -0.0537451330524156 0.16835611158486)
(0.0816803286343909 -0.0398406002527737 0.148554925611857)
(0.0810489448893261 -0.083 0.153816575724351)
(0.313894782426463 -0.0717851179230037 0.0277107443741909)
(0.281130595377103 -0.056419662406047 0.0206070229150438)
(0.32599493934987 -0.0487785323387068 0.239913080460835)
(0.32940469105951 -0.0116194429515905 0.218031747220183)
(0.320263511449592 -0.0405767584655446 0.20956846963345)
(0.0282780400326366 0.0269973111131687 0.270474143629095)
(0.0120718554601384 0.0189551351250395 0.288156655189831)
(0.162765022615167 -0.116015483018944 0.201306678289647)
(0.144146882002952 -0.115204840434863 0.234196641671488)
(0.14285553574407 -0.148 0.214589860535418)
(0.322317736217791 -0.0730635021183376 0.0523857662837784)
(0.320844562931041 -0.0717623247298367 0.0903268107289996)
(0.302045314522328 -0.0153984947179644 0.197742744127461)
(0.29891360104699 -0.0463087064888289 0.19640480814526)
(0.320632624834892 -0.0392563098598198 0.176264208712301)
(0.140511940415749 0.0238029663311722 0.106262561814389)
(0.217196043444652 -0.0709579611327506 0.0244912351301468)
(0.187693450756463 -0.140651533467489 0.0435770530781727)
(0.182238294643109 -0.139197054739975 0.0206244892542239)
(0.174070782694805 -0.160042338187627 0.0274978414832795)
(0.170715885967807 -0.189813666699385 0.062639318249702)
(0.188015330555668 -0.167314406487405 0.0542596413053304)
(0.158182852026324 0.00625803203550633 0.178789698823019)
(0.190623350253877 0.0112316420185444 0.178020291927286)
(0.185795840863163 0.0215657892761406 0.153509921752425)
(-0.0248658678992747 0.0189538081573643 0.0426565505545955)
(-0.034862754929331 -0.00104544568660056 0.0324587490094582)
(0.125714185875095 -0.188421479121609 0.123542238648768)
(0.0266711514199982 -0.0632588924041983 0.175582811944802)
(0.0533546494819528 -0.154330467780983 0.363513195115593)
(0.0614711674585892 -0.168568875045501 0.347193517631124)
(0.0645121592166852 -0.129176466255047 0.344823011808811)
(0.0880820375159965 -0.148 0.344177022036904)
(0.17535675877322 -0.0726015033007883 0.11607475823353)
(0.163541135048107 -0.115274495206649 0.106628113543301)
(0.147320731496252 -0.082659730068275 0.102443436257089)
(0.166818430885871 -0.0815648382158687 0.0894580540821251)
(0.150530085901194 -0.0618009054434349 0.151080912489867)
(0.164000470329495 -0.0533505162027014 0.123335695642008)
(0.168020084425942 -0.0453470774439231 0.14922243844957)
(0.177762675267054 -0.0854756500350907 0.136542172138977)
(0.148015506125816 -0.080486016838105 0.128356092672108)
(0.294004856366013 -0.017451308319062 0.432234198641773)
(0.319092777734005 -0.0267326046909664 0.452868077986563)
(0.326138632525115 0.0216784189893316 0.239224328524305)
(0.145694795616157 -0.167263064595753 0.202231164446785)
(0.172012923161951 -0.158994233955702 0.219877936752342)
(0.153327354491774 -0.148 0.185660397153046)
(0.0430836788918488 -0.180879671294605 0.0926625426309805)
(0.0278634225920169 -0.0794314252153096 0.11011979216163)
(0.0616421686246308 -0.0875348170947345 0.130826219317086)
(0.0461695620326718 -0.10904636601006 0.12577412966259)
(0.0477711820519902 -0.0993564521136918 0.0869860580160705)
(0.14296411112136 0.0221737198811886 0.32283364676006)
(0.156603269858399 0.0207589036655698 0.302648496530259)
(0.228702220087283 -0.0812397413281174 0.0465740833704462)
(0.223162681945252 -0.048082824544395 0.0505608883269284)
(0.0987218504048087 -0.145536365407797 0.143647169282031)
(0.0784053487341521 -0.112635736844139 0.131720288747813)
(0.0905324645366179 -0.119841875410843 0.105675981563578)
(0.0839687800180682 -0.149437951055892 0.124768791066331)
(0.0556975475749737 -0.0777859556720257 0.0651237418377977)
(0.035230698181087 -0.0947615324731426 0.0633623994272591)
(0.131535146458991 -0.190279074331812 0.145332771628072)
(0.152202571151485 -0.189520222034891 0.160695396452791)
(0.129928867647957 -0.166667964213192 0.143479035054594)
(0.257306486703143 -0.0471175676497162 0.0316534427073801)
(0.0225576076508272 -0.190450979978361 0.16919850318366)
(0.0107003654559277 -0.180124821230331 0.186895470209394)
(0.0817962983701206 -0.166907646161097 0.206316180688455)
(0.20797690498008 0.00524254752623579 0.144177495540322)
(0.192582570708589 -0.018 0.162861217894195)
(0.310331075934656 -0.190534795408232 0.320814198165599)
(0.283002451171864 -0.116599961575213 0.375680489183481)
(0.259315724545437 -0.0927838543776806 0.357321384747491)
(0.263138417190698 -0.130357399258896 0.349905748169496)
(0.249328055421295 -0.115650931280566 0.372412314886488)
(0.292009433108249 0.0249769502397718 0.408225832611656)
(0.267094885393196 0.0203215203249045 0.387172969944805)
(0.114910410092493 -0.120815820427407 0.215527238433804)
(0.128087348852003 -0.145846713878318 0.234314018908051)
(0.101050411771958 -0.148 0.235220803107084)
(0.294742797883908 -0.158122705916603 0.0534958182782419)
(0.259861501952656 -0.147248510491067 0.0604634565721433)
(0.278890085056091 -0.133397690551144 0.0461613156456247)
(0.0557717369233847 -0.121621730806493 0.485066747372364)
(0.0452229655676361 -0.0786926097683133 0.47204401290716)
(0.022396585114247 -0.120209237747885 0.482028837055498)
(0.162966965106461 -0.190164625437118 0.137546283733788)
(0.183454965126723 -0.175171245178497 0.143400846995634)
(0.161998316454694 -0.148 0.154943106949316)
(0.166970719066251 -0.0398048703980719 0.209252250394462)
(0.130837396165148 -0.0388278523997649 0.183791538512143)
(0.1366896097822 -0.0418109169709761 0.225723877434566)
(0.129948859322752 -0.018 0.1966321121814)
(0.154778163496954 -0.00993872825284138 0.290857130132702)
(0.179254220165954 0.00123444628086982 0.258999150070588)
(0.161498335777706 0.00896013986488195 0.274549585949608)
(0.182620485004958 -0.018 0.290493910192624)
(0.23423462403114 0.0229237039919171 0.337026106963766)
(0.260073440968382 0.0157582153721614 0.310617264084025)
(0.229519654015739 0.0160879189464327 0.311546776290157)
(0.173111417724986 -0.187632021620313 0.460673489316947)
(0.141265224409198 -0.187013224306858 0.486635205297451)
(0.14139326353609 -0.170375936217931 0.450091675799211)
(0.0282462930485597 -0.130276919849708 0.207528176967398)
(0.0651286825363939 -0.123811534593944 0.202835180199553)
(0.0522111496158962 -0.148 0.18182825265143)
(0.211567665502879 0.0251003395461867 0.328645842323141)
(0.212628036642484 0.0218081483536935 0.292569562050339)
(0.189009640927889 0.0217710313611128 0.305128358508313)
(0.165721598877271 -0.186960251465664 0.196000300951903)
(0.105592940608646 0.0207592281964125 0.348373307899862)
(0.324771785487684 0.020616719607805 0.409071782667814)
(0.314407183065591 0.000669585760683082 0.421972216246424)
(0.277905582283582 -0.0716092662491103 0.077000974907683)
(0.258982485066492 -0.0802660653344488 0.100221535911123)
(0.258106154620793 -0.10621150685138 0.0726369022050428)
(0.246835996026603 -0.107834190768547 0.114752932965553)
(0.23326778618092 -0.101445191428 0.0900004852346567)
(0.230671257641776 -0.0747452298964286 0.128516816389732)
(0.316066501821153 0.0220353469043385 0.371915238363539)
(0.313881742556075 0.00358226502249495 0.389964104117968)
(0.193327910007073 -0.182694320027356 0.11071008584682)
(0.152072614374862 -0.172715529915969 0.234100397978835)
(0.151206052140266 -0.148 0.248615238976939)
(0.141364568903803 -0.148 0.132743203438065)
(0.242092990776897 -0.191494142042261 0.349218722711935)
(0.270457907431444 -0.17492119239915 0.366223506546347)
(0.243826984124613 -0.180465569676189 0.368635028103279)
(0.19302761475171 -0.0996796435949553 0.152929898785184)
(0.169429491629475 -0.083 0.164108272286352)
(0.132554349308371 0.00755950218318629 0.270578082592418)
(0.25471770222657 -0.06429387825898 0.448954357942974)
(0.202948671386744 0.0214449182833458 0.265457033084585)
(0.221192380396539 0.00963792717105241 0.248772874406767)
(0.237879326971275 0.0231550502280272 0.268227040957899)
(0.224523117170852 0.00542400860875181 0.277348121042517)
(0.315219237983126 -0.113387097611836 0.216856244583351)
(0.320263511449592 -0.121288197167494 0.195722794088975)
(0.328504906379148 0.0208295851335118 0.26457018780297)
(0.263414402105837 0.0267582380883545 0.0886775287447987)
(0.2769529498955 0.0182123316014171 0.0664993809744013)
(0.294450792432349 0.0274284654148323 0.102578411681976)
(0.213418322860606 -0.187301975796072 0.475287526458635)
(0.241909045930357 -0.050118974555811 0.269488861770554)
(0.258688431108409 -0.0348693526198909 0.279342627417797)
(0.286841967914663 -0.0453976440334249 0.258808054707186)
(0.251831639986461 -0.0252753545023535 0.259531779660123)
(0.306685871210569 0.01216981038716 0.336274809564423)
(0.280096358314919 0.0231163617955568 0.349830205710262)
(0.075860030559154 -0.186318864853799 0.378795842334754)
(0.0834616651934859 -0.175374807610747 0.361606530017258)
(0.0999976187650365 -0.187458215020155 0.380063048188857)
(0.296846700601375 -0.101564544159412 0.274596595112672)
(0.284647363246286 -0.110688028061387 0.2936422298942)
(0.305912229372577 -0.123038082702949 0.274128644659704)
(0.318140764454081 -0.118630710616906 0.302811420819035)
(0.280440501031113 -0.189685328736026 0.322984283901965)
(0.221837048749167 0.0192084537987194 0.191772210275532)
(0.27922592551113 -0.0439140672177887 0.34643877434362)
(0.268053357586926 -0.0565866810184976 0.327069855669056)
(0.250759146622145 -0.0250916455077062 0.32112333130106)
(0.284608060845237 -0.0157469517274487 0.331524761704725)
(0.233833327099871 -0.0461229999812486 0.448102603489818)
(0.25335635800357 -0.122171464389337 0.0543238549833288)
(0.28917388298061 -0.0906334281493916 0.0614005981103318)
(0.242499064898999 0.0150467419096191 0.369084424940541)
(0.327852594700394 -0.173838218838399 0.264045947492266)
(0.269584663794122 -0.186063334835636 0.210928862601909)
(0.290787160457537 -0.192194583150079 0.144999584652935)
(0.328036861278445 0.00157998221272381 0.190724866334414)
(0.32320110107977 0.0117746621824203 0.217019901895274)
(0.324817135883936 0.0123563035979495 0.13325811688733)
(0.293157710015998 -0.00373639771448313 0.129364645035317)
(0.298121201798308 -0.00414086663804489 0.153560577048814)
(0.305123426753706 0.0186786494256494 0.119731315702398)
(0.193540165404344 -0.0488379611809758 0.277131851183469)
(0.213295925402983 -0.083 0.273862791770798)
(0.22736204865539 -0.0606339717678208 0.286059554814255)
(0.209691690690179 -0.0761985996497468 0.30611010093227)
(0.237478149632574 -0.19025609700304 0.220595972275493)
(0.256294264894304 -0.178404774602776 0.236163714761548)
(0.033466329392171 -0.0186813280074985 0.0389167062694053)
(0.310671634012808 0.00294694021235833 0.254356528134607)
(0.329007341855627 -0.00914344330862082 0.168691729459714)
(0.32192474296694 0.019483588492288 0.158122745471599)
(0.318860570202047 -0.0648500217592494 0.219213917804807)
(0.307468025164548 -0.0181606578832026 0.171116892473913)
(0.314213831733506 -0.0148825704344926 0.241418559738193)
(0.300048721216338 0.00768596640586788 0.230610394881248)
(0.266696160037786 -0.0546714755857158 0.160671161312786)
(0.301424065015071 -0.0670136636162811 0.149342747986233)
(0.291659434231833 -0.045599017192975 0.16662346436079)
(0.300158794572931 -0.0856506313813644 0.16298470149545)
(0.159492957915242 -0.107029979229652 0.154646576314224)
(0.176790878666693 -0.064611137616015 0.213154426322208)
(0.203089568307491 -0.0603397046666151 0.211654422091918)
(0.327538918689621 -0.108356982488722 0.276809730096614)
(0.174267504324351 -0.0173338916876372 0.229529635903484)
(0.191504312483113 -0.0557715948027559 0.240688101294319)
(0.153224762653882 -0.0559126777318065 0.246030649635904)
(0.31650000084432 -0.0891346471702485 0.225765366109489)
(0.286518441389348 -0.0871271192108026 0.291729015170872)
(0.321010589633106 -0.093406209914844 0.299948762258593)
(0.29557893011505 -0.105689598684703 0.329161030672722)
(0.238565333535583 -0.190151144791736 0.0585143048291826)
(0.223365776129164 -0.169477196580949 0.0524775798483673)
(0.116076088820341 -0.157474715798727 0.15971918128014)
(0.12473283745353 -0.127295801495547 0.134135127994195)
(0.0713430909470025 -0.18773831420466 0.452134966658522)
(0.27744205641312 0.0236754541367763 0.229609880770423)
(0.275072961537072 0.0238602816687413 0.256434139361321)
(0.0696915332334963 -0.0158891165184524 0.205142465611035)
(0.0928370216820921 -0.018 0.193820504047126)
(0.0967328247246723 -0.018 0.233708480858634)
(0.322344882102225 -0.185105766547711 0.12530633506187)
(0.327951295591995 -0.162255534614681 0.142947435268492)
(0.313136646838341 -0.0851041247541987 0.340173139675773)
(0.327037596607636 -0.0967494413557779 0.356190981133628)
(0.321090007993744 -0.126012541246886 0.336418020531285)
(0.317772304684197 -0.0647381689679974 0.195921682431771)
(0.317214999579654 -0.0706274613250725 0.167979545306684)
(0.288515244776788 -0.066729972294408 0.189690077675967)
(0.325273920080718 -0.113166143615938 0.0221857354195879)
(0.222535802093787 -0.0437639310310596 0.114288246634367)
(0.238132311408761 -0.0285999313634478 0.12466731921592)
(0.259113018706475 -0.0385687975083887 0.101953632235992)
(0.231746337339604 -0.180062679684577 0.149155500905485)
(0.221994375877182 -0.182426164390556 0.175357754927983)
(0.187450236981829 -0.162260332692009 0.40180380703253)
(0.219337565929192 -0.153412583149359 0.397516933457306)
(0.195374336105136 -0.182175596824505 0.389321790851478)
(0.202269631726836 -0.148 0.378194085528004)
(0.163772410181582 -0.078524964126099 0.199480716658649)
(0.302659053592759 0.0070550200857857 0.207120201347708)
(0.311430531032872 -0.0848569496463608 0.115184732048435)
(0.320716422425042 -0.0914164357488751 0.137170695277957)
(0.311021652595975 -0.119355298556169 0.133568692526577)
(0.262271581397612 -0.0433401793840041 0.0776252466028952)
(0.266411122874827 -0.00993024808138959 0.0545811681871976)
(0.292189949432625 0.0251594335438661 0.164929433334164)
(0.282132590015401 0.00576370833904329 0.176264960745904)
(0.111823851094014 -0.0999160816690139 0.12963487526683)
(0.10583032645184 -0.112458183143889 0.147561913815208)
(0.25437858777712 -0.15847373772132 0.113967495557731)
(0.233307385030263 -0.183627606854017 0.104435674279978)
(0.270683437039534 -0.183105812206158 0.0988008995489678)
(0.312693493289342 -0.0796449587364075 0.278394610400526)
(0.326257727218992 0.0212509483497179 0.449732350705703)
(0.302217976810845 -0.0428668727657243 0.231307298883936)
(0.213028031270247 0.00231313258123959 0.0928336111560256)
(0.222744637819642 -0.0694514872643229 0.205304304530846)
(0.210727436674045 -0.0531285623120259 0.1826016139512)
(0.226764682498995 -0.0434713615025354 0.199456430126695)
(0.230340975177692 -0.079681817592063 0.177264632236033)
(0.153162554647512 -0.083 0.254209410679119)
(0.170432192362539 -0.105078839800165 0.222634918832264)
(0.129101202478017 -0.0884659707988232 0.226821327889319)
(0.171028341992145 -0.0818720608555521 0.232398614539523)
(0.303498942181847 -0.0590690975395648 0.108224625645346)
(0.323221879543717 -0.0423964752807666 0.120245452673188)
(0.327426907295281 -0.0653283537878521 0.147925557594783)
(0.32205099778142 0.0210843366361075 0.0997842346673352)
(0.32301728555135 -0.00800814758757318 0.121137811605424)
(0.31541164452139 -0.0494353668675006 0.0704194265823478)
(0.262796872000617 0.0198822038121623 0.173716233777081)
(0.289098412264676 0.0234775534768603 0.188900716014564)
(0.273037177968121 0.0124849761929518 0.0256027663021677)
(0.287076490517427 0.0238513441893252 0.0430089255247071)
(0.326957770146857 0.0144955175097553 0.0603772702925818)
(0.313971926246157 0.0196136539850021 0.0301030776572123)
(0.0845082143787315 -0.0596537576367857 0.23254494983518)
(0.114757297183952 -0.0795734490481436 0.207255895971137)
(0.108264768765117 -0.0590800639032157 0.233212044171083)
(0.0982933712395054 -0.083 0.24390410849128)
(0.274316183270158 -0.012992191376499 0.0231993133696211)
(0.303176961753157 -0.0361150865670527 0.0223456950245614)
(0.0194044339294655 0.0190478787393014 0.084309866114184)
(0.010214481026057 0.0146738301213603 0.111226440408698)
(0.234941761384959 0.0210956984652133 0.0569852373776186)
(0.263446533873508 0.027891842624439 0.0516353018082842)
(0.256083379640439 -0.0254642629095186 0.0261417787031381)
(0.233697731474097 -0.00301537714864189 0.0285518082776521)
(0.249392614589046 0.00765300954694019 0.0424077452848014)
(0.0260194708769539 -0.0107060573654948 0.0882946463481683)
(0.0499403901370649 -0.0186852249117598 0.0950281786005039)
(0.0484505054998446 3.41803416312683e-05 0.113728032895643)
(0.0291315164907363 -0.0185501424511782 0.119556608309749)
(0.322400639589401 -0.145736959444834 0.451757978884599)
(0.263567738892215 -0.118826034607211 0.237267997371675)
(0.258419719539365 -0.13477543887704 0.253212535491975)
(0.288839390905813 -0.12562637894279 0.255050550533171)
(0.267466774056059 -0.112219159939913 0.2760095351725)
(0.212733112623197 -0.0829511625688007 0.0913606586072723)
(0.208373297069583 -0.104952118558374 0.0744152992525144)
(0.196079210390087 -0.114402104946251 0.0929292848205728)
(0.0578495866830767 -0.0209404900266373 0.0471504368587691)
(0.230379206692289 -0.152665505692235 0.0690099321712781)
(0.255599859197043 -0.161269458663531 0.0861356796082663)
(0.247722052968285 -0.172619050819018 0.0424077452848014)
(0.299504342516053 -0.139510601311908 0.13388240910286)
(0.266730229271917 -0.135183460724651 0.133763108880614)
(0.2861768090087 -0.164879855505119 0.143309746606008)
(0.286468259680118 -0.145437173622729 0.160329143255234)
(0.12007769897108 0.0219488131504348 0.0658097070737452)
(0.0969744280186786 0.0269665916063245 0.0722542256707526)
(0.110491622029113 0.0178900452661539 0.0914816812537904)
(0.077480751193382 -0.0625440687945644 0.0218423575078135)
(0.167790502621289 0.0106334411069189 0.0648267695094029)
(0.185884052185913 0.0187620993572309 0.0478931433263635)
(0.168151905077395 -0.018 0.380726280135999)
(0.134713275708129 -0.0444150776054246 0.39223075381399)
(0.125154315324684 -0.0327403942807539 0.366857346222158)
(0.167224502409522 -0.0436627389352545 0.370190811106364)
(0.0317179135002206 -0.138095611761359 0.0793573251569625)
(0.0187630895080804 -0.120588387102114 0.0578005784998683)
(0.157209532083741 -0.110560020583341 0.0803233748888911)
(0.284722519764223 -0.0185358705329832 0.18410487455393)
(0.310195141407723 0.00793329606826326 0.175381025171675)
(0.231713483532729 -0.0905614077802488 0.425833088407176)
(0.238258400532042 -0.0974033637474445 0.390420446192198)
(0.224026380506845 -0.0740617550768239 0.395811508975558)
(0.254296996247524 -0.0830916087526505 0.414334500470911)
(0.168666471940791 -0.0948755593684959 0.0303699727988935)
(0.142661464502696 -0.10716193885496 0.0213128813117602)
(0.134775284859157 -0.0818562165574286 0.0232717208963778)
(0.18117288541747 -0.01151619032106 0.091441144348719)
(0.206207160610661 0.0202943475396189 0.0826052005672236)
(0.202685055908867 -0.0148900536642443 0.07727726434538)
(0.192195740460931 -0.00955342867219709 0.0576639284192409)
(0.207717886520872 -0.0568366864783548 0.0680947991186286)
(0.193457265263612 -0.0494021049462509 0.0971689463796229)
(0.199344013716759 -0.0605675019237879 0.139750912930142)
(0.152885377508641 -0.0424135365854803 0.0622646183102755)
(0.167609873723066 -0.0437829915493439 0.0318196795882778)
(0.167579918387602 -0.0647029900442508 0.0614778146573168)
(0.169373242962261 -0.0703325299032978 0.0294285974459168)
(0.191374537154479 -0.0649261493534218 0.0540817731975283)
(0.282496937367418 -0.0715603901266101 0.042156192937692)
(0.296468720338961 -0.064399552145738 0.0608971870469962)
(0.230289143718864 -0.103166050965905 0.134797508865699)
(0.259876301166113 -0.0729855696902276 0.133699669920555)
(0.1819227138446 -0.164733875129728 0.0931557304711932)
(0.211488983909923 -0.178001009265606 0.0907606357139576)
(0.188956613447105 -0.184028739658883 0.0832147837056041)
(0.124163898671217 -0.0777936377874104 0.0978834906576028)
(0.137281860685554 -0.0541878771730891 0.120899768403176)
(0.141243433871104 -0.059687331964101 0.0925120963289531)
(0.239457053608794 0.0204188348772391 0.0240428497159216)
(0.289624659711895 -0.0572426428622459 0.365572247107028)
(0.286502807199076 -0.0373349702619714 0.385935922150746)
(0.252651331870103 -0.0506509312805656 0.381491167188772)
(0.322419955123122 -0.186702196322959 0.0714412840133104)
(0.308978536714423 -0.185674856412752 0.100191879308402)
(0.0973021103532448 -0.0466175299544946 0.116860906950216)
(0.121098917234729 -0.075558231800764 0.12434056193831)
(0.209282769538865 0.00533343336919896 0.219585612074325)
(0.21941110341003 0.0232270036068272 0.230821588054775)
(0.20529924116451 -0.0302892082828744 0.1036380588351)
(0.170741409870231 -0.0237286929946013 0.112113002560817)
(0.197387664180702 0.000356545179047422 0.113119683553502)
(0.243439654513108 -0.0196521679008484 0.0446825246017625)
(0.221802047862105 -0.0140641865114894 0.0622307960517367)
(0.237248350398278 -0.0332039813591178 0.0633909337470509)
(0.145931982230881 0.00431397956165213 0.0296768348723974)
(0.173809317789072 0.000846228289085585 0.0286144894084919)
(0.113368856830894 -0.0522831949504092 0.0967151402339835)
(0.193490666339401 -0.0370810687506002 0.0569990132410624)
(0.195062096580334 -0.0781897295382808 0.0274889882988069)
(0.209157518309554 0.0203791284771953 0.0264479873160613)
(0.157698311966074 -0.104071820650636 0.0506720363755446)
(0.144552028957279 -0.122725143448738 0.047615385625789)
(0.143212600154626 0.0215514791124079 0.0824633308519318)
(0.0740646267073268 0.000140862752370988 0.138741105214338)
(0.0615113751250215 0.0225614493770163 0.135414167006328)
(0.0486167926610781 -0.018 0.136467438968118)
(0.220033258782207 0.00733424489800805 0.0721530394893315)
(0.217500690115906 0.00824872185853558 0.04815552921742)
(0.13539237565692 -0.0134290358978442 0.219038257928555)
(0.113595648878203 0.00945332696145215 0.21445801549993)
(0.152085557472004 -0.00407009680294963 0.200624605094738)
(0.0774854058631065 -0.00799623383563924 0.245018756078187)
(0.0704409023047364 -0.0421592927031309 0.235305556991047)
(0.0676052449172078 -0.018 0.228093297645223)
(0.176109104561605 -0.0111389292436062 0.206552894377667)
(0.149350263624076 0.00437764003955591 0.235722657609199)
(0.225714443680132 -0.0511932487920046 0.163070132649216)
(0.320048242423275 -0.0495910880604015 0.0297155356887163)
(0.106610649593499 0.008622932227604 0.0231506800647424)
(0.129335793139554 0.0244044241472588 0.0296488313521166)
(0.122103355134681 -0.00137899493993674 0.0492016160663095)
(0.249091841250665 -0.112787739451132 0.150586492010706)
(0.266570848872795 -0.104087483339706 0.129861027401257)
(0.323114229756079 -0.00160263510086768 0.0803431761077212)
(0.32677096308774 -0.0200232201753791 0.065796390921326)
(0.32066505219803 -0.0255222848819732 0.1013080660862)
(0.1276205718261 -0.183389069339158 0.0409978834860277)
(-0.012018168701069 -0.137660984330969 0.0842503184629552)
(-0.0253590353526192 -0.114542066710528 0.0976895939368432)
(0.308443575072911 -0.0117426278973595 0.0232825784331386)
(0.277261315079388 -0.0278242571773628 0.0488862207805564)
(0.00120590628971035 -0.109534946304087 0.166861561099357)
(-0.0201988348862486 -0.103087083104403 0.197926803803038)
(0.0191503651795397 -0.105643689632468 0.18567731671609)
(-0.00555656113277993 -0.083 0.183194170406377)
(0.211113082147833 0.0258347361302865 0.0611594458656189)
(0.101806944373267 -0.0276970786255798 0.137951291015846)
(0.0629339510876694 0.0209235639970418 0.0209245243882007)
(0.0302517814176531 0.0229516748978208 0.0389042486043217)
(0.328065987584193 -0.0398369553135822 0.0855451769892049)
(0.208263063858185 -0.0195634831861161 0.0390231713623593)
(0.32781869839848 -0.00229158667498149 0.0345057452760455)
(0.308204787469296 0.00135098970773222 0.0479705657608515)
(0.0456316699688929 -0.190710569141683 0.215846187837412)
(0.0388286885999021 -0.188675706693329 0.187221192394114)
(0.320217889979766 -0.0287410536898885 0.037950379619932)
(0.248985924150922 -0.0667526970739532 0.044083444883692)
(0.326618127874917 -0.0426803927115461 0.0522398107569359)
(0.299591887706416 -0.0361130335885235 0.0612595344918174)
(0.301738014323557 -0.0516537042318672 0.043429784704312)
(0.161536168338368 -0.0498721432110452 0.179107187758714)
(0.16402854509852 0.00765175254906552 0.0887802888553522)
(0.147685965427504 -0.0148671956398778 0.0878339112856334)
(0.250101647913282 -0.135481112484102 0.0852354423444352)
(0.226844662324415 -0.125891027621187 0.0955067636123396)
(0.229536238153955 -0.127816170454269 0.069833460574142)
(0.181390036660157 -0.0553459038959104 0.0780784426233891)
(0.326907287887219 -0.0979273882234402 0.059405258644048)
(0.187669325415463 -0.0923867292467019 0.079642188902653)
(0.188434174819639 -0.0729167202538968 0.0965917585778062)
(0.277588178525769 -0.097980329799089 0.0262611803694871)
(0.30336678430026 -0.107390178082323 0.0398442706981621)
(0.32509196084756 -0.132096716588898 0.035055848086338)
(0.308086898776521 0.0174305557114685 0.0759195404528932)
(0.283411197214123 0.026725177305497 0.137507787638102)
(0.262814286348136 0.0232247675249071 0.127613744809651)
(0.25309280661024 -0.0477877394511324 0.13952193128131)
(0.289723934996339 -0.0147345207278179 0.10147815024239)
(0.305584420516129 -0.102380989066644 0.0943716678878482)
(0.278789945759482 -0.0504747917817055 0.0577375519480726)
(0.292866444638175 -0.0404374624903268 0.0936542394916842)
(0.282314785694307 -0.0235732411401967 0.0697587250296671)
(0.280760676031332 -0.0681212728432451 0.100126985216258)
(0.145370363282447 -0.0317361274549176 0.117032170968938)
(0.138051629331208 -0.018 0.135625453158917)
(0.150460582341704 -0.00826921765853406 0.114818286436842)
(0.111469956451219 -0.0171162236430812 0.11836752824992)
(0.279363917176457 -0.0932729728396627 0.194418278556701)
(0.258022719817163 -0.103254424793757 0.206109950756843)
(0.243211771465731 -0.0841678719903567 0.209676210877237)
(0.252718494829395 -0.0693932642617028 0.186987234509858)
(0.299635580631179 -0.00995237676765903 0.0786657455760034)
(0.25859316593718 -0.0379589862138855 0.0546709021612215)
(0.310174159590839 0.00139583123912552 0.103378951672123)
(0.170541994052521 0.0255297723152066 0.446642847970765)
(0.324038556902991 -0.0375431033124429 0.307363762370373)
(0.263157621532444 -0.0752414614518391 0.0260930242485854)
(0.301971238041524 -0.177147302599564 0.252052607028501)
(0.276205964656813 -0.185333526976963 0.249158093042706)
(0.20423000149411 -0.0697715434312151 0.116369598214727)
(0.192864516120052 -0.0914801329493326 0.11381635652603)
(0.316553033888775 -0.143141534957555 0.170013653906941)
(0.306356783618551 -0.16741613144693 0.153248760575531)
(0.316868083756593 -0.185364321962478 0.16686882316866)
(0.302174845201935 -0.17495330846676 0.189268807219364)
(0.254532299752769 -0.0968930376575413 0.04001779747551)
(0.21677371119824 -0.104058160064494 0.114628044489213)
(0.314453771529152 -0.149517177280632 0.0240220477819587)
(0.195026346848369 0.0213037149308892 0.124714149167706)
(0.235443807020956 0.0137858673847504 0.214705502590594)
(-0.0152456132862828 0.0218793732310979 0.116606239411309)
(0.291910078045257 -0.167464363481905 0.488437615566305)
(0.269032658066325 -0.156858527097201 0.481538210569687)
(0.262579218710839 -0.188987304646375 0.0754098003205491)
(0.201637575354408 -0.187856037575056 0.134517132439995)
(0.286716049913648 -0.101156906318141 0.112974769785091)
(0.09501331558367 -0.0466078565758643 0.0800033314410585)
(0.0721825966385998 -0.0742504290824487 0.0884247411927079)
(0.197953522000893 -0.0442790308214875 0.121289362067701)
(0.0923114736449578 -0.189766950035371 0.0734578152070963)
(0.323069777544905 -0.134572518654645 0.482062474229542)
(0.321451269421705 0.0195629708100866 0.287375781427491)
(0.266501131725289 -0.0332687314579782 0.172410125397166)
(0.271669485725729 -0.0610220701899654 0.203270977305881)
(0.0978115218180215 0.00576305965879722 0.161457558142384)
(0.116855741359654 0.0182725857653929 0.146340124501581)
(0.0849655315190132 0.0221457284318613 0.147101081067227)
(0.317309697749841 -0.148338694679086 0.0494429842057899)
(0.322032577876808 -0.193556755414241 0.216328176006465)
(0.302499819964937 -0.175670110439726 0.21462691953158)
(0.224288065620138 -0.161063050330651 0.0278859623758806)
(0.217517561813361 -0.0431964042780996 0.140344576858666)
(0.193838985727029 -0.036299720346335 0.143955558948237)
(0.297297158788871 -0.129590060764018 0.0265126722294642)
(0.327347316090007 -0.0977421185065994 0.202606385794497)
(0.306310284256264 -0.0913827675870833 0.185220342400318)
(0.321077263457761 -0.0339286060891773 0.153187412391378)
(0.311637124557565 -0.188734866188426 0.27500068473085)
(0.230415505417345 -0.19151218056648 0.0821617085689664)
(0.224577818495237 -0.109840431567475 0.0469054328017929)
(0.272723496364444 -0.178135518771874 0.0261299667449817)
(0.288249952431026 -0.159467100963446 0.0302005449755794)
(0.12282162403898 -0.0702926540099803 0.0600887653317206)
(0.183138400353989 0.0241880637591201 0.0966872054131963)
(0.260067923065181 0.027262154767461 0.273236006393299)
(0.287038409528562 0.025753417803011 0.305523541583725)
(0.19410536457348 -0.170937174030289 0.467490018349126)
(0.204386094897931 -0.0622194878129935 0.458873627225805)
(0.182088511014582 -0.0462486282389027 0.460745560388349)
(0.194256715003583 -0.0936357006266532 0.0483352041838456)
(0.204790963388114 -0.0886507605085249 0.469123736034749)
(0.182039657792101 -0.0795134187114049 0.442365910284837)
(0.211265159337795 -0.0801667944675916 0.442028123457233)
(0.218455849837369 -0.0735607922099713 0.483034900084052)
(0.138230947653534 -0.0754028908501066 0.188262558511104)
(0.138425610544846 -0.0660722497937998 0.210109120419337)
(0.3263318717476 -0.13806884012912 0.146333122820161)
(0.316720660703283 -0.102593446131029 0.167464883742412)
(0.0782296570663652 -0.109862407047368 0.0660387183885326)
(0.0970507890564544 -0.0796526377026686 0.0782332739928228)
(0.320048200406042 0.0263339526036442 0.315616991328194)
(0.312000306524884 0.0059172373878337 0.304973708926646)
(0.178171769827632 -0.149589599638953 0.0656225489011688)
(0.195271043405156 -0.140452688594709 0.0904662569042232)
(0.204576850094452 -0.151941957021129 0.0624336637313718)
(0.178438784383005 -0.106686931815005 0.125675572929972)
(0.204186663859444 -0.130709221095283 0.11324069111539)
(0.181724133934215 -0.127758509792233 0.144753883804438)
(0.182198201439094 -0.134011758117955 0.11007940719064)
(0.282085584177382 -0.0295040284815658 0.286837373224733)
(0.315172961075441 -0.0170250726181271 0.290212232213873)
(0.301255570703531 -0.0469015338667699 0.325217549814629)
(0.203953620301627 -0.140476361234267 0.0230194561049235)
(0.328377888102583 -0.154153668448173 0.115625931777023)
(0.0508555016179407 -0.105655911671827 0.173065341873289)
(0.0864079597307208 -0.107980337544199 0.160736412464085)
(0.0686394045647896 -0.100550250395606 0.188112198887817)
(0.0755297488791973 -0.125112542860927 0.178099098170884)
(0.16198613520816 -0.14734043781034 0.0474511754459624)
(0.0278571510285959 0.00712403713564502 0.128719147885519)
(0.289478549117451 -0.180028598655389 0.116231104738396)
(0.1656037122384 -0.132225103821724 0.124802790086289)
(0.167073406666296 -0.156616009584252 0.117450924117832)
(0.111223222441665 -0.0771297113302961 0.0219945464403072)
(0.0989192175764754 -0.0857157943112634 0.0500754619536187)
(0.0527346566624807 -0.148 0.28560489330768)
(0.0469639296509584 -0.12724023948143 0.261184548464318)
(0.0686326801346094 -0.148 0.249761094305853)
(0.141604223507901 -0.018 0.174827765638135)
(-0.0141672768189263 -0.0510756550189067 0.17586758094997)
(0.0112654480270759 0.0153492750233027 0.38696798661703)
(0.222444868509244 -0.182369886100327 0.125371026796621)
(0.120123185748097 -0.0126848945236473 0.0210423032227524)
(0.161404917957907 -0.0115094784516551 0.470375115525897)
(0.154530389104171 -0.045467366284907 0.482165954988211)
(0.186005965322886 -0.0325673810357799 0.485736063160442)
(0.0565667168687063 -0.1701779110418 0.190567723890238)
(0.150242675284342 0.0137986929622283 0.473079920012553)
(0.297002315036854 -0.187441370350696 0.0307520816056946)
(0.226775009477739 -0.192335479858073 0.24384743463826)
(0.20470874710822 -0.187648156614864 0.241481182047389)
(0.276109142028185 -0.171999075191753 0.192181156445172)
(0.226081717913532 -0.00140551126035701 0.354694597616038)
(0.256568378047848 0.0240731414353009 0.352068223657525)
(0.241544262494087 0.0255775178782438 0.2942166776775)
(0.256466200662961 0.00215111582914924 0.281390476502787)
(0.156637831539057 -0.1675156491317 0.275799849856255)
(0.186681447178397 -0.175440418603519 0.302133692812541)
(0.180211136229949 -0.187767224635815 0.278235030134672)
(0.181838858954711 -0.148 0.27877258084564)
(0.116957225610151 -0.170262029167254 0.064111980734702)
(0.114552026733608 -0.119561938255448 0.0248159602778757)
(0.294453794738203 -0.120617159905333 0.153180115034216)
(0.109840964078773 -0.0583017563973341 0.0372274664540085)
(0.197617778246516 -0.161324996781194 0.109087677388953)
(-0.0372120313963786 -0.0771097883495518 0.0890915118677822)
(-0.0169057397776566 -0.0479961561584514 0.0806708905328015)
(-0.00639937554279579 -0.0787265030852354 0.0835051652627901)
(0.175250786147137 -0.117977656742595 0.172873894168475)
(0.148659118190506 -0.130116622873871 0.169895773406893)
(0.183140332450562 -0.148 0.172793156980658)
(0.0589574737280141 0.0241390074090531 0.109502110410941)
(0.0758189691450122 -0.193233708346925 0.0936063667855108)
(0.222790678614621 -0.154397411713 0.129949381830553)
(0.181435501693706 -0.0552476038161067 0.388201141713528)
(0.169386269069059 -0.0278279040827876 0.403034685518743)
(0.157907685381463 -0.0525146911676939 0.395086961420507)
(0.169532699659006 -0.00828476023494892 0.157168623347784)
(0.139612965333756 0.0109220015124087 0.156714177521102)
(0.109179888159446 -0.0406836295891166 0.20560969740554)
(0.116446842174904 -0.185647886417857 0.472562654029403)
(0.188347216567911 -0.125553187666409 0.245242266884729)
(0.170094978633734 -0.128496217401719 0.228077820878461)
(0.203720737515702 -0.116074380569173 0.221832729396383)
(0.204127594864289 -0.148 0.218690913657717)
(0.0852634263902112 -0.0505807965363831 0.30959556033053)
(0.104041001417401 -0.0348115536532788 0.328928775500715)
(0.312591027368291 -0.170931561134235 0.0458202621055471)
(0.216192784024406 -0.148428408699132 0.107492907493258)
(0.230048338504208 -0.130094172720689 0.124284068539028)
(0.1107638878656 -0.0225998541502332 0.175662403811824)
(0.0871494333085826 -0.018 0.154162543564955)
(0.307103663650231 -0.160909757392471 0.132103925221642)
(0.132756150701846 -0.0328833590897764 0.0984379932518626)
(0.0281373640392655 -0.189400870276419 0.047690332503952)
(-0.0139300101425344 -0.167779954442872 0.0477204748765544)
(-0.0409889006860072 -0.157955938611229 0.071551230470376)
(0.170508391348423 -0.191559667112461 0.107269555545533)
(0.263504012418136 -0.154583127952534 0.153874675550731)
(0.219262163065699 -0.102013097991151 0.171982370294225)
(0.249438627189247 -0.0809088305824594 0.155285458206146)
(0.268826077437205 -0.125826162157267 0.170184375610699)
(0.300801496560204 -0.098374688636882 0.206977302672148)
(0.248053590808242 -0.00069202812411029 0.194103791010226)
(0.241345922343883 -0.00444186266951722 0.227399746407666)
(0.210347038810277 -0.0298705496632159 0.209946122128568)
(0.249662668606876 -0.0266023059244907 0.213039387121351)
(0.240659737658487 -0.146258658050304 0.0458979146165247)
(0.245116723583898 -0.0400406137752212 0.234118495106802)
(0.226149333263163 -0.0542704832627895 0.235441286749356)
(0.248592500069111 -0.0611796391534218 0.209240252404528)
(0.290410238952831 -0.0332939300129366 0.213026916069422)
(0.282059436225205 -0.0986793771758977 0.0864006356226152)
(0.267105736978535 -0.0486867818252844 0.234985993454665)
(0.285953116055231 -0.0197688604356027 0.241005670679863)
(0.0200258769558585 -0.151514713087124 0.299758361480733)
(-0.00454741973643788 -0.174327439805046 0.291007607255067)
(0.0217989421161557 -0.156297795771487 0.274989308818616)
(0.0316671426033262 -0.17071463270801 0.293063563280174)
(0.293759393074561 -0.0993874976554932 0.138091787833119)
(0.278014577792904 -0.0829859178832678 0.151676167765178)
(0.0385753558827194 -0.148 0.322663067685414)
(0.0213363818304823 -0.130819811532413 0.315085069705812)
(0.00471633343249891 -0.148 0.31730324874075)
(0.196397689457949 0.0212043772752543 0.231266356853753)
(0.320917825912618 -0.186898081496192 0.480822122556371)
(0.00354559382648166 -0.130458093247059 0.298492349171067)
(0.189300916807149 -0.101180345691912 0.0215231539838439)
(0.165741328798237 -0.124904680237783 0.0318196795882778)
(0.151678991653347 -0.158270771207179 0.0898626896279738)
(0.307899016775803 -0.18515821604073 0.353840721610389)
(0.229930372719184 -0.18127982116234 0.198709367910207)
(0.248128640965025 -0.164653472024023 0.205266173423138)
(0.324079780685152 -0.163991395045219 0.202012343663533)
(0.279779491731224 -0.125523236876267 0.0883052217528699)
(0.211976003763028 -0.0991575697130103 0.0293478517142925)
(0.322951708945107 -0.136222960253651 0.391690767897796)
(0.289060051683147 -0.134728255994901 0.23115983593594)
(0.321944913739644 -0.120522624910173 0.24704268119563)
(0.319013365496338 -0.0637024168660471 0.319647542116229)
(0.250400942870475 -0.163011476275051 0.177962179315863)
(0.240860756747745 -0.153592077935127 0.145325404928435)
(0.227832213291991 -0.149002479107465 0.178267710440051)
(0.247767683047479 -0.131114141845394 0.183016254359551)
(0.150137671059916 -0.184031677711394 0.117873337090625)
(0.0942104764687235 -0.182787506525025 0.130473646672374)
(0.0810361016724796 -0.187947025594945 0.150880848594828)
(0.32650829410361 -0.171815827776499 0.324909424400895)
(0.325300919756141 -0.150820390010938 0.300072557132601)
(0.324201536890099 -0.178978961081327 0.297023526452743)
(0.0903947934621723 -0.12696689114974 0.031865852203757)
(0.0915307804450929 -0.0397897029305794 0.18294576234646)
(0.0276955863394924 0.00501739003596137 0.257110767637083)
(0.00471437305852529 0.0109438187999184 0.25355535795669)
(0.288378170783134 -0.114898308221872 0.176880240065948)
(0.269913456008785 -0.125963666153952 0.194642537573821)
(0.171772466764608 -0.0299310196037314 0.0641403460820978)
(0.0494511629784604 -0.12641981991117 0.156702787953723)
(0.132209520530386 -0.000826821720160008 0.097099165119059)
(0.135274256644803 -0.014409396928974 0.0647770442654279)
(0.132695956729046 0.00370977926533992 0.18264510511166)
(0.0526565557054383 -0.186056490224983 0.284168001217116)
(0.0515777202764401 -0.169852151703087 0.30933657514318)
(-0.0126684693640861 -0.0511284867977733 0.207127280923107)
(0.00322231826486612 -0.0388610274795693 0.218156186302537)
(0.200045965343556 -0.0600169621223861 0.32582737560427)
(0.18498780929645 -0.0821629086750903 0.350183736688729)
(0.203242870385992 -0.0580871030084188 0.349417361912407)
(0.164563241600002 -0.0636120165008261 0.348678067639767)
(0.0653797323922494 -0.0320011856758388 0.187260286397694)
(0.169850750767099 -0.118570246828006 0.0633815650624722)
(0.00617471291671436 -0.0982417216677223 0.0566893527021997)
(-0.0182378098683714 -0.0954890858453318 0.0438178520736481)
(0.043230305146965 -0.0116486570458131 0.346318362465524)
(0.0612065772229113 0.00296474615271284 0.34407578507335)
(0.326428109709773 -0.0173216197962427 0.474047775330313)
(0.310255922892978 -0.148633506629693 0.275296437016424)
(0.32810580782077 -0.131678175245905 0.284336450381708)
(0.155328356834738 -0.0331819465745154 0.281279200531663)
(0.32338348594565 -0.149207212104917 0.251540506449687)
(0.156566252688961 -0.130183766319942 0.483547677485378)
(0.185656973505494 -0.142863570645543 0.475812061400356)
(0.166820510278924 -0.119050614046413 0.455988062123034)
(0.184192709051517 -0.113694937989431 0.476182955142418)
(0.324475000391914 -0.0258376060245286 0.264041775984708)
(0.12081899849056 0.0216102129249217 0.171511618040491)
(0.00293770709046292 -0.141598563027003 0.470022053863695)
(0.0267223009045153 -0.119593754249163 0.441058198499144)
(0.0450045006319343 -0.144080475673515 0.464764371367945)
(0.0320013742940845 -0.154498090795457 0.439816995271185)
(0.0446844865189121 0.00428885241528654 0.232994493417354)
(0.0721897417214781 0.0284909835542126 0.35585437734392)
(0.103135319302276 0.0081388206495755 0.405111680703297)
(0.0940932430443987 0.0217806946717513 0.432626144355466)
(0.165041294130426 -0.0217372650479978 0.13436984483841)
(0.165822927414563 -0.0756593153501014 0.466450504294621)
(0.180950890928971 -0.0869706056826574 0.478368864843979)
(0.191096736118961 -0.105775952245829 0.447059827718845)
(-0.00774873549663217 -0.100347471376515 0.480430761791626)
(-0.0379437284164315 -0.117695565235067 0.480658699368932)
(0.200642457161645 0.000526488024067325 0.294005659516059)
(0.329275906797206 -0.0745035757828527 0.239659592604118)
(0.30275868844844 -0.0598835540755989 0.247245520240214)
(0.288013092860941 0.00574690509533688 0.486969479077224)
(0.254775681773397 0.0134986963794964 0.486891262733579)
(0.268596755040272 -0.0135652178094838 0.488426888298981)
(0.324374691123598 -0.0963968227302721 0.252379395533605)
(0.0424129803744558 -0.189710749871502 0.460147130487477)
(0.0521202100391097 -0.167493147590416 0.479115331469881)
(0.069241280500963 -0.161617653816838 0.458983789932694)
(0.265596537817587 -0.164303771226599 0.259109601236596)
(0.278416237567466 -0.166079168634963 0.23384491890216)
(0.317556298727464 -0.147249363951507 0.349773743768108)
(0.318854349465977 -0.123452133964433 0.36969914672967)
(0.0460958470856299 -0.0601978188889917 0.340975377413277)
(0.0527466763646296 -0.0784685030136332 0.330801155011558)
(0.0676493421525442 -0.0418805442389596 0.325027566646976)
(0.0617557581222385 -0.071417169368819 0.350128546333928)
(0.271882531796973 -0.156211355089201 0.34044392080836)
(0.298013020644574 -0.168810758331132 0.326992827924288)
(0.28777559719698 -0.149917222947255 0.358472365536739)
(0.280096358314919 -0.187958167074137 0.349194774223937)
(0.215812470525308 -0.0919700806288126 0.200675073437186)
(0.247807488676061 -0.100618524052158 0.175967883559286)
(0.304556145996644 -0.142131941396845 0.209695710353119)
(0.296744322519708 -0.154134953934468 0.244197736407029)
(0.125753254529489 0.0164984988567223 0.415630738912352)
(0.32129716900695 -0.0442615073008417 0.39797902456867)
(0.290171386849904 -0.146317388556692 0.289719982069069)
(0.306166092458772 -0.141211476681776 0.314109559276984)
(0.0889313311008563 -0.180483035515505 0.287920533499829)
(0.198033345045525 -0.018 0.230837996078687)
(0.226806124781149 -0.0277822677623058 0.228070977749169)
(0.234301025415934 -0.0122878412023793 0.248741364825725)
(0.0610666164416525 -0.0738136078638842 0.255608389006769)
(0.0477684903527526 -0.0952048261689154 0.254247206184437)
(0.0477012805207274 -0.0839701455551673 0.224741278143969)
(0.0712839320548205 -0.083 0.232687236958808)
(0.0969714684985299 0.017699163311124 0.127258674178157)
(0.115579442898568 -0.00789727890439593 0.152000578058468)
(0.198123761777529 -0.0415393821236276 0.368528601047417)
(0.195806625164776 -0.0220313099619749 0.351687308557185)
(0.199697115664629 -0.018 0.38216303072774)
(-0.0434685595847646 -0.0260736417053746 0.0362843977502516)
(-0.0101903968939214 -0.0289374699149159 0.0245663633059339)
(-0.0349010431773407 -0.0544335497416912 0.0236716508509257)
(0.094562968789905 -0.129315701782378 0.203964195892294)
(0.0278611585191588 -0.00472764187408671 0.164142972369682)
(0.116374459353765 0.0093227535691419 0.452656749508699)
(0.0979613938252313 0.0191614558805442 0.47343558795238)
(0.118901539114793 0.0151414050223663 0.483904022449201)
(0.0555054542489142 -0.0671654773015585 0.369752659724843)
(0.0390641596117023 -0.0538377960784383 0.363100577613533)
(0.0787247815075961 -0.0496036135906614 0.356734929844103)
(0.297061601476584 0.0218181873260492 0.277166614374614)
(0.0383258679208301 -0.083 0.350155543415588)
(0.264675454571594 -0.187065667745581 0.448770765913497)
(0.235800375121368 -0.163874344448687 0.44093582699813)
(0.255017113435006 -0.185403126575561 0.414151009487147)
(0.231156922252138 -0.185233972913385 0.428018641806189)
(0.214332684706773 -0.12441061460616 0.184653931964859)
(0.184660609793309 -0.129945833943647 0.1979706353104)
(-0.12085101243666 -0.155541494955186 0.349359084447063)
(-0.126117541613172 -0.130605166934732 0.336438490656102)
(-0.138225585117439 -0.148 0.367786697028536)
(-0.0969868294812951 -0.122791473012758 0.359693967390947)
(0.0242790858063364 -0.0634022888830894 0.333472473125197)
(0.234509172662275 -0.107327884233379 0.349258950263863)
(0.200735699001224 -0.0910544828046396 0.330172763288294)
(0.240569532843162 -0.0869601836929388 0.332970757387221)
(0.230288599839382 -0.11272018832497 0.325033987135214)
(0.191297414487509 0.0209081810725125 0.371791361776306)
(0.171391250721558 0.0172406415510419 0.395730614377438)
(0.0737712027876378 -0.0498827438867802 0.0616596290932051)
(0.0547359798781138 -0.0501697576338128 0.0908321920006182)
(0.149860889192817 -0.017745653241131 0.0397300193606117)
(0.173081936705906 -0.0198509533017994 0.040121974784741)
(0.0652027599506032 -0.090342157195681 0.40413157627256)
(0.0749015736148287 -0.0752905696564079 0.382251254726562)
(0.0908398824177228 -0.0886627489467134 0.406932545898904)
(0.0867859916020883 -0.109122984659115 0.387335865456955)
(-0.0099274983737408 -0.184044109314192 0.067041836022819)
(-0.130609904398548 -0.040822309040836 0.234010315128346)
(-0.154681246234093 -0.0638977033683635 0.229551292941262)
(-0.152395166962508 -0.0399704384591718 0.222323499557617)
(-0.123203539815326 -0.0665387451130935 0.231487789198858)
(0.203825061043536 -0.018 0.129106989021794)
(0.0920185779511926 -0.188469352017275 0.200029742000968)
(0.16515197746438 -0.178421539452233 0.485692923489665)
(-0.0846686734191541 -0.177251743746424 0.02484610090306)
(0.0310307468470798 -0.107370004346646 0.150657431336694)
(0.00288087225356807 -0.130745520697021 0.151976437148658)
(0.03087022244346 -0.128198600428843 0.185824799538479)
(-0.100057327498319 -0.0581183532927224 0.231151392896357)
(-0.098940773245461 -0.072422195928234 0.21038514939123)
(-0.0733803581569556 -0.0767751133721233 0.20562586488356)
(-0.0852667843581688 -0.0884136740764585 0.226954158181548)
(-0.0956683242411227 -0.122093088867484 0.0213967373193017)
(-0.076341853970165 -0.145975651703897 0.0211720403222098)
(0.0256650430136135 -0.146578310180115 0.0570702938189507)
(-0.10219265721002 -0.193352532711095 0.0214128261339092)
(0.148209321167904 -0.188330400777409 0.374467843730219)
(0.142955284812945 -0.188275583935946 0.431139984003849)
(-0.16236804998127 -0.0175721831109162 0.14085458358034)
(-0.187643902775177 -0.018 0.167404373917469)
(-0.203135732937727 -0.033595119020851 0.151262367033421)
(-0.170407897808559 -0.0427736998214336 0.132133171644513)
(0.156384272937272 -0.0832534124784177 0.445239196355539)
(0.169417581098161 -0.0973879391279733 0.42406720576087)
(0.323975222220908 -0.0556874269229953 0.2891129036554)
(0.00291369814925299 0.00113071991404346 0.0496902390687018)
(0.0134622930357753 -0.0156213927462011 0.0245455372093959)
(0.00344657721695568 -0.0252960471198154 0.0514979948859324)
(0.0542906209622336 -0.168928218125012 0.15911525802038)
(0.286323701811562 -0.073606290698565 0.128903717607043)
(-0.0108457955913037 -0.105524867424636 0.231390528784676)
(0.00665520010116673 -0.0785613724043577 0.253302169760732)
(0.0210439205293613 -0.100102033548383 0.26222538163682)
(0.02476542073779 -0.110300863991024 0.2423021458244)
(-0.0177139925755404 0.00701591463507161 0.139539522878588)
(0.0480621349121123 -0.0359898063810904 0.347569076397894)
(-0.155449664177405 0.00389815626113368 0.221148744671736)
(-0.130093098384161 0.0253663386189595 0.205371006388931)
(-0.135241656468924 0.00528707716367743 0.196644285634028)
(0.11471161647498 -0.0716825405809405 0.181883530825451)
(0.249209264440351 0.0198810465105329 0.406245717007343)
(0.223759702313311 0.000810539989870469 0.378069544767806)
(0.220295376733455 0.0199305089318063 0.404354693684461)
(0.124092594592987 -0.0360361408604701 0.310471624105759)
(0.131098350810129 -0.052173231577167 0.294555384833714)
(-0.0265038012427469 -0.125836138751888 0.216803683425451)
(0.00183529195755705 -0.145496789072968 0.0255667854063114)
(-0.105366957083324 -0.00561917001666418 0.281915106278413)
(-0.12962281055465 -0.0146336014537321 0.254126590764025)
(-0.123407894660478 -0.0309929018781669 0.275274406730256)
(-0.141945946160274 -0.0179170751055765 0.272732503160964)
(-0.0528555267360452 0.0213101127534583 0.196116457516395)
(-0.111527907428564 -0.161358501825047 0.0253169163773169)
(-0.123919046543529 -0.169663154590226 0.0434813417069466)
(-0.13286037775268 -0.18121941229487 0.0207352394137387)
(-0.114731363265346 -0.191302105435865 0.0433342639867031)
(0.0869007878253532 -0.0182308464486914 0.117921734072527)
(0.0904627004587139 0.0203385095923892 0.103928960410742)
(0.0717993254650521 -0.000702211295204893 0.0958849515136648)
(-0.248745591585657 0.0205483905525201 0.0422050622357368)
(-0.265738322589374 0.0232950061182461 0.0699581249580928)
(0.0553525858929556 -0.186415705288992 0.239114135702076)
(-0.311744489623605 -0.0591446403543241 0.310136029595401)
(-0.314352854748271 -0.0775252113027775 0.335495277995587)
(-0.33069608537127 -0.0700775709698366 0.319449632712718)
(-0.296366736892903 -0.0816034445618127 0.320251961482506)
(-0.0428798149059529 -0.0144826258745235 0.452432603239533)
(-0.336419907359055 -0.0985802161969676 0.322133881612109)
(-0.335864336298396 -0.13360904838705 0.34314193636009)
(-0.327443798210967 -0.105707157864057 0.350915685166471)
(-0.0492311857963001 -0.18836227168596 0.158923412619738)
(0.125484328855023 -0.10722392698736 0.265655788393527)
(0.120487102053601 -0.117062571722186 0.244212232386568)
(-0.0172911531048188 -0.0723737409393912 0.475676295091448)
(-0.0370540182327954 -0.0597685124771236 0.486484965041898)
(0.101342764671122 -0.0659625827244445 0.350002422280086)
(0.119086915376267 -0.060372979403957 0.371585226464349)
(0.0997543375806972 -0.0423497685820119 0.365727920620552)
(0.0881555091345112 -0.0520027831149015 0.384330364228376)
(-0.0633486667287652 -0.00901188509216888 0.425938227475585)
(-0.0756420736637997 -0.0473610682737491 0.40732848488484)
(-0.0940727562033322 -0.0269935593009111 0.409766470141641)
(-0.0568556853766998 -0.0156724492163985 0.391474167219056)
(0.0464657271611822 -0.0401267959876083 0.477763101972773)
(0.0613159552657049 -0.0300618157416344 0.455751267870524)
(0.0198631877930613 -0.0260577219632928 0.460995454365461)
(0.065993437207398 -0.121098158174853 0.238874045247388)
(-0.137747180785552 0.00654087954328679 0.167539655530572)
(-0.06279591162355 -0.0372785053335227 0.147588284178798)
(-0.0848352985374208 -0.151595062791586 0.100628181608898)
(-0.0902078498799919 -0.182147547120376 0.123317931654783)
(-0.0826366022823373 -0.178480241729999 0.0941920238386405)
(-0.212847320657944 -0.0143369223244206 0.139647979806895)
(-0.204780901726627 0.0129397238691976 0.134528606515342)
(-0.220239892796632 0.021038856847553 0.152192349762452)
(-0.196431998837793 0.0130840493764483 0.170095561867057)
(0.0859384098835484 -0.148249968394804 0.0991718984524625)
(-0.11234797725485 -0.142549871962552 0.247233240488697)
(-0.104431613486822 -0.130650318958802 0.285374718113332)
(0.14638134515936 -0.139162563494307 0.0789565480294341)
(-0.331601720985852 -0.00731681373939499 0.273385500244505)
(-0.293852923627499 -0.018715976084742 0.264160160761397)
(-0.318600126862349 -0.0142024204894335 0.244853692729101)
(-0.305753485399793 0.00337641502013782 0.252343485134269)
(-0.0784335336380776 -0.0221534464635698 0.247049423919358)
(-0.0666359249452917 -0.00578586165956659 0.230286917952583)
(-0.0602907536722943 -0.018 0.26711939157671)
(0.249450162090515 -0.150135984458134 0.375508119900296)
(0.277394901712204 -0.140514239780031 0.408155443844372)
(0.289526219431455 -0.153070187078815 0.384999548027158)
(-0.138490177971817 -0.187695485068651 0.333482081386647)
(-0.152395454204025 -0.17066569136399 0.315242752988169)
(-0.121808801672871 -0.188399152941306 0.312433398343588)
(-0.138272142463916 -0.187587605210476 0.29506937262208)
(-0.11761294794017 -0.11594943043883 0.0331787719243216)
(-0.114685740492051 -0.138312436113668 0.0238506937363256)
(-0.144799641645355 -0.119368339476624 0.0292427306135368)
(-0.042432162742414 -0.109626258261632 0.164133446982752)
(-0.0356552028959524 -0.123341352838341 0.192916525804464)
(-0.117221554466542 -0.0944640856002225 0.202190487923176)
(-0.101264189157405 -0.0602287226243764 0.0694433039849745)
(-0.127940112755583 -0.0907876047963379 0.0907422564537577)
(-0.134796840624747 -0.0630577423920668 0.0931591345425905)
(-0.13004331368858 -0.0832952289301932 0.0651593383332559)
(0.0855568491134517 0.00542772546251533 0.287307426083813)
(-0.0565198311913448 -0.149686281127684 0.243777431099747)
(-0.0632395675080348 -0.169121638718934 0.21729164921413)
(-0.0849883148720938 -0.170746606827343 0.226577357441628)
(-0.0914405252287918 -0.143579212823239 0.231961123816693)
(0.322544955161926 -0.071268566891691 0.376801793001484)
(-0.0522062118046082 -0.00270976128046986 0.117020731782986)
(-0.0820036023689929 -0.0188209128367921 0.0997441825320436)
(-0.0920399491894717 -0.000758044061174281 0.115034262851634)
(-0.0826366022823373 0.0165197582700009 0.0941920238386405)
(-0.113857250623756 -0.0287062880344051 0.391872165692275)
(-0.124254273343734 0.00259664122698158 0.424074857338675)
(-0.101774528878567 -0.00457980695767942 0.39004947981256)
(-0.139670471843947 -0.017578152265832 0.398637447600753)
(-0.211172211944631 -0.0807662600875561 0.179003737222339)
(-0.227002637927554 -0.11156895649306 0.17176496596176)
(-0.203669894746904 -0.103201650416354 0.176087644056539)
(-0.23307763580096 -0.0806858137667202 0.18792489716299)
(0.207025422020347 -0.13455345847505 0.357039031288308)
(0.185943806941584 -0.16287614901501 0.358734852260148)
(0.208577184881629 -0.158403547913068 0.351710872154407)
(0.0722252109437749 -0.12454835881167 0.0897184085300537)
(0.0441450543928578 -0.122650290465211 0.102389794744226)
(0.0653519976729629 -0.130211426964808 0.116389225750539)
(0.0783141929633967 -0.0969776698054709 0.100366628675145)
(-0.0469837285902534 -0.188960412850292 0.132658671663416)
(0.0112177892841481 -0.119585693113771 0.223931327253893)
(0.00163116360904221 -0.104688547571865 0.208488817947738)
(0.00136460170804642 -0.127357500949708 0.184622712333455)
(-0.118467070717023 -0.122445308708854 0.0679682658379039)
(-0.144199387455858 -0.145584051224834 0.0664474115814415)
(-0.14451447735138 -0.105616848701627 0.0703066431492911)
(-0.129880279281018 -0.132029566515632 0.0498074865898196)
(-0.135454841683198 -0.0101138848090228 0.0921374695004655)
(-0.104708755969015 -0.0172498535243923 0.0639248039965143)
(-0.129222626062252 -0.0347084084399225 0.0640724493195298)
(0.0710620452672008 -0.186407594794435 0.034188690161395)
(0.0304865775256386 -0.169031360647907 0.0240258783685378)
(-0.0273013037004089 -0.191692905962561 0.0358768004973081)
(0.0188697887235955 -0.0844203281408959 0.166844071411645)
(0.0336162527822609 -0.083 0.148264304957308)
(0.0423875737350466 -0.083 0.187210335951412)
(-0.0713439566979056 -0.109344034372423 0.0296228099804885)
(-0.135886785974249 -0.018 0.231399234722129)
(-0.157852444563694 -0.018 0.203197206873301)
(-0.171372257502071 -0.018 0.233663739110692)
(0.00608954050801612 -0.0796437407909093 0.229975902672071)
(0.0222777591347981 -0.0916291610721393 0.217651184054332)
(-0.293490748732834 -0.000740681827932484 0.330044063766258)
(-0.294054342422143 -0.0152702021239597 0.351873649458419)
(-0.290423670164787 0.0231163617955568 0.352588279983622)
(-0.316017371285133 0.00182510082842175 0.3480948543795)
(-0.106042531785164 -0.0947493756138668 0.0616772989263245)
(-0.100555921188642 -0.0923836106804987 0.0906831512691561)
(-0.109765374666762 0.0040412764352771 0.0238886963633801)
(-0.131422149044101 0.00846144592742931 0.0349697832637823)
(-0.0289483791528712 0.0225489321922071 0.232558644307585)
(-0.0152718508814678 0.0206616706409438 0.251083851311973)
(-0.0498714145711926 0.00947245508269792 0.247196229241948)
(-0.0340587179073742 -0.018 0.234981080236327)
(-0.0711672481742102 -0.145371326918166 0.192306645791389)
(-0.0862783713194315 -0.144421613212101 0.161408562877974)
(0.00482895953712827 -0.154095962974364 0.181059769335114)
(0.0117246838903928 -0.167314509409514 0.0473585078419949)
(-0.0375509466513292 -0.018 0.205930494755722)
(0.0954933657030851 -0.0734963109703329 0.124657907562897)
(-0.106010094862862 -0.190343763711215 0.0668757248501005)
(-0.0488469108523555 -0.048059714165291 0.0476918860126379)
(-0.0219879595098473 -0.0434184421644309 0.053368507855657)
(0.0606492655840954 -0.170184090423675 0.0504525143352511)
(-0.0570474697005853 -0.135447456777702 0.0251412023896)
(-0.158941076965615 -0.190347743625347 0.0863127303801123)
(-0.185868972998459 -0.17211806914556 0.0611025019975031)
(-0.165449408763977 -0.182827402529215 0.0503776118467327)
(0.0565290528225415 -0.195509647227333 0.373205634008144)
(0.285044565459506 0.00698013898468003 0.427556091008896)
(-0.0725859953538627 -0.0620528039917914 0.0569143990647412)
(-0.0505208140917351 -0.0724195459390622 0.0678945714710398)
(0.286875924228704 -0.059124882778437 0.230294702052066)
(0.0965421886800317 -0.106779748136423 0.081952501270922)
(0.10315969268778 -0.150396490268172 0.0793482636969225)
(-0.150912384408434 -0.192435628389673 0.0314862928425541)
(-0.143939629849947 -0.178954428852574 0.0478794983346259)
(-0.152462423804802 -0.16909399766442 0.0234956104097911)
(0.0814163358968707 -0.083 0.176234491883108)
(0.111810166745049 -0.102906829454397 0.185246944419027)
(0.110378918414935 -0.0857206550721476 0.147212104678312)
(0.312444193566142 0.00599308773357383 0.480587781098805)
(-0.165018954133568 -0.187340258164186 0.254128483112577)
(-0.150493690816109 -0.187664412055065 0.216896449157382)
(0.178289379322603 0.0225667553201837 0.349575502410669)
(0.0708999828924987 -0.189140856855203 0.400611579043653)
(0.132623975213747 -0.158926276199671 0.424754580247511)
(0.13929037539314 -0.134268372009018 0.396007725455944)
(0.157481859111642 -0.156926197458646 0.419162518676089)
(0.143140020867276 -0.178488076606224 0.398680314316263)
(0.00681060475424815 -0.117940932721447 0.0837130935268302)
(-0.0751819366217915 -0.0829557851909625 0.0662027210486924)
(-0.046084140885897 -0.0819523150765047 0.0448235314890153)
(-0.0205817249454076 -0.083 0.227044637417668)
(-0.0474521539112629 -0.0920018797941857 0.238005187667587)
(-0.0168527771774544 -0.0943680383661878 0.253490281040657)
(0.00760573793648126 -0.0601950713710122 0.160704100746794)
(0.19717139011152 -0.0959129618487634 0.232415878552748)
(0.212836680075029 -0.083 0.22092312094659)
(0.208070753673311 -0.0749455764731295 0.250518271220772)
(-0.167545768796525 -0.136229187025607 0.0773187232323141)
(-0.165207493375517 -0.122883637637788 0.0527725496108541)
(-0.0691903292487043 -0.159912899826607 0.0814293872159048)
(0.0648453607922823 -0.107002878846658 0.151774188785451)
(-0.00342053861273271 -0.0824694556669054 0.154725320085832)
(-0.0226242412044572 -0.0911190574728564 0.16774974703803)
(0.0395852980109392 0.00155794904651534 0.0528483609339728)
(0.0601400628479564 -0.00825162463074931 0.0738321735645687)
(0.0303394575242869 -0.0184427576694895 0.0649048853160966)
(-0.115727962894684 -0.0454840871035935 0.0474656043048305)
(-0.117919345131756 -0.0137285824719946 0.0410891670613405)
(-0.0923833464991441 -0.0326062875721858 0.0239143041315246)
(-0.131758796817848 -0.0379609950403325 0.0279073078817582)
(-0.334463854328588 -0.190917516330874 0.0945354222822219)
(-0.338603001027697 -0.190464081387808 0.126713663577579)
(-0.0472652682957477 -0.105502105872836 0.107503314059515)
(-0.0591303267285049 -0.126764363961747 0.128321172407515)
(-0.177978174928051 -0.133999159000265 0.20206639974495)
(-0.158496541493785 -0.121462477358794 0.222101764852113)
(0.0452054733115942 -0.129025816779888 0.309585151851121)
(0.0827206223462567 -0.109200421372757 0.320866828190754)
(0.0634125014206553 -0.148 0.322434827481673)
(0.00544800962121993 0.00231047311389013 0.173773105862252)
(-0.140294349123354 -0.0757985641894648 0.188826229665401)
(-0.12115156214838 -0.0720579943115307 0.179678770909894)
(-0.129228935236287 -0.0777736296910505 0.157276505589086)
(0.0114255173295344 0.00155426219938118 0.0713486548493575)
(-0.153056473579424 -0.0350498206251174 0.155473000090227)
(-0.0613922177661441 0.0238618408313788 0.174425149440325)
(-0.139669650581216 -0.13388584960827 0.203390086595497)
(-0.124842702647694 -0.107810934975171 0.219144250707072)
(-0.138075956034669 -0.121842238079938 0.236764830981699)
(-0.122639292449987 -0.148 0.216186014095283)
(-0.00343568477906356 0.0137845379368389 0.0303566903104809)
(-0.116300439633612 0.0147491050675494 0.117537599417132)
(-0.130622756706788 0.0213586949905138 0.138247694787497)
(-0.118932353006312 0.0225480802082649 0.401256704555204)
(-0.152142666103405 0.0173520440686394 0.417507858083214)
(-0.153289097071566 0.00573326088832005 0.0540192571985437)
(-0.158681860594658 -0.0334036297627408 0.0498388420644425)
(-0.14424071287199 -0.0117775017099574 0.0673683202995941)
(-0.174305806725245 -0.000686062373979587 0.0646663149693661)
(0.0771069575412377 -0.037824303696305 0.0969077884332659)
(0.0677963885016789 -0.0493413247645086 0.127486654743335)
(-0.0106222057811114 0.0261101082199983 0.333218695426314)
(-0.0322736253055871 0.0229402323332253 0.354804603394414)
(-0.0676826731197752 -0.061202380078274 0.123778615748766)
(-0.084205021499215 -0.081373642124482 0.112888501044581)
(-0.0801019776238402 -0.0716948085919012 0.0879090855917816)
(0.104078216615989 -0.0919013303808958 0.103712629408346)
(0.130244130050658 -0.0925896128566504 0.0797045423498653)
(0.0462241310699699 -0.0642333713002262 0.157417855158468)
(-0.0395564698773214 -0.0152255665927138 0.0643682180997354)
(0.264660361061977 -0.144738816779297 0.225833519307476)
(0.137564855268366 -0.11590621179941 0.119438102383143)
(0.227203325016326 -0.0330797146354104 0.33145534402751)
(0.238912563263275 -0.00808080943784339 0.305640410950291)
(0.218708448528146 -0.018 0.28900280826027)
(0.214137588329851 -0.0157359563334342 0.320560886755772)
(0.183090492229902 -0.132223782718203 0.334012296401453)
(0.165771222857353 -0.121976508363067 0.36739257707268)
(0.187322831604405 -0.107716267854089 0.358118126950768)
(-0.0652347486604406 0.0222275240699778 0.0702352657495729)
(-0.0704735655116817 0.00238342930817982 0.0448379681146909)
(0.06842925175534 -0.138346449690287 0.141669099313138)
(0.0371054883313459 -0.191244902103679 0.0241006241682131)
(0.00923273406141647 -0.024979816136468 0.132377380148322)
(-0.0135257040238127 -0.0174978168135059 0.120499021806421)
(-0.0052476130681759 -0.0434251765230846 0.118728300054796)
(-0.0191011394916804 -0.0456042083695283 0.145441467874319)
(0.245503742305867 -0.00911186679834873 0.169255379234583)
(0.240799063926784 -0.0359289496149987 0.182225782733013)
(0.0783760906173313 -0.171630530213113 0.0788832975715561)
(-0.0187805074508373 -0.0455108434798071 0.48379389072692)
(0.0306780042797824 -0.127364331936195 0.13438378614697)
(-0.0297572039427654 -0.0523822390497845 0.46258224020243)
(0.046027413770052 -0.160775054476406 0.0719539576479808)
(0.130884830207121 -0.0183561341294064 0.243665439525537)
(0.157131404240029 -0.018 0.247693958220148)
(0.113074917235738 -0.0154555595452942 0.0643419668981661)
(-0.0107806545288644 -0.167405789552748 0.0241095511765776)
(-0.0740199698797546 -0.189363185074163 0.0695602526212201)
(0.0266291697217511 -0.140855588572352 0.107476944681712)
(0.0419732987883162 -0.0621531844986548 0.131310386209571)
(0.0278141134429335 -0.177906414737071 0.144899494725027)
(-0.0969596312576549 0.0239579221971213 0.0221647321480149)
(-0.0433650004682069 -0.116692965075574 0.0613481553864564)
(-0.079369766294419 -0.127976038137142 0.0439626507569278)
(-0.0694311411103572 -0.12648561257766 0.0741457806638919)
(-0.0637903240785199 -0.105020334733337 0.0563964274944645)
(-0.00470680623623272 -0.049283872624794 0.443582634759266)
(-0.0212706633957203 -0.0301843630906211 0.465956832152695)
(0.00651531218325071 -0.0425264961434366 0.480446970913678)
(0.0551217035951919 -0.144423558999513 0.0895925455409728)
(-0.0840453750411265 -0.188175530216826 0.0462118428424276)
(-0.0513849608160638 -0.185049755159858 0.0514424646202884)
(-0.0832278295997895 -0.1910501926536 0.211336976367079)
(-0.129547561245995 0.0101361261457754 0.0639284428136198)
(0.0188387646263274 -0.0753353398596092 0.0549508773588702)
(0.0213802642035154 -0.0889666225191919 0.0872867353961672)
(0.011171079467432 -0.0503432193734549 0.0672985581795311)
(-0.0301267020458184 -0.119482494970321 0.0321745913188854)
(-0.1357997128673 -0.185057906400977 0.092499714988931)
(-0.0612047865258078 -0.100919370257645 0.0802755793486742)
(-0.0700440625685285 -0.167334277224238 0.0459143762326647)
(-0.0640538509735091 -0.0741301936416013 0.0271056513210771)
(-0.0798618695950974 -0.0537648166422271 0.0288934203318086)
(-0.0457877388336766 -0.166928902618751 0.0348287894687777)
(-0.121295820502 -0.0451082500338831 0.308367179306949)
(-0.114369822123483 -0.0499468795945622 0.286789577484142)
(-0.13940073214289 -0.0384357617181187 0.292746812486825)
(-0.127313267619012 -0.018 0.295306709451862)
(-0.134615753370152 -0.148901251041583 0.0298819877130836)
(-0.0521829542237249 -0.1852329214829 0.08627101163033)
(-0.0725347802775635 -0.178577242048784 0.27849605207129)
(-0.0581614056416609 -0.171831792576992 0.254192790442819)
(-0.0747580803374692 -0.155530907476932 0.258556242339581)
(-0.0484954932221082 -0.148 0.283528640517069)
(-0.221334735091211 -0.173918635635066 0.052362212367744)
(-0.0749265765414437 -0.0890225808008088 0.0441765704658344)
(-0.187105179197493 -0.113776685791161 0.0423357663296651)
(-0.224878090429447 -0.107942684366026 0.0533555578106555)
(-0.195259413139459 -0.103193661664297 0.0628817352663409)
(-0.196666977509555 -0.103828749282458 0.024873167444012)
(-0.0988556607266759 -0.0694893601247937 0.0385562035930817)
(0.0133519713622871 -0.0841331814220696 0.134717677838755)
(-0.0459935739537062 -0.148 0.217185872267615)
(-0.153967978652325 -0.16815636263536 0.098307390467231)
(-0.129894044376592 -0.158432506626813 0.0919301935639802)
(-0.150430682889176 -0.171295000989928 0.0708636280282186)
(0.116204427681615 -0.0464148065620899 0.0653752177368098)
(-0.0348174955921079 -0.190003816918571 0.068934731949947)
(-0.006454353276155 0.0220052819763885 0.166186093931173)
(-0.03168647071639 0.0230850184818814 0.068934731949947)
(0.0328744975065442 -0.0790352949443572 0.244542084069797)
(0.0352835808749797 -0.0700288497664676 0.209162688308058)
(-0.130904023607541 -0.0556359442185509 0.166806627252773)
(-0.14375011149361 -0.0383231046140113 0.187480607842706)
(-0.129799904456386 -0.187310676945503 0.132178477543168)
(-0.156309926981558 -0.189432845387724 0.127533777081495)
(-0.175481267881442 -0.178198031361929 0.114615740315803)
(0.0653768788671153 -0.0579121838333485 0.272926870160917)
(0.107051446316082 -0.0483869624861194 0.289957694995444)
(-0.228649141680562 -0.0580516355199467 0.13462795624402)
(-0.253445703224354 -0.050820457696349 0.137432242533728)
(-0.227687804830592 -0.083 0.15210824089765)
(-0.259292783866175 -0.059786680294041 0.165044001407932)
(-0.174590759683783 -0.0381630990361576 0.179198359607838)
(-0.20106453139109 -0.134391701310974 0.139666310085529)
(-0.205845942462478 -0.113146739264314 0.131679327206697)
(-0.178568116942517 -0.111726827720662 0.127983536725549)
(-0.187347669548613 -0.141702079112442 0.116339167900515)
(-0.140054445208197 -0.0374951912069683 0.12283292623852)
(-0.0105741934989826 -0.0476909717343934 0.405772757701147)
(-0.0275124634402937 -0.0695760043279617 0.41751619930696)
(-0.00321712817240536 -0.0760469262731646 0.415754406904898)
(-0.0306902320055322 -0.18756014649944 0.242610172884995)
(-0.0171100216383737 -0.17037686479217 0.253044927057979)
(-0.02931567120938 -0.148 0.23471370009395)
(-0.0988710482658387 -0.0574690900291159 0.171503192787559)
(-0.11120487985278 -0.0518587545003289 0.129076542359328)
(-0.0859347287888866 -0.0558265444450709 0.142765942915533)
(-0.0925754600045554 -0.0784192277251125 0.138800727808722)
(-0.182149964106909 -0.174829985200305 0.457473769614889)
(-0.197927983415787 -0.151708391090093 0.433596108262387)
(-0.198813462920458 -0.183200478644614 0.422007641968828)
(-0.207726005109194 -0.191766850805953 0.443524501692291)
(-0.0280016987821387 -0.180512286561355 0.389823337257638)
(-0.0504724944699322 -0.148 0.368471457561452)
(-0.0492113895530172 -0.182604326667181 0.382802373307241)
(-0.036819928249738 -0.15657402933573 0.403985753563131)
(-0.0312223356438375 -0.0634201166537042 0.210030571659568)
(-0.0102046222615971 -0.0766009351095164 0.206719602148863)
(-0.0707728063808522 -0.115607954475745 0.44401314642142)
(-0.0927799098976802 -0.123151491679703 0.456753266876585)
(-0.0886840222126589 -0.102815772749397 0.483051535492272)
(-0.0897336078845038 -0.0831829357037585 0.44990504404568)
(-0.0276510379340779 -0.070258445885272 0.4422343436586)
(-0.0458629626090894 -0.0914721363675755 0.435571463552227)
(-0.0336093668651904 -0.0932253380512582 0.413591681981941)
(-0.0605307376369497 -0.0690443742203146 0.231632332944089)
(0.0571130979972582 -0.0976305280755217 0.314961542751921)
(0.0831598947483844 -0.106545576907018 0.28264355672937)
(0.0640068755841613 -0.083 0.28746388035472)
(0.0753053558093489 -0.077531246298486 0.312376459099897)
(-0.110969502811373 -0.0279739350858673 0.4327401449234)
(-0.109378559369895 -0.0214943788853385 0.473528905768147)
(-0.114432166522104 -0.0434678838445183 0.466132489067689)
(-0.0848298079607037 -0.0394678651401296 0.453170705705643)
(-0.135034483805234 0.0237388436950177 0.0878328251515638)
(-0.078959138454638 -0.148 0.137470944977631)
(-0.183997490483099 -0.163078033227275 0.0923366030541251)
(-0.18775219484366 -0.190715154782536 0.0924616183719517)
(-0.12425577487264 -0.0389852504626698 0.332735528559145)
(-0.104088825922355 -0.0547441247105509 0.321285649448146)
(-0.103573300050891 -0.018 0.303638639691505)
(-0.137230327946642 -0.190130657953312 0.0689230527982087)
(-0.0139229036812569 0.0105899435720478 0.486762176445958)
(0.0243204132006067 -0.028223283419635 0.48690318165188)
(-0.076429111812178 -0.172170246890439 0.404278920733897)
(-0.335159221663251 -0.0551023835103856 0.0330968812931105)
(-0.327818996126265 -0.0773157594214973 0.0377022819254526)
(-0.102105828028136 0.00248308800662983 0.164792532268658)
(0.0880708419124376 -0.18766305245607 0.342242774208448)
(-0.327648206649807 0.0226436526658614 0.340492621683747)
(-0.281473608453966 0.0201035713634257 0.325339154599057)
(-0.304425856735386 0.0223297353261653 0.300656934963967)
(-0.174939782831195 -0.0604827987126221 0.148344143326431)
(-0.304898861314674 -0.0779912210007807 0.0247604297187318)
(-0.27207932501109 -0.084474066896687 0.0260930242485854)
(-0.309290312114872 -0.104540509894146 0.0370830105270228)
(-0.116316179034298 -0.0874699718613076 0.111904541556675)
(-0.171094155241869 -0.153366621172366 0.0559326379399548)
(-0.203063398435447 -0.156001433781088 0.0642142144249655)
(-0.227228646319929 0.0199032661804609 0.124382680268646)
(-0.241413825568821 0.00293426237936924 0.151546928887337)
(-0.0179650117497066 -0.0100403555688934 0.0495002456465858)
(-0.284399784730385 -0.168759588868524 0.146200670831353)
(-0.264035911859944 -0.17978117001962 0.162301202692794)
(-0.270447048998037 -0.186534371871223 0.135062331401171)
(0.213055892458482 -0.166332380049221 0.252949098534658)
(0.182060919987761 -0.159733054744693 0.258093142225611)
(0.209348585407683 -0.14827366522998 0.267695098018977)
(-0.172412690142454 -0.178385286109604 0.395617162596105)
(-0.137570570640626 -0.18249650273581 0.421791059510586)
(-0.214763937566121 0.0220910124444569 0.261576773967988)
(-0.197205541345744 0.0048533694234768 0.239120937323331)
(0.109986143660326 -0.134327248337823 0.329553448217828)
(0.125117917729491 -0.108362944568518 0.354006384432265)
(0.144766234549478 -0.10959467056285 0.331406119420517)
(-0.277013259160168 -0.102839678681843 0.466689581502775)
(-0.27415941223229 -0.088909980015293 0.446523453034093)
(-0.29833260723092 -0.0763790053671956 0.45123195420811)
(-0.27207932501109 -0.0791439650126162 0.483905369242254)
(-0.0429522473458871 0.0223751648718865 0.135888746404837)
(-0.0457947396864465 -0.154823756387016 0.183564615423616)
(-0.061264553188666 -0.148 0.153304902170103)
(-0.184533556616969 0.0245886997169281 0.1123277888513)
(-0.0381184521956371 -0.140097259752369 0.156754711575561)
(-0.257277802685442 -0.184020194102453 0.287112815853072)
(-0.253322996134635 -0.158288513539081 0.29428885248491)
(-0.251401830492486 -0.160230161579806 0.254872824217245)
(-0.192095991493151 -0.152962414413953 0.018928225055357)
(-0.216427013198756 -0.0815663910513543 0.0597522976433291)
(-0.00268248981429558 -0.0681364228116272 0.456342124006132)
(-0.0332661521482709 -0.0505 0.30406696568586)
(-0.0292283969218716 -0.083 0.319946764855234)
(-0.0270447577228291 -0.083 0.292452938368234)
(-0.00533871493787606 -0.083 0.317329491603458)
(-0.00531334170134573 -0.018 0.249955308856494)
(-0.14672580280303 -0.0257391091959604 0.319352898170345)
(-0.209336075596099 -0.0816090415191471 0.0226039444419116)
(-0.197951106680356 -0.177405146731366 0.0209787370978686)
(-0.143117768095023 -0.0575599349003958 0.311873578001435)
(-0.281905175445515 -0.142919391890359 0.145165485442117)
(-0.25560381500691 -0.142670000357632 0.175197170148346)
(-0.254172761817534 -0.144500361844739 0.148537138116455)
(-0.206963135944699 -0.0602507104716279 0.0295778499042251)
(-0.294711460557795 -0.18852644340691 0.0470773396970279)
(-0.272918305821813 -0.174088085922228 0.0368162895101453)
(-0.276699450326143 -0.176966296277326 0.0606236724078876)
(-0.229866047235618 -0.187146141286154 0.381667956889603)
(-0.250156116072179 -0.17808251873161 0.372825758590895)
(-0.158190494512232 -0.150705312088067 0.035416760300637)
(-0.167292904679475 -0.186206399657616 0.290168181558572)
(-0.222687658347041 0.0218663898170748 0.17596682376981)
(-0.338662175464283 -0.0832234584547104 0.169261154617007)
(-0.328903565417334 -0.100506179051201 0.195453370723224)
(-0.33624272085575 -0.0744566628097861 0.193653689174598)
(-0.138593577272036 -0.16616207950785 0.474389545708633)
(-0.183715469505505 0.00217643115447122 0.454560212778235)
(-0.196356996223119 0.0221719727863397 0.449216073666564)
(-0.17942531844496 0.0170291280239697 0.424110647568835)
(-0.0651172834246618 -0.0952671667948821 0.481946428778032)
(-0.0531131183077191 -0.137659332673947 0.462811026497069)
(-0.0662399213295655 -0.135703485546968 0.485301450672584)
(-0.0278178724039408 -0.0593089437489955 0.325873981553326)
(-0.025046929343217 -0.0628072335913505 0.348711894870854)
(-0.0230837042085659 -0.0376368652524863 0.332862621714286)
(-0.0521046440039959 -0.0509120878976875 0.357682666921558)
(-0.237200664173269 0.0227380880769553 0.422748875284683)
(-0.26235378527614 0.0201883815496122 0.423994383621176)
(-0.0746046077517146 0.0231911376043763 0.375136281947497)
(-0.169807324974764 -0.0530979252822225 0.2166832334235)
(-0.147651785315025 -0.083 0.221301407514973)
(-0.161416037695955 -0.187758843499304 0.344056827117444)
(-0.199461836162159 -0.189073975457309 0.364460044282175)
(-0.197980555131429 -0.187658658909636 0.321028482864701)
(-0.0574107245049808 -0.0955900601022264 0.203123932487775)
(-0.141367286760179 0.0212887392582405 0.226062511397737)
(-0.18907069314967 -0.08230582866328 0.0333609223713376)
(0.00545905510631708 -0.0465506841448004 0.192701540375561)
(0.0143000114024254 -0.0764830315296052 0.199278349723968)
(0.0177301491600552 -0.0645501130078955 0.222070981103853)
(-0.232217350359133 -0.0207918831499255 0.409000858183393)
(-0.215785271005218 -0.006848739642486 0.395034282367169)
(-0.208891787393488 -0.0148631238991347 0.416968773824989)
(-0.223866489499752 -0.0368416156298861 0.394754790136399)
(-0.0948868649355144 0.0218731607326934 0.140769242176063)
(-0.0929161545842636 -0.124789044716419 0.0931708478964757)
(-0.0930796453503994 -0.112282990580881 0.0691795362174266)
(-0.0477179293946163 -0.161539081507247 0.131923353238982)
(-0.0513216108526448 0.0216653711346449 0.0472061689350058)
(-0.177888580260691 -0.0266725123211579 0.0720890721060301)
(-0.218506534638063 -0.0393456602725137 0.0626806027265961)
(-0.205866331997201 -0.0513600700785171 0.0893850263922669)
(-0.218351677668295 -0.0297678351112269 0.0915124880318119)
(-0.129953380537533 0.0209585459644936 0.183394359275698)
(-0.166569292544041 0.0218870016539498 0.192398113147698)
(-0.0295885636263002 -0.12513638172152 0.253041782886769)
(-0.00959387543325281 -0.131851725320668 0.236525464051001)
(-0.241014254488383 -0.0386240423825741 0.155814201635282)
(-0.271392693258872 -0.0363851867239205 0.173740375899093)
(-0.16550015889903 0.0191806427459156 0.0382760926741038)
(-0.0983429296553951 -0.168985138190874 0.0430250311137749)
(-0.093605505130122 -0.148256518697251 0.0642791164507161)
(-0.256171211429235 0.0235208532589948 0.301505158243906)
(-0.234985384365751 0.0209670223782592 0.319951370340604)
(-0.150931132771554 -0.102434577640276 0.101736054090135)
(-0.125201923282651 -0.109672010511418 0.118651382055733)
(-0.130437385755791 -0.089462274249376 0.133969910413851)
(-0.219686174931388 0.0255732646485208 0.0458448803210521)
(-0.16671959916689 -0.0799354423638582 0.0227251087983735)
(-0.0668465108216211 -0.129732382257492 0.227773598622463)
(-0.18491957314201 -0.0128521742591594 0.0442119279004749)
(-0.204524706662924 0.00764171432015735 0.0459651782577445)
(-0.0814777172669368 -0.132771409827279 0.119941451869252)
(-0.0850601189461223 -0.109534552703475 0.118489360784929)
(-0.106862159053389 -0.1063151559958 0.145226803488484)
(-0.0901854049411199 -0.118658506550019 0.158704122164157)
(-0.0273264184330724 -0.148 0.270501468111255)
(-0.0422395648963588 -0.137219350459119 0.419518007291441)
(-0.0107605238853662 -0.140198884277493 0.416649846262846)
(-0.0159281882492136 -0.126529911616902 0.451883747459464)
(-0.0305714996586085 -0.150195565235067 0.44818488487669)
(-0.156595260024549 -0.0530955325279186 0.111436822090642)
(-0.142357551247353 -0.0524015240711788 0.142413990466655)
(-0.141248164000284 -0.0701402606543923 0.118591132845421)
(-0.152967504438999 -0.0948096242423871 0.185050275513921)
(-0.155843512968902 -0.083 0.151684284834446)
(-0.295455881724348 -0.0810901753931199 0.370852618174661)
(-0.261091928141251 -0.0681776858077125 0.351234011413763)
(-0.274648914218301 -0.0658702696534506 0.391386470945625)
(-0.270591643319533 -0.0915650714641864 0.358470953709383)
(-0.204508213093695 -0.17359468597928 0.0899975458891796)
(-0.213768897960261 -0.161217570075763 0.112721588397774)
(-0.201471297338214 -0.145611097689088 0.0873882224538052)
(-0.223437308647211 -0.1533920699943 0.0839989233346802)
(-0.295338696369165 -0.178692071160126 0.417964235668476)
(-0.333944814067122 -0.173824928752854 0.425121160294086)
(-0.314346739110176 -0.167745900048388 0.401823611312046)
(-0.0831845196990239 -0.00184628449368248 0.208341677968048)
(-0.0727945700257666 -0.0369746258732748 0.221554176004383)
(-0.0757771384534078 -0.0254080910272743 0.19992785515284)
(-0.200263925838593 -0.105592720740803 0.222641075170695)
(-0.186484033607236 -0.117605713578757 0.183867678301228)
(-0.201110738144481 -0.130224500306086 0.198245964143329)
(-0.0147849044465925 -0.0171117514648206 0.0931320499370277)
(-0.0816428386067774 -0.122815181815504 0.278795712724522)
(-0.0848551963528431 -0.124573334432162 0.247564047397353)
(-0.102256490930377 -0.129975704345734 0.0492042520643058)
(-0.182505371281007 -0.00347854280187285 0.143365781528756)
(-0.243398390420074 -0.0526093094228531 0.0712293029658287)
(-0.240800597200555 -0.0244719793153946 0.0832235551719408)
(-0.277195567083846 -0.0492008315542456 0.0898348858807801)
(-0.219684142821989 -0.13695144435645 0.0412833869957624)
(-0.19441842944839 -0.138786245659537 0.046603722989857)
(-0.209631154905406 -0.157163640170775 0.0413592842410295)
(-0.203965605702294 -0.163951298498751 0.194689826409119)
(-0.191558347463476 -0.148 0.16400772104735)
(-0.178094715568398 -0.167208450803319 0.199173242436556)
(-0.0990364786749191 -0.083 0.185600083274406)
(-0.227766637441011 -0.158477417381666 0.0243642482677198)
(-0.234438857083208 -0.153565095583163 0.0590571641107628)
(-0.24524290142943 -0.179266473060548 0.0332663299990444)
(-0.133409894397051 -0.16745973876394 0.119506820069014)
(0.0748487445778803 -0.08010280691045 0.0428710316677952)
(-0.210146892561485 -0.185916262995866 0.0374984526168937)
(-0.182821483809665 -0.179875795412835 0.0381222328741266)
(-0.240971681375806 0.00343677676566184 0.409504714291422)
(-0.253134153513011 -0.0366124699929768 0.413899964385646)
(-0.247577533034078 -0.0220011866950937 0.434808164864739)
(-0.200219556098868 -0.1904298519812 0.0716039173952828)
(-0.22121421987667 -0.175985739336797 0.0746998916727082)
(-0.0934261461330013 -0.130709112235093 0.180892937229288)
(-0.113205966631638 -0.13146744202022 0.148796451986627)
(-0.240449441390063 -0.185018759766473 0.0902120836171133)
(-0.23329491714328 -0.0916398126775817 0.0299914483216809)
(-0.214345932266189 -0.115680051446453 0.0298761488216645)
(-0.166743700871039 -0.0985151829647992 0.040793422137415)
(-0.167117077022317 -0.105372350100226 0.0780622651164543)
(-0.170485768133593 -0.0839354031436837 0.0618829363640791)
(-0.193139826950731 -0.0588657190050239 0.132146749912564)
(-0.178195341805611 -0.0855021043172337 0.12909886945838)
(-0.157661759834339 -0.127614277959453 0.25189648391346)
(-0.175722910917277 -0.109964592970545 0.231389912186065)
(-0.159959967218564 -0.10481591883389 0.253321137763019)
(-0.0953218977878662 -0.0953635245839002 0.0313560476740563)
(-0.236064586659602 -0.0539117188389316 0.418518521955753)
(-0.0271087784017752 -0.0833225061837796 0.0651961527560688)
(-0.0631380860257458 -0.11356479209444 0.147623836320476)
(-0.304090139112656 0.0245013089031163 0.222607601078842)
(-0.302690035485008 0.0272305562465487 0.196602158209001)
(-0.329141205352305 0.0217180539572796 0.190911515299028)
(-0.120547002573021 -0.162605673529243 0.068040433287997)
(-0.332466543788005 -0.0647855835570951 0.216685765839968)
(-0.331500632478678 -0.088040583138628 0.222936900472063)
(-0.120082772950524 -0.0895411703952745 0.0300848760416682)
(-0.158537233904883 -0.0574715119946126 0.0310548390366331)
(-0.27262206981752 -0.148776277292646 0.0308213490461579)
(-0.248345747643762 -0.190288118411493 0.144223887445279)
(-0.242922474951709 -0.182601241466927 0.174616666394238)
(-0.237759740319936 -0.170614563913395 0.152563954214526)
(-0.256791008444001 -0.0211701265497385 0.393730902842189)
(-0.298180086970335 -0.0962240835424823 0.115425148596301)
(-0.282335398255412 -0.103485679970929 0.157699622849479)
(-0.292670495956354 -0.125549337740254 0.128977052930633)
(-0.271992301952646 -0.0973224439604066 0.13334144228388)
(-0.206948024955446 -0.134560991377608 0.107182915451844)
(-0.223470423882758 -0.118974978446582 0.0992050236187231)
(-0.228098325007513 -0.136542372959305 0.116137472839694)
(-0.304505963325112 -0.021333896263284 0.329629370897866)
(-0.31273879459717 -0.00151011497941193 0.314407378513962)
(-0.291336630215837 -0.0112955455258146 0.309162858041497)
(-0.313360033474372 -0.166503816080323 0.0489987244649801)
(-0.302361113963522 -0.168482300039597 0.0215845459537754)
(-0.331452748585564 -0.18792664993428 0.0301236542469708)
(-0.336361746681139 -0.0728525003624567 0.0871982572409518)
(-0.337370691703385 -0.0349134762478868 0.0881074296286245)
(-0.261725295687631 -0.155979331855797 0.0648758138438833)
(-0.272203350585386 -0.156567830364286 0.0925143702486422)
(-0.26902402014305 -0.13296015668765 0.0833860289471219)
(-0.297344580151314 -0.149973199475286 0.0621860937862158)
(-0.263981914873485 -0.0812724092139838 0.0498747988235123)
(-0.252247643156086 -0.0871928423705106 0.0716989137434937)
(-0.260799498238727 -0.110905021602081 0.0579748521778243)
(-0.285125494992976 -0.192922692966901 0.0758997158000997)
(-0.303483463928902 -0.131930547952792 0.0300842820470173)
(-0.269627347872622 -0.187506793133797 0.109955648733466)
(-0.266462909567904 -0.00528468452556858 0.117779580308078)
(-0.268336145535535 -0.0031805936616861 0.148819150404891)
(-0.259477592121326 -0.0215897305263553 0.13622969628666)
(-0.244909561880368 -0.000404888829092987 0.127710704690968)
(-0.22496777867293 -0.0433634456152273 0.0326339235378625)
(-0.22765169231503 -0.016561475281197 0.0206879266458252)
(-0.194141576712855 -0.0338384435458591 0.0272198939773309)
(-0.337881854264092 -0.187085539791145 0.0587958818741732)
(-0.316532525623114 -0.188579825148358 0.112193285821281)
(-0.314897787837187 -0.175768033763362 0.136344983694232)
(-0.312147460906406 -0.0524771938845105 0.0283967438734878)
(-0.323915592351322 -0.03281119345447 0.0264307654726703)
(-0.290371367225316 -0.040310893773624 0.0298063818557364)
(-0.23803932306911 -0.137640403229375 0.0264232405729003)
(-0.12227113796585 -0.189038079878501 0.223528998645272)
(-0.270447048998037 0.0172122605488676 0.138327060209966)
(-0.220176634696666 -0.187302762582951 0.1586152773275)
(-0.292448959917382 -0.046734431794533 0.0569249574281149)
(-0.288479772685657 -0.0886157311949987 0.0498271858077641)
(-0.279953758638034 -0.0779006264494109 0.0727886640556824)
(-0.243799766838918 -0.1048148567568 0.112996833743693)
(-0.247801105468412 -0.0804439411296243 0.129333686545378)
(-0.215701088818422 -0.0770412165823909 0.125608405650433)
(-0.227327587765221 -0.0955488684992646 0.0907823336618478)
(-0.339100985518691 -0.0176726074810442 0.218709506103926)
(-0.178772205359428 -0.180283621216186 0.151902736855982)
(-0.196875391720854 -0.186377246245317 0.137481811103093)
(-0.318652021991023 -0.023961595742951 0.301281535386637)
(-0.134928783453629 -0.100172781403607 0.0472373968732368)
(-0.200856094362295 -0.083040397590255 0.202365689040081)
(-0.21553515217267 -0.0741321061557477 0.22159502035843)
(-0.235923389088441 -0.0609093656394148 0.207816251460712)
(-0.17897298978068 -0.179647026563768 0.17784168952128)
(-0.175543737026362 -0.0256398016370447 0.116069513820791)
(-0.174908241067019 0.00295570805299737 0.11942486355483)
(-0.209944735286742 -0.00367227234423871 0.114923925886852)
(-0.270921059908989 -0.0585196928516352 0.0284108236208071)
(-0.208221316742954 -0.187403145430137 0.112534847250672)
(-0.195567184351427 -0.163259388232494 0.130099883739422)
(-0.224002705473405 -0.181962967543886 0.131279464718602)
(-0.236162942437165 -0.182899765633831 0.259329706728631)
(-0.17852251670992 -0.083 0.159990580865424)
(-0.105584294164517 -0.12735758632946 0.11511720602493)
(-0.245889455843405 -0.0583788938313481 0.101892573139842)
(-0.26171207268202 -0.0838645471725286 0.0996056746395256)
(-0.337253837589986 -0.15623165179473 0.0262834590032002)
(-0.318918578452413 -0.0751628121020921 0.10526518082365)
(-0.335274300753688 -0.0531439605593248 0.109709200791824)
(-0.303790293453002 -0.0587408301797411 0.128452016108888)
(-0.306513649818844 -0.0421805469268772 0.0953887059867648)
(-0.29410523809077 -0.185438146523848 0.122886990668718)
(-0.338454969695235 -0.105038082640798 0.129769126475358)
(-0.332098491214541 -0.130248574941949 0.157426617389117)
(-0.224543383950466 -0.0332724751748536 0.18588396554319)
(-0.24639148443932 -0.0417789830406438 0.195412365010364)
(-0.242441132320004 -0.0208046923949998 0.174471781999567)
(-0.335522621016481 -0.170042717889144 0.149833767548079)
(-0.337068573490524 -0.187004105469985 0.171054786567427)
(-0.220448559822767 -0.156518020855073 0.140402609994299)
(-0.224756794914608 -0.128766320719069 0.143872250763282)
(-0.250558156098526 -0.133282638049286 0.12877637265367)
(-0.205656676340565 -0.16886638708823 0.156113439567261)
(-0.222460669281717 -0.168120276462238 0.174477495835942)
(-0.232032789392018 -0.148 0.180595184224832)
(-0.202259850562389 -0.134137549071567 0.287348810841869)
(-0.20433163423387 -0.148 0.307974904161642)
(-0.205682441542777 -0.120502004414594 0.310330534998103)
(-0.225405523781422 -0.12327888327252 0.295322744718972)
(-0.298259476890543 -0.0462614126003846 0.323742618429799)
(-0.15949002540713 -0.076004098885591 0.0975765282750192)
(-0.274425839509789 -0.0302923701062248 0.326180884390218)
(-0.168113488199049 -0.15045546584925 0.13988756898953)
(-0.337539205632146 -0.122504334860975 0.0232113397843945)
(-0.338082979322619 -0.0990126965665965 0.0529289629063406)
(-0.336220223055967 -0.156077839230811 0.173978502469599)
(-0.329824687680804 -0.125798653101973 0.182290314505877)
(-0.220043534018182 -0.0730358020935271 0.0865632899975681)
(-0.200838439970726 -0.0980639658782362 0.0889856721067917)
(-0.332128903566295 -0.149526658151654 0.0594283384199128)
(-0.312748923717915 -0.186615942900825 0.0711967538107077)
(-0.263837149947087 -0.110846769095416 0.0255132853884316)
(-0.316904301934863 -0.135789617131757 0.208315743625886)
(-0.330881950527923 -0.113387097611836 0.218896649172574)
(-0.171338083869091 -0.0362722584894494 0.0249911697579152)
(-0.193159884963515 -0.0117894093362805 0.0215647168236736)
(-0.171016254807588 -0.00570751443702598 0.182341189019592)
(-0.188076702467214 -0.0125482112490279 0.197914196416866)
(-0.281611233709613 -0.155183599304393 0.115938674091232)
(-0.300627091086285 -0.154434383819588 0.130383741065811)
(-0.275123763708348 -0.152918306442705 0.47510267887645)
(-0.270023495673433 -0.175022244504784 0.47974367273241)
(-0.184218449055812 -0.190428925381301 0.477163392044766)
(-0.222460093558837 -0.19003208322078 0.477922681185814)
(-0.271925104320898 -0.192641976719335 0.339747832390412)
(-0.174486868669302 -0.081608638942697 0.48466360484088)
(-0.163738142573642 -0.0820508791312313 0.442788574297628)
(-0.149772639635315 -0.0818610624407992 0.476041180281621)
(-0.322968067934835 -0.125219804528907 0.0541526513419129)
(-0.271503254249158 -0.186063334835636 0.199209162936463)
(-0.224376333658318 -0.182788615115317 0.192472529145349)
(-0.242657534618486 -0.164493943505399 0.207186829534535)
(-0.271765906912702 -0.0170187688714108 0.453336357771774)
(-0.278172864009131 -0.0173123076971218 0.424899170642025)
(-0.268926181284129 -0.0434866183668631 0.434336400417532)
(-0.318856147527506 -0.0913042518448236 0.13301086962268)
(-0.337124245565679 -0.107298016688549 0.0912319355633383)
(-0.260929636065348 0.019258077013923 0.0943773001113221)
(-0.297358587621646 0.0250233804702678 0.166393046864109)
(-0.314539454321677 0.011082851482645 0.134044911481692)
(-0.247325440412374 -0.179401628792468 0.122846661178838)
(-0.322440307384423 -0.168375852652803 0.089108056233654)
(-0.279601723338222 -0.0588685998983137 0.11231564610081)
(-0.275681545252667 -0.0775176663821347 0.146501102525246)
(-0.290046440067069 -0.1134988726499 0.0664413278168936)
(-0.107793644638408 -0.0974859089235105 0.391382843377083)
(-0.0891802598637344 -0.0644674932349051 0.385968031406899)
(-0.0660518028425838 -0.0881040358558007 0.381247123763933)
(-0.0960759992313633 -0.0769628578562116 0.362133788868795)
(-0.289639017627275 -0.188676787664033 0.1752120123773)
(-0.291163292647144 -0.159787234274336 0.209228508877453)
(-0.310252450156341 -0.179401572429956 0.159729418293899)
(-0.323730543319289 -0.131539577386311 0.0774859567398468)
(-0.272569559721665 -0.124187327184361 0.109863546567943)
(-0.298598965920949 -0.143431941729107 0.103118032503551)
(-0.305789249809271 -0.118576343202962 0.0902997878321222)
(-0.309094423752037 -0.0981584142411969 0.170675618197443)
(-0.276805376503962 -0.0709194062330822 0.183565445839525)
(-0.315944494791883 -0.0665057898007747 0.167724723920165)
(-0.294703200828571 -0.0834453625240837 0.198512109747678)
(-0.158873940336423 -0.0555513097637294 0.166240572643749)
(-0.24523675644113 -0.0650600253545125 0.0490754633754554)
(-0.289642282368453 -0.179039293735788 0.0960846206327067)
(-0.25298023279417 -0.141900086773613 0.0470966226501801)
(-0.334078347970494 -0.133358798010685 0.101221319230138)
(-0.279145958117078 -0.0204166404410912 0.158194488761056)
(-0.287386435995849 0.00351511701112695 0.1607337523913)
(-0.300627091086285 -0.0125964378528634 0.128022629524627)
(-0.330753481366906 -0.102303042766499 0.159552850754158)
(-0.335465334385423 -0.0228006916580945 0.0650488570860836)
(-0.312958432409323 -0.0337294587826752 0.0519536225546274)
(-0.293117956603212 -0.0283043116032403 0.0742450314586157)
(-0.339021978237137 -0.0316449884712823 0.236985379060593)
(-0.301886830454732 -0.0632822989538546 0.0717810034892378)
(-0.310597361082757 -0.0938211334417429 0.0658758594760521)
(-0.24255082546466 -0.0568897365752219 0.0260759708035424)
(-0.299716182872073 -0.0211204230185316 0.199991907884261)
(-0.263996967879718 -0.0166821048367494 0.197895525930471)
(-0.286533915127954 0.0103974319351614 0.211327947348055)
(-0.29745583870312 -0.016115164497058 0.226339734298085)
(-0.330948989573595 -0.158752976070006 0.206603006848584)
(-0.30537705506497 -0.166109482657521 0.230306463876167)
(-0.314783529946632 -0.169658543482256 0.187651810914742)
(-0.261713577090903 -0.163261679980225 0.133562813721068)
(-0.337035428282533 -0.0833426310306486 0.145782818914568)
(-0.338385511468384 -0.0736396931095389 0.122494644191105)
(-0.2683632245596 -0.0490304568390686 0.065308994443765)
(-0.31885627883882 -0.157288000299766 0.112960183033903)
(-0.330976471170693 -0.147160058239377 0.140199515479218)
(-0.232370240253874 -0.0245516031027066 0.123797964680523)
(-0.188685992752364 -0.126007752733499 0.0958492086522929)
(-0.162289329888543 -0.146277426408687 0.108014265351865)
(-0.162171236658111 -0.122522949832808 0.105803145172309)
(-0.0433489709908932 -0.0330563628890265 0.109378081049471)
(-0.0334244733546467 -0.000365051279633299 0.0904671921962002)
(-0.306595973958046 -0.000103788393975345 0.0396071619549092)
(-0.262790674897014 -0.00999494915712613 0.17270460797717)
(-0.134269272583612 0.0230024029451664 0.32880164555344)
(-0.118401359930102 0.00777921169984931 0.351890731162085)
(-0.134995497257454 0.0207020869927781 0.35859396555878)
(-0.212110440080847 -0.0962745711872291 0.110700102829555)
(-0.193626559412465 -0.0742148406642553 0.0913314221268326)
(-0.324917340193765 -0.0562507361878456 0.0528923071142247)
(-0.23612753360392 0.0202029454361269 0.0902120836171133)
(-0.234072328246049 -0.0206733304632311 0.0562501661408568)
(-0.230194200034165 0.00584377116751201 0.0388084772345908)
(-0.338238117349281 -0.0109412877160972 0.0884548076665193)
(-0.312316465319775 0.00268057896142892 0.0988411059094038)
(-0.322307443652451 0.0170817033120704 0.0302480043267953)
(-0.331179331909916 -0.0107603159858706 0.0251527762960412)
(-0.274373808866455 -0.0154841210223779 0.0964639139501156)
(-0.266402968088491 0.0182981346234469 0.0237375189850536)
(-0.216350926603121 -0.126977790109065 0.075202325549961)
(-0.241736376640355 -0.126866010425014 0.0670043672331922)
(-0.174278730483397 0.0262094314965159 0.0616336630093955)
(-0.327556351675795 0.0223933787369389 0.111463547227571)
(-0.211463798127804 -0.0254713600187464 0.0457314307763189)
(-0.220040951918937 0.00815033711287378 0.0638149051556927)
(-0.0691831880701538 -0.0412086114254376 0.26477966623051)
(-0.0888692451243074 -0.0355756850546275 0.276153307551792)
(-0.32045507912218 -0.122117510939269 0.13456489153105)
(-0.170629158989635 -0.00367563686790561 0.0276247258170108)
(-0.277777337387645 -0.0398290096610779 0.132843512912923)
(-0.29898028275947 -0.0397174039218705 0.14770076412185)
(-0.245773835971339 0.0227241493629925 0.183232353924159)
(-0.0746013788350556 -0.0267233503735578 0.295233238884494)
(-0.0486868117171702 -0.0295310464886241 0.286795852833234)
(-0.284294292933633 0.0149818903170715 0.112955850251205)
(-0.291157581566816 -0.0423798272829624 0.19969187458972)
(-0.311628016749017 -0.0414506043198695 0.226389571410495)
(-0.330881950527923 -0.0405767584655446 0.213322533802342)
(-0.33101497441054 -0.0546594425503466 0.238519223380993)
(-0.317573937576694 -0.0775066535387131 0.253628131157338)
(-0.301763901055846 -0.081115164497058 0.223068612392554)
(-0.334949895901697 -0.0140029072413172 0.153581495024803)
(-0.319612552371067 -0.0275012557271165 0.188769379853014)
(-0.336692907330337 -0.00462253546843612 0.176290226024325)
(-0.328989998423743 -0.0392563098598198 0.171909414355773)
(-0.257719030567509 -0.0643281742467519 0.190967358477165)
(-0.331064412646084 -0.00849951694477782 0.129020744361173)
(-0.172789151138108 0.0257120438147631 0.317539497532263)
(-0.181906861287919 0.00965608670939777 0.29983609703357)
(-0.205908931644042 0.0216229848869708 0.296925904799563)
(-0.323333511564982 -0.0217496914541269 0.477704551894587)
(-0.24933626033348 -0.130195646366362 0.445592034247622)
(-0.222069427613953 -0.150823917656358 0.439572988307606)
(-0.243676306045932 -0.131660070026569 0.419990220850308)
(-0.214032449757708 -0.129496234516639 0.448875370070582)
(-0.334990922973687 -0.189631139161973 0.485403566662284)
(-0.0273298660356515 -0.179435888413942 0.365137877159986)
(-0.328798964097959 -0.0708439357553275 0.481669643485858)
(-0.250939956078167 -0.0596173143083274 0.396979761827362)
(-0.261080845003038 -0.0617241051832413 0.421681749165649)
(-0.258831537693214 -0.0825181330470504 0.410445527856983)
(-0.288417992828272 -0.125396805510023 0.480283595310983)
(-0.00607333401042184 0.0138414598451889 0.462752888335476)
(0.0143304330187885 0.0191741430386887 0.449092354856222)
(-0.0924271701705005 -0.0505287341951219 0.47995252202284)
(-0.0706614029551328 -0.0612969275767224 0.44029167125666)
(-0.0656409428987779 -0.0431794632125185 0.47992680271075)
(-0.0734855871416105 -0.0701100804756996 0.483000152754415)
(-0.167492143084099 0.0126009745709217 0.243056481969982)
(-0.14686389739654 0.00172916996228473 0.24126567682237)
(-0.17609062120492 -0.0070653114866204 0.253563524225199)
(-0.154750160930929 0.00478991781304843 0.098351518484086)
(-0.153259439897061 -0.0299509324700091 0.0966645146199007)
(-0.038874578352574 -0.0352227715887811 0.260184711311925)
(-0.290183373435601 -0.0921517900742587 0.421805330288179)
(-0.107881444500872 0.026646467876954 0.0985399233713205)
(-0.0690879711959225 0.0222601040548604 0.11271268190795)
(-0.291269135358757 -0.104694473837373 0.208390318596922)
(-0.295010109030114 -0.129441242728386 0.219174603801143)
(-0.298209540189858 -0.110668670932405 0.186936666296216)
(-0.264188957623843 -0.130358228456528 0.195560864246205)
(-0.149175847792925 -0.125003263649308 0.126531135437184)
(-0.168497319053092 -0.12485152454358 0.147027662677131)
(-0.280836064419244 -0.157834787455675 0.244683972331568)
(-0.271904399861513 -0.140203276221397 0.231127550866712)
(-0.317984650939337 0.0028314950775604 0.223485420617302)
(-0.333284164744336 0.0195281841163945 0.230527329733426)
(-0.12648978616156 0.00709829177471047 0.262334941709455)
(-0.140990093965062 0.0211782738899462 0.24983908954164)
(-0.155610257743602 0.00233716842223694 0.263695763608972)
(-0.140252242205995 0.0128971639346793 0.289445230997718)
(-0.336801841588886 -0.167061039361276 0.348794688928434)
(-0.33556172415687 -0.158559857511091 0.384749121925291)
(-0.327860159047611 -0.0423841773039958 0.134052265942767)
(-0.231477628369614 -0.0563094072081234 0.169354998928434)
(-0.23732287599014 0.0171839878763812 0.251320594032585)
(-0.328463378059225 -0.188047696150119 0.249497603792417)
(-0.0914325595157858 -0.107607578676167 0.179442419721701)
(-0.0843476468812077 -0.117689094696574 0.201491950656456)
(-0.195003376856577 -0.188850521547153 0.231780419469938)
(-0.294624992244249 0.00604270159927828 0.233115470308293)
(-0.279026051510518 -0.016594254389284 0.242487973948635)
(-0.265470795778568 0.0155761285572478 0.260348767154872)
(-0.196816405421748 0.0260628754855885 0.0234649974393775)
(-0.240023585259138 -0.0191537281419704 0.219210386338726)
(-0.217302391063705 -0.018 0.249167914906054)
(-0.231571429203706 0.00544299675028779 0.227662237756785)
(-0.251373764534775 -0.000258989291757135 0.246203453310574)
(-0.144689894585125 -0.0119848687437192 0.0392185036978508)
(-0.189193626693882 -0.0720937003627502 0.22150607310287)
(-0.162350576306483 -0.0528109064964759 0.078099743628277)
(-0.144940709418792 -0.0511890672067539 0.0593505340473207)
(-0.0376412468581379 -0.0493766552532341 0.279084466828626)
(-0.029180647118909 -0.018 0.275428228910831)
(-0.159838553618249 0.0175300240928411 0.0779031741591588)
(-0.198064883683954 0.0276896058771644 0.0618137594868003)
(-0.121911937180569 0.0221453579936469 0.160465875512486)
(-0.218098986328728 -0.0547019966506606 0.109751187775068)
(-0.191169937957341 -0.0513581525837439 0.108594079327562)
(-0.293744954534923 0.0251902900125478 0.0646613859995001)
(-0.264035911859944 0.0152188299803802 0.162301202692794)
(-0.0672316491967164 -0.0631091691489327 0.275879832881357)
(-0.338455393766894 -0.0327345338136831 0.0430473374846748)
(-0.203999350601784 -0.031503735915488 0.120519157685848)
(-0.05165953242484 -0.04439316311414 0.427633254889237)
(-0.313918329099444 -0.00467215161938835 0.189423210900503)
(-0.314736556247655 0.00122404568174764 0.163786787879522)
(-0.335461721209715 0.0230991524132105 0.486663750720953)
(-0.0338161421269184 -0.0733587325523133 0.264627304678436)
(-0.0503612879389507 -0.0599557498582427 0.257411204511508)
(-0.0168601197211805 -0.0564863592565846 0.271302950961606)
(-0.169043950507627 -0.0555706014206047 0.415924736509778)
(-0.179019953129873 -0.0497737208873291 0.440688474265825)
(-0.179412631349951 -0.0774017475188045 0.42134535543393)
(-0.154562845958236 -0.169904953654716 0.265261826752387)
(-0.139670985177904 -0.171289521446299 0.234788297515588)
(-0.158017242213775 -0.148 0.242348959179573)
(-0.136673881487481 -0.148 0.252410667118845)
(-0.207328579351961 -0.0605186659620324 0.154973094724951)
(-0.0356347636628331 -0.105417236135921 0.133074214978427)
(-0.116209047832098 0.0220184166155602 0.374025158634796)
(-0.304362001933617 0.0252060949306212 0.0927006982678666)
(-0.278654283376717 0.0196426563476377 0.184792206175796)
(-0.228320189654362 -0.12714728826165 0.22388215110206)
(-0.240646599775958 -0.109320440780766 0.242378451317638)
(-0.228632155370142 -0.0923111291286981 0.211992438438413)
(-0.25882519501669 -0.112349938006601 0.218850539822196)
(-0.311155538626398 -0.0195602775578517 0.149600547449412)
(-0.29320971496809 -0.0766925416163717 0.100332453410767)
(-0.288838251584808 0.0262833513421804 0.242452346138077)
(-0.331549502720287 0.0211671994711202 0.149982941834894)
(-0.298814686104547 -0.0179545994289255 0.177124660129953)
(-0.279921612999512 -0.102945690380203 0.0937972200279685)
(-0.21198573163999 -0.018 0.171700053678723)
(-0.335452864060138 0.0164417805097327 0.447982696302016)
(-0.0821073627359095 -0.14625751295905 0.358266438107812)
(-0.0751350159401761 -0.187810425477733 0.372070512653956)
(-0.065675498600187 -0.143624166160474 0.386235931285373)
(-0.0910629119834 -0.161616103678691 0.388108177557414)
(-0.287516368088362 0.000306905948835615 0.45929887854897)
(-0.293707031949124 -0.016258364820275 0.478739130136892)
(-0.289506960160369 0.0219396863292024 0.488742687757877)
(-0.318891045420192 0.00442563365509241 0.473398039012447)
(-0.285869129288204 -0.0548164109029551 0.168627679261718)
(-0.267935039617186 -0.181765226490457 0.231135286436838)
(-0.164099537894862 -0.188485641037267 0.195933655780763)
(-0.156634599865641 -0.169556677861344 0.183486003210557)
(-0.290894937296003 -0.191416495412828 0.25246953595335)
(-0.00403474929620303 -0.0390811866852298 0.301361606840387)
(-0.245082102011325 -0.15904147229855 0.108817540291813)
(-0.0957824805585749 -0.00263548926012809 0.0428232222196229)
(0.0430836788918488 0.0141203287053952 0.0926625426309805)
(-0.112600106668495 -0.00776057916097615 0.10458480226837)
(-0.0764117798207255 -0.0310205890786427 0.0474227906588336)
(-0.0654806123566006 -0.0164208709339637 0.0649282405274163)
(0.00815721890611963 -0.0270983855854763 0.106802538862956)
(-0.0629281643759946 -0.145159673473528 0.0479928375194174)
(-0.172992034701937 0.022024772477697 0.267612714069531)
(-0.0589906917473431 -0.0110868854902189 0.207232126318612)
(0.0137519342079594 0.0251735502931629 0.14710336263513)
(-0.0449678685326728 -0.0790473129262942 0.117886738873927)
(-0.060667678000522 -0.0848093064359127 0.100487892673752)
(-0.0407448549742395 -0.041318795168907 0.209731935399936)
(-0.237586094317027 -0.164932623514635 0.389093029275013)
(-0.273616746059014 -0.146900538091853 0.368776769398015)
(-0.102518209570752 0.00518116913042719 0.0852449449107976)
(-0.0765943055844505 -0.105207385671632 0.309451940978452)
(-0.0612331105859149 -0.0877535958302591 0.322213558381521)
(-0.0883207660558545 -0.0873469735378136 0.292918853068982)
(-0.0887392631552527 -0.0795052347590446 0.323340034260291)
(-0.0538232976879207 -0.083 0.291260441327998)
(-0.177816066875092 -0.174708626495257 0.305401238149198)
(-0.05556366080215 0.0142257813285012 0.0903762956332205)
(-0.188921405754452 -0.0539938934739827 0.0591670867306497)
(-0.0632784109594531 -0.107459090640494 0.281525344771284)
(-0.0629695327751053 -0.129239225186714 0.294681031319809)
(-0.131047614968575 -0.0672717301877999 0.0297152075124683)
(-0.193358502749494 -0.131512953795794 0.0674750493497747)
(-0.175806941341074 -0.0153222481427294 0.0953925993246505)
(-0.233194480079809 -0.00254430314342152 0.103412096808261)
(-0.205520570148655 -0.0582205724032667 0.241024619506211)
(-0.176093342821832 -0.0419786099939145 0.238292255771482)
(-0.212253694462057 -0.0412585268256054 0.216872188231802)
(-0.109838700267567 -0.170475066782391 0.237973480860491)
(-0.0969297882529474 -0.0308214596273932 0.230645399331089)
(-0.0421326897709871 -0.118467264188069 0.296980533385317)
(-0.143678368782489 -0.191900717345035 0.268194782589246)
(-0.0501876930282035 -0.018 0.137388454025415)
(0.0347310103609911 -0.0149572667313889 0.27105288287576)
(0.05980205533821 0.00508018767785546 0.250488020197895)
(-0.140417507488983 -0.0439568594559937 0.360716461960557)
(-0.132813485772993 -0.0461515051862034 0.386034348265017)
(-0.133512146663582 -0.018 0.359857289997681)
(-0.150681020697415 -0.018 0.37362246530607)
(-0.0787675915583824 0.0123057166265456 0.489230771277546)
(-0.0544330948254194 0.012768024495805 0.489070910263304)
(0.168996619112783 0.0209164388084809 0.202676936455151)
(0.0125943108779445 -0.190380116409016 0.334185648178399)
(-0.0954575173723109 0.0168254883775723 0.268073486288808)
(0.0779706980120351 -0.0597211028941579 0.253735491181636)
(-0.159270166476451 -0.148 0.20824321281512)
(-0.154441699366827 -0.131466318362605 0.185188907518704)
(-0.168734641143228 -0.148 0.170085276579185)
(-0.0800201640229801 -0.0381292411964648 0.121580894119087)
(0.00850829549863064 -0.0249759450656798 0.181912902971735)
(0.116753650120341 -0.117283194950409 0.0932221138649616)
(0.065844661705304 -0.0232834114614526 0.358652640579701)
(0.0619443804872382 0.00963631318861888 0.364973370369838)
(-0.161129418785572 -0.0582239906147761 0.348645537193108)
(-0.137159029569569 -0.0597207675068957 0.342972654693583)
(-0.152103293024114 -0.0639122367843058 0.384022641275849)
(0.10643570322529 -0.190967110815886 0.329651688762259)
(0.0849973274190454 -0.169035204015633 0.308586323167078)
(-0.161580224246069 -0.00295471010913089 0.338170822259135)
(-0.155530128442834 0.00550799316376491 0.361209868067422)
(-0.155951544053289 -0.0283479251440796 0.340894696954822)
(-0.243172450259084 0.0163970595057242 0.485814372840162)
(-0.22442343585186 0.0148157823087895 0.466053608300407)
(-0.093491254546606 -0.0269099873003327 0.367475730416295)
(-0.00930759625976454 -0.132450425230675 0.274878455222358)
(0.019764285368365 -0.12850944310684 0.27985671559619)
(-0.0532472290671883 -0.123577225595836 0.207408894287659)
(-0.0753116590882933 -0.185793019582969 0.244846566912336)
(-0.111186807201743 -0.00602474284273284 0.244335516200223)
(0.055121963433176 0.0239894059681915 0.430685540459654)
(-0.247867731331377 -0.120380575959365 0.183276259993201)
(-0.237062741838293 -0.137693155588778 0.202085425153651)
(-0.0619578305935499 0.0163189669812996 0.458941042105071)
(-0.0865019463174983 0.0229098454469632 0.46769304485834)
(-0.124123529900542 -0.07162491797255 0.203024022974643)
(-0.287302533697662 -0.130587524991931 0.164629309217762)
(-0.305487102180973 -0.152313080461164 0.154429851375393)
(-0.307471585550406 -0.134170367344679 0.177574082214608)
(-0.135691761661556 -0.0585235827510891 0.280990355215966)
(0.00319298772723028 -0.018 0.15867016323712)
(-0.096405716990092 -0.0564138914249868 0.438709582603538)
(-0.103289617940844 -0.0760371734915537 0.404666027520993)
(-0.115848670555575 -0.0345793457249217 0.353466111761379)
(-0.116813719512103 -0.0750503280858918 0.311622885152752)
(-0.115454647425038 -0.0779855137625873 0.287397187103941)
(-0.14414197562845 -0.0797397345906433 0.302501851711937)
(-0.237968416539438 -0.149329150417321 0.273189156747577)
(-0.249112198012361 -0.157298685222564 0.461524941267254)
(-0.2477269568162 -0.186072479579091 0.478541387190399)
(0.0483196406495628 -0.188525478027782 0.401915292688276)
(0.035973832450671 -0.167650870305164 0.405798311391435)
(0.0649429366570033 -0.15860151877117 0.415153439611515)
(0.0641778751247495 -0.169931491810284 0.393473333643801)
(0.000251326031927138 -0.0180485730706477 0.472578933732708)
(0.100345148640921 0.0025617344139581 0.0713191648729965)
(-0.205654412138209 -0.104533687658763 0.3568165631642)
(-0.188755912549226 -0.103432420457476 0.320051831533103)
(-0.162522070631586 -0.107402567079582 0.349204391807414)
(-0.205990919923482 -0.114142571803852 0.334405702395252)
(0.0823262677014396 -0.0436674122467383 0.0380784134022042)
(0.0125866265519152 -0.136876189191381 0.413459911373265)
(0.0457562569979992 -0.128045083753672 0.418473913591048)
(-0.267935039617186 0.017650061993399 0.228829742010769)
(-0.0489039386010192 0.00360591670667878 0.350560558573722)
(-0.00478626506134324 0.00790079353566298 0.348680631299879)
(-0.178406929587631 -0.157117984557239 0.387085594569336)
(-0.169099878354824 -0.162732371512122 0.365521608842569)
(-0.331523704216003 -0.16649844156226 0.262563259631288)
(-0.333546057306272 -0.179850215217631 0.286208003426903)
(-0.333570246727604 -0.13813729558473 0.2854693108825)
(-0.0393230539101009 -0.104897576004195 0.217888874746768)
(-0.0619013608245386 -0.0484529595549358 0.241743894470349)
(-0.0824060193061946 -0.0581497427078435 0.24903326593759)
(-0.161720448024266 -0.148 0.288587511187759)
(0.0379913637764985 0.0245849172583648 0.143478609452462)
(-0.0209319466122346 -0.0132874124795008 0.299830275561025)
(-0.0116168324366864 0.00452045806435927 0.270246079745205)
(0.154070865681127 0.0264238676362969 0.413431627375785)
(0.186765607723184 0.0177663771765317 0.41633124533326)
(-0.203227264048333 -0.0035012600642038 0.260609316744251)
(-0.177785357296964 -0.0300495607684725 0.25815495175299)
(-0.203281891054701 -0.0471585294216835 0.263806255319086)
(-0.158686561826896 -0.000507261698197444 0.310308322901804)
(-0.160969100293671 -0.018 0.293134253674882)
(-0.0235526399667108 -0.167800156102129 0.430392427855562)
(-0.000504141513303685 0.00692846529466958 0.201398856113705)
(0.00654864702489472 -0.018 0.226014211653495)
(-0.140009688197287 0.00097498957115438 0.322287156571133)
(-0.0139755364143127 0.017929406416448 0.416527373155115)
(-0.0488033742483204 0.0145 0.412589524437505)
(-0.0219665484610279 -0.129934542829643 0.386269525595822)
(-0.00380072888472434 -0.143811050134159 0.395148124013105)
(0.0391114323846221 -0.0200404883305872 0.429318090924463)
(0.0662029918276045 -0.0024370683698795 0.448220883584491)
(0.0458511621087826 0.00635699395930033 0.415824529930129)
(-0.11266885437229 -0.035405609142108 0.250307833393807)
(0.059137569759603 -0.00551885469797922 0.394653804398769)
(0.0689795751611168 -0.0061928347156929 0.423175696539668)
(0.0813365055290622 -0.0249689025531665 0.416557679519601)
(0.075714390948369 0.0149081727833252 0.406521326460173)
(0.180215933045948 0.0258031722289853 0.250250327971953)
(0.146428968720706 0.0224475787000992 0.252444079928196)
(-0.0551132887174129 -0.038275316320156 0.313806363615182)
(-0.0476108068294738 -0.018 0.328439930609142)
(-0.0672341443386981 -0.00298805621488431 0.302058024508447)
(-0.0636694414580708 -0.0585757867618509 0.329652024078949)
(-0.274176296606787 -0.172099864479464 0.351291419037897)
(0.305447367719997 -0.0343996710452502 0.476371817817922)
(-0.317873726965884 -0.14177201232502 0.231733502329146)
(-0.309524991055983 -0.165437993166998 0.253014102202806)
(-0.298109460871759 -0.14364506345045 0.248852762405451)
(-0.108163779576362 -0.118763291642233 0.207468237919732)
(-0.0642629919202253 -0.138430792913558 0.268803409351683)
(-0.332668537506536 0.0120067922531921 0.290878943410928)
(-0.333680093242742 0.0254741341474364 0.315475887114889)
(-0.201334366874681 -0.125509519719305 0.165120897421892)
(-0.164240772320698 -0.108317905385204 0.167931601262438)
(-0.157089516476737 -0.0455961750377332 0.325589481519031)
(-0.132196300186031 -0.134425767747055 0.0987259793480694)
(-0.154700678145595 -0.16396148631158 0.157520903013525)
(-0.119055912096524 0.00908596462070106 0.299886394173232)
(-0.152448504690033 0.0207423021228281 0.308086439512174)
(-0.236386449014905 -0.180321651409646 0.235146886615772)
(-0.231112260993288 -0.122147945154035 0.331832364366165)
(-0.224629721742435 -0.10126980772839 0.306425428785531)
(-0.239876782824968 -0.102681203458652 0.341988138784768)
(-0.112134868655335 0.0106851384146064 0.198669936755701)
(0.205984119665989 -0.17706386297571 0.339527989044249)
(0.179864611967416 -0.186507567864609 0.348821114431413)
(0.0040096651637704 -0.17134449000485 0.162954983036594)
(-0.142720358077529 -0.110055920982461 0.153079305266541)
(-0.137235322458653 -0.148 0.175300918750424)
(-0.136154795775789 -0.148 0.143597868297306)
(-0.296303088229274 -0.113528666033916 0.244715023814061)
(-0.333436802894033 -0.0934540521471755 0.24560957607956)
(-0.330479200914066 -0.120522624910173 0.244737494122797)
(-0.22239614478411 -0.148 0.248947840055236)
(0.0729381586157628 -0.0396180047305098 0.374841275157713)
(0.0631093845932851 -0.0361541136611295 0.405638537265764)
(0.0813072036008454 -0.018 0.375091068482954)
(0.0169801574229949 0.0224634613681466 0.358300008679515)
(-0.190212718843649 -0.0328572950832354 0.34733335498215)
(-0.157598840613437 -0.187558137722588 0.168773134231576)
(0.0467651613840262 -0.186280153073291 0.358344213505486)
(0.0213001966190628 -0.181962826646163 0.359335133147828)
(-0.331274152509426 0.0183161434538582 0.264551135371224)
(-0.228916098016565 -0.00011905807266566 0.429717487510158)
(-0.247019869731213 -0.00797427820545397 0.453819655345943)
(-0.335711569926874 -0.00125227021893856 0.333136150671308)
(-0.274064382210539 -0.00582505163005183 0.375859698999339)
(-0.242650831640746 0.0164821311455141 0.38705696667314)
(-0.270133049425481 0.00139826308617537 0.409763641878153)
(-0.182318870382896 -0.0471257239512298 0.317113110289101)
(-0.332758317729591 -0.0245705854963942 0.336448813491593)
(-0.339966944119849 -0.019503976053675 0.314222187158232)
(-0.281430023661308 0.0160636343671232 0.288851973635715)
(-0.307087927694149 0.00707075402593941 0.281969139709264)
(-0.296082449009694 0.0217042213153069 0.264551141106574)
(-0.300370366813943 -0.0515240796900251 0.252162224762115)
(-0.334766665569609 -0.0546633175056374 0.272856912582283)
(-0.316379222048088 -0.0467232648867614 0.281906608653337)
(-0.309636432620873 -0.0653393838400701 0.270937949817522)
(-0.320755925599635 -0.0391211670537708 0.252356241179891)
(-0.286821447021845 -0.0377979897312815 0.230569875234921)
(-0.22799295881225 -0.149438524718803 0.4882394101678)
(-0.328183368446451 -0.0428223548850332 0.318560652234486)
(-0.228563028424853 -0.0012062135655947 0.263526751843066)
(-0.195775220457146 -0.104191538840271 0.152562252277047)
(-0.277716346572376 -0.146501386626438 0.179983444634103)
(-0.217993776501994 -0.0785418651170628 0.346136624059293)
(-0.185892216843501 -0.0796196525780511 0.347403164333218)
(-0.185897157157811 -0.0693009305651744 0.316604373815091)
(-0.242776902051609 -0.147612472788848 0.228287593834005)
(-0.257465960341748 0.02622028737629 0.360755880688732)
(-0.236900977455192 0.0211265858122845 0.344001496419463)
(-0.264518056341313 -0.0756700417272623 0.21120560652359)
(-0.249794257998025 -0.0787876781011485 0.229182385239636)
(-0.196503130193213 -0.0461793387053696 0.171750937665419)
(-0.176543021559353 -0.0582468419535153 0.191762866331469)
(-0.191621220729715 -0.148 0.253293429790335)
(-0.214898688838595 -0.173916099727292 0.231718221069293)
(-0.260083045362299 -0.148847083246597 0.208669243477121)
(-0.260459670120021 0.0162282867070007 0.464390920304197)
(-0.253435686995433 -0.133527237012548 0.245430840552279)
(-0.210110005446832 -0.16690801321282 0.319155136408339)
(-0.183974004131059 -0.16963042694247 0.327520832333231)
(-0.277769163832571 -0.0668574569313801 0.227404287085343)
(-0.277738248326658 -0.0892138046963859 0.224216486877202)
(-0.292392365407539 -0.0911742696805187 0.250956917825091)
(-0.280993842906806 0.0203215203249045 0.387763584834763)
(-0.249827859789444 -0.096016630674969 0.160843576788746)
(-0.299639915823503 -0.0829859178832678 0.149578017563244)
(-0.322390749395643 0.00350752274887743 0.377397995422035)
(-0.335885216199534 -0.0142985900151657 0.358319221900779)
(-0.338136785923951 0.0123410874733986 0.360011068941857)
(-0.148284580600782 -0.083 0.341330305990461)
(-0.180125215816457 -0.0251419844228494 0.317909143727204)
(-0.219609086289081 -0.0668388198769448 0.303344322368615)
(-0.246867153812165 -0.0502447152348601 0.288583417931891)
(-0.219664141875605 -0.0306470864110883 0.292535547392134)
(-0.228621417030598 -0.0388551775229481 0.271890471193566)
(-0.209778241083418 -0.0845297788111714 0.246964445040818)
(-0.156016879831375 -0.0573952911958431 0.293448371663031)
(-0.167596817205099 -0.0386702629649263 0.30211863313807)
(-0.219626257096476 -0.178236159854217 0.353623513904605)
(-0.254046624046141 -0.0265361306598757 0.268395590570133)
(-0.258805106349224 -0.0269695089040132 0.237766404314696)
(-0.0876152162394704 -0.0436970621346476 0.337731579978862)
(-0.0850296703351979 -0.0613086597761852 0.302694948470393)
(-0.17199294451203 -0.0904833386469825 0.264779713579096)
(-0.173002373555412 -0.0672442699931236 0.270723316686774)
(-0.18457716519815 -0.0725857592591734 0.293913124650391)
(-0.155431184480598 -0.083 0.281551321584404)
(-0.335204935776903 -0.060150243747509 0.150081447548332)
(-0.113948139153044 -0.0588717919569144 0.349397319190805)
(-0.238253319469731 -0.164951674989294 0.429691716520627)
(-0.214260406992134 -0.164255721125162 0.456608542919779)
(-0.0318498506538051 0.0240369650852822 0.430546407717951)
(-0.205283879382196 -0.18726127263749 0.206793503428389)
(-0.221340852388025 -0.187634770055035 0.308112850792668)
(-0.255853519967646 -0.176013465985221 0.312745086635836)
(0.116354414741804 -0.0340368356047995 0.255105361661731)
(-0.199214865743563 -0.0194668757418204 0.233683988888315)
(-0.218777073865764 -0.018 0.206562979858272)
(-0.26222393212341 -0.00642092998636963 0.223964153941882)
(-0.252643931555997 0.00971519226100546 0.207960358923327)
(-0.291520142358616 -0.186617246355098 0.219041976247205)
(-0.130774826676481 -0.162603575986031 0.318301016395191)
(-0.138217347724026 -0.148 0.297091892112005)
(-0.151665357954434 -0.0967716597748841 0.129024354113765)
(0.00546422129029726 -0.00320025579521289 0.308306936508225)
(-0.119179629564368 -0.0441095290083015 0.48897685381126)
(-0.216391472148355 -0.167699011685161 0.403747996217541)
(-0.262604482674594 -0.190429846957617 0.417296997750258)
(-0.256583908651814 -0.16642418267829 0.409653200705548)
(-0.335755589205008 -0.0797653883355189 0.272662670432784)
(-0.330316755445217 -0.0614141658174519 0.293336704185014)
(-0.222516609619212 -0.124690186562153 0.19014080212401)
(-0.0996373830522704 0.0220877786283645 0.291360537173482)
(-0.10698916811171 0.0226721610689514 0.323427725608601)
(-0.281910225975033 -0.051427436172529 0.341442320673028)
(-0.24077275824194 -0.0409222025041442 0.358108218250239)
(-0.25234770289097 -0.0262924897265253 0.336284228123307)
(-0.257033149636515 -0.0285662857436659 0.368580182413833)
(-0.314880041493876 -0.0832476716658297 0.290012193928108)
(-0.17245417232328 -0.149883434047205 0.264819304922094)
(-0.187250744185598 -0.157040641093557 0.278972372014185)
(-0.176033417042885 -0.174605155305328 0.269508981201915)
(-0.208653958143292 -0.148 0.216917047710137)
(-0.173717820247422 -0.132575659067003 0.235876800858886)
(-0.29591782304063 0.0277893062346151 0.41488524105736)
(-0.289950696248681 0.0237614306969876 0.43762813548976)
(-0.23117104794981 -0.157052127940146 0.313881408928705)
(-0.269864481633667 -0.155469778559047 0.334880390195057)
(-0.282319194136566 -0.182486183492947 0.320268249970375)
(-0.313115788562015 -0.179452787418554 0.310918037011193)
(-0.149233415466328 -0.0786226775608158 0.0451722115290474)
(0.110425200199407 -0.16432974419473 0.482955051230655)
(-0.114092462518489 -0.0850033794846914 0.4731186134263)
(-0.0502749128874587 0.00722435935384584 0.28002598876926)
(-0.0689092146036019 0.0219689349596888 0.273220215643683)
(-0.116517222939626 -0.145499922595651 0.125890225850796)
(-0.10978989270975 -0.145262382665619 0.0938184155677468)
(-0.327578963294136 -0.0483016077487074 0.447284264701485)
(-0.333570246727604 -0.0314651511405733 0.272153792829163)
(-0.334476655301226 -0.0752304881916892 0.352202284768283)
(-0.305386050247392 -0.134608628254306 0.373557837663549)
(-0.303441636784109 -0.153194785906123 0.386330722139074)
(-0.31816813717503 -0.158942304964661 0.363873556074902)
(-0.155549050832627 -0.114193772621564 0.283291257281027)
(-0.187098165121188 -0.101097670886269 0.277505398791367)
(-0.175321242787911 -0.124990140457923 0.274935812790388)
(-0.147958749932902 -0.0453944705049061 0.447715636647676)
(-0.147256471519448 -0.0680029987489601 0.429509871165356)
(-0.136456676768241 -0.0822755401502578 0.445488171596404)
(-0.0625703397483091 -0.12294917557605 0.178327658171618)
(-0.245679723792091 0.0227184588798836 0.231563350811511)
(-0.274969460504012 -0.0975329308620295 0.176704072722812)
(-0.339140147691859 -0.139139046111921 0.259423312340279)
(-0.203782758473811 -0.148 0.38106288559323)
(-0.200220107431838 -0.184002038557788 0.394105109498805)
(-0.233878297586976 -0.108651423818566 0.136306854307052)
(-0.293918911866034 -0.0326882533738874 0.290849667406987)
(-0.239429680330821 -0.0706343116349542 0.247257669429187)
(-0.322824922695336 -0.155245679680546 0.3053817054487)
(-0.33072090064694 -0.166213001625039 0.229606024593693)
(-0.273053232585871 -0.108719027808074 0.239105570735956)
(-0.26204234742004 -0.166315912543767 0.18676962711084)
(-0.184591314436009 -0.170642053786438 0.247162595231085)
(-0.101825956480723 -0.164568796637596 0.0825345218170357)
(-0.334445285370395 -0.102398661173788 0.277585933004648)
(-0.178753417239569 -0.018 0.277062285802042)
(-0.19778956989294 0.0126766553556364 0.2765176696939)
(-0.310287820696953 -0.0562362696293946 0.191259621780892)
(-0.115086864918626 -0.0431912188650589 0.212629375987432)
(-0.19180185196096 -0.116303288687356 0.485987552977465)
(-0.19007661899051 -0.0924559388751307 0.472614755575314)
(-0.211525779033656 -0.0863447361229311 0.483436281824966)
(-0.313625176392607 -0.0991144584314017 0.435319754489051)
(-0.324212881493709 -0.121825197073187 0.437200291970379)
(-0.331753898977923 -0.102832126476697 0.418253469698626)
(-0.303480243098312 -0.118607548731382 0.420809497708598)
(-0.233077349202429 -0.187274803673003 0.331891921107126)
(-0.233019812156669 -0.00213660829884736 0.193309199121906)
(-0.204478709288124 0.0133317322588767 0.406605568200049)
(0.0353855067886925 -0.110444062114589 0.22186279683348)
(-0.118871740657296 -0.0086878268684991 0.320828785120673)
(-0.132346173716105 -0.18685339606023 0.358225210397815)
(-0.143515638597571 -0.148 0.341342193432939)
(-0.313167231081985 0.0253849673370759 0.365113453135967)
(-0.315315363099604 0.0222184791372608 0.389606759858831)
(-0.325968873734968 -0.0511952803883956 0.343519784732463)
(-0.094498401093896 -0.0624359204265069 0.274552751215987)
(-0.0426279263798969 -0.11678949735495 0.454013604308397)
(-0.0334363825580003 -0.091417150441343 0.457640682496792)
(-0.0531604495723116 -0.0787525649318451 0.456202122190306)
(0.0503422611165759 -0.111341619076228 0.279287864292652)
(0.0112905059922182 -0.160808890161877 0.404686043576859)
(0.00132751938112827 -0.15085092548677 0.446221147555584)
(0.0241128270098881 -0.018 0.240355904639011)
(0.0331922854124518 -0.018 0.2202014767149)
(0.0449298888008479 -0.018 0.249734505969879)
(0.0770295841024416 -0.0866887602687103 0.340251595032607)
(-0.104242350781602 -0.120360883984527 0.234426214893673)
(-0.293106298891115 -0.0981829466502394 0.279399137360093)
(-0.310524256684155 -0.103733514795373 0.260758574284726)
(0.0724551629522655 -0.17096173462433 0.136766032756272)
(-0.0427294109062165 -0.188432502189802 0.262326081740766)
(-0.0414665470028329 -0.122589847343857 0.394373898251743)
(-0.0401949132058424 -0.077822349252857 0.396275269633498)
(0.116631358279016 -0.0161987692756328 0.0871862705469501)
(0.0895268334455816 -0.0151397074789448 0.0886816432469322)
(-0.177706073167657 -0.167660030751361 0.223414499888171)
(0.0544243747840352 -0.0534167628669535 0.246723744426603)
(-0.053276460830033 -0.02748280065587 0.244149999160501)
(-0.0181051230726734 -0.106016325940834 0.357433392910991)
(-0.00787737001613215 -0.127736593667857 0.362411067908779)
(0.0123363348261213 -0.119374244107884 0.358581375063838)
(-0.0012221377594576 -0.0892974628535681 0.372902062715516)
(0.0128163112188499 -0.0332271103663228 0.254174925196954)
(0.133340958174919 -0.00426859118010077 0.471625097334692)
(0.142902155708021 0.0247173603139748 0.450582827738533)
(0.146152401331576 -0.0131875703969704 0.447831600030759)
(-0.0205993447574231 -0.172839127705277 0.153241109399565)
(0.0738143844387182 -0.148 0.218308567103038)
(-0.196462509917938 -0.0565449032957667 0.332549890107691)
(-0.205233430018101 -0.0480978566465659 0.307124910924972)
(0.155602490100708 -0.000924848996164654 0.394382475929941)
(0.167269378608825 -0.0183265236531199 0.426994017149303)
(0.187901592064407 -0.0172742987429162 0.414130910729047)
(-0.00132686075351091 -0.10351166951258 0.269211934427591)
(-0.0292287054059914 -0.114078887790875 0.275631542573372)
(0.128364291223035 -0.0748300006481423 0.250077467005986)
(-0.0489799632409992 0.0256936445006931 0.383020335979114)
(-0.0775152319580441 0.0057290920589436 0.405801395748606)
(0.0852472431947364 0.0216864421934531 0.329437182572623)
(0.0801770580388992 0.00922552308003166 0.351884394807501)
(0.318854349465977 -0.0426129394901465 0.3699657324395)
(-0.00200666386098385 -0.188262213752706 0.249007245640377)
(-0.0123399174076916 -0.175975273469979 0.22232536502983)
(-0.285121152481659 -0.125973930821828 0.341811554049071)
(-0.297521424647617 -0.146802710534919 0.352237064302096)
(-0.139144348555999 -0.117175025935282 0.350319751196802)
(-0.134399558954321 -0.0927810431254776 0.32301542753802)
(-0.134265541615017 -0.117394413106159 0.3178145606394)
(-0.200198829077713 -0.0309679035750471 0.325191247091535)
(0.0820688482743248 -0.043817050595727 0.478578834155323)
(0.0659668466228042 -0.0237714389013223 0.48307555854644)
(0.246577345208448 -0.0630918647164988 0.401118219658432)
(0.272200665065552 -0.06468126411731 0.392440297273079)
(0.256308368981265 -0.0431611704187345 0.412572265363493)
(0.277578596002604 -0.061791248533921 0.428713201902098)
(0.105562585301957 -0.134938119545413 0.484185557928179)
(-0.271375250401275 -0.120608085047037 0.141020829303138)
(0.270415459511175 0.00978753440319079 0.446802446863672)
(0.243346998035351 -0.0135966385675055 0.443343054411871)
(0.262936418340172 -0.0075590268553114 0.420719465141314)
(0.161833688275752 -0.044329448688631 0.0877635398850772)
(0.24030921837823 0.0171794938856042 0.433602429605928)
(0.322999257312359 -0.157637917227215 0.481428976815212)
(0.325570274709406 -0.187305265798928 0.420487661291533)
(0.223398994621482 -0.18592365871708 0.391482107993193)
(0.207216571530235 -0.164752200036691 0.415329048019445)
(0.256300317101424 0.0155761285572478 0.245646565805256)
(-0.263895814256008 -0.00109449059703934 0.302249359029463)
(-0.225721029937246 -0.0113615819782448 0.304135617984208)
(-0.23622529536319 0.00883124261252825 0.295918910919104)
(-0.263605199325017 -0.00824019722552736 0.32421110003381)
(-0.163684524222952 -0.0545661261690698 0.255117583028334)
(-0.176117940585942 -0.0802096254570656 0.242276832287249)
(-0.308078256483351 -0.131938347878652 0.397225764172168)
(-0.332782852025587 -0.094106608175702 0.388988212713235)
(-0.305441558163747 -0.098925025519267 0.383961227569236)
(-0.329621620287284 -0.123452133964433 0.370237980621407)
(-0.218126718053927 -0.130339067131314 0.48251692484194)
(0.129327334347808 -0.0569983358278759 0.344457396600632)
(-0.28958763128356 -0.0467800936545153 0.453572918560448)
(-0.310849569654764 -0.0587985750592839 0.466480609567073)
(0.201595058876877 -0.186951422449368 0.289801131647381)
(0.216970214209133 -0.187232775671278 0.317740816205021)
(0.0285194889703432 0.0202847841437342 0.427418095345805)
(0.00167309123755375 0.00720218888479831 0.430503034673864)
(0.0793650396490762 0.00259733656726722 0.486987752409618)
(-0.257382042844161 -0.10714309202546 0.484669339930502)
(-0.259084514367853 -0.133768661553092 0.482085976249668)
(-0.189020363800415 0.0158625918906645 0.335352994886493)
(-0.117872171763326 0.0264872421088211 0.473514824297793)
(0.110957944338051 -0.105670368586189 0.478002726573954)
(0.136237020764512 -0.117189909660199 0.48021200185299)
(-0.255584347258216 0.0131685481044766 0.328251434342749)
(-0.329621620287284 -0.0426129394901465 0.370504566331238)
(-0.336279299795357 -0.0191834021917272 0.386931794617432)
(0.30601351357586 0.0198521355781292 0.434527433444333)
(-0.0526175705597204 -0.163712024893752 0.482900760792885)
(-0.160450669285964 -0.0404771843177902 0.280345898123353)
(-0.108793409588491 -0.163628147856442 0.474848366174982)
(-0.0780225373246411 -0.160762392288817 0.48335418535764)
(-0.0968734885794843 -0.134620900721162 0.484802291524438)
(-0.112984377883266 -0.188942298153765 0.481729047941412)
(-0.145898038630307 -0.179932312552735 0.448621440407419)
(-0.178234368554808 -0.166731152610885 0.415035759632182)
(-0.179057383862476 -0.18779825840447 0.436243394116537)
(-0.0488033742483204 -0.1805 0.412589524437505)
(0.138572321929058 0.0122869772116706 0.383638904362655)
(0.164363571117573 -0.157061517520496 0.39581949252972)
(0.167503407003694 -0.181726292900472 0.391820536042522)
(0.206954595481571 -0.112980047871385 0.338061924222451)
(0.17492390561731 -0.0930889637349625 0.331838091059912)
(0.119908414615875 -0.186895871671655 0.34988882893082)
(-0.213818271557772 -0.148 0.167456377832747)
(0.103448541297625 0.0219310814091545 0.187904501168741)
(0.101392966511062 -0.189120788804636 0.40910986788345)
(-0.0654824953791235 0.0178535609701923 0.435911332469754)
(0.0640869097334317 0.0206164858881931 0.465915269344992)
(0.249566184814751 -0.00045060533462779 0.463572605094254)
(0.112319180406784 -0.188692023154026 0.287781882483733)
(0.320304217634842 -0.101569258491702 0.411076057166682)
(0.316735765726901 -0.14434574120753 0.421821333569504)
(0.32610458257624 -0.0242005504372102 0.387231372054657)
(0.319622013718107 -0.0269721214677803 0.416619459827613)
(0.212394031581341 0.0225236444237713 0.458358667455214)
(0.206808015343752 0.0202057995367245 0.431213333273018)
(0.190035685453767 0.00399602056663988 0.437132199021197)
(0.1548586348986 0.00771959802383187 0.428994104301992)
(0.120420933435207 -0.016172658867087 0.446891055636449)
(0.215020537024771 -0.187395962585579 0.217082717590193)
(0.208658565113391 -0.0895049561853151 0.135536035445437)
(-0.252058716035446 -0.0824246521679472 0.38707737473986)
(-0.228082886069814 -0.0838871980910168 0.407027871795897)
(-0.306553914657752 -0.0378294600901422 0.488107546422811)
(-0.335439869146603 -0.0463619684971516 0.480118480610204)
(-0.334402612558894 -0.136186785179406 0.392203807214932)
(-0.301670499561647 -0.189284983517596 0.482034929526484)
(-0.298506443548398 -0.18359503698775 0.443882093060546)
(-0.284283877714618 -0.182473170549426 0.463207865401467)
(0.144240410800087 0.0213515985771987 0.193681327706773)
(-0.19293197988159 -0.120041544194572 0.458027675698474)
(-0.174329360873543 -0.119386698938319 0.442246872214256)
(-0.151350612116957 -0.0742922404069925 0.252734259909851)
(-0.107391937319926 0.0241438134852382 0.423848964988036)
(-0.0361921730030186 -0.0902180923103166 0.482624854177993)
(-0.276797151224332 -0.00432007645700844 0.277344160003874)
(-0.266644592503042 -0.0257563350871983 0.295644783089377)
(-0.267741191776871 -0.183239468291547 0.440080348304989)
(-0.230398740108161 -0.186202945436127 0.435047131997575)
(-0.335763148335658 -0.125155708927437 0.483620204538419)
(-0.332107547626595 -0.0252220260766122 0.452803945772472)
(-0.299474193486347 -0.015038627371231 0.446023657152093)
(0.0509930357634519 -0.018 0.320692987402025)
(0.0191665372414446 -0.00710047558345946 0.4145481887138)
(-0.154114760089034 -0.0352620730404384 0.259417984137904)
(0.221328476431858 -0.0114242658818009 0.466673917611143)
(0.187780487907218 -0.0146078999802767 0.468214017163883)
(0.206664487126173 -0.0179850388092282 0.487749453128116)
(0.202785353527689 0.00376719522934596 0.471018927701944)
(0.248630602507559 -0.00497091142126813 0.395412663540765)
(0.222076675173502 -0.0183397368785328 0.145859140823408)
(-0.00567046504191413 -0.0670770185164426 0.0546048617462595)
(-0.271292777805555 -0.117520486389861 0.44709402384602)
(-0.0369397146114781 -0.185888031246155 0.481779611456778)
(0.140176634600114 -0.0879306831876086 0.277103695691863)
(0.131477167928312 -0.111485737710238 0.289527642333899)
(0.173681763569795 -0.117355407133027 0.279156537994486)
(0.167707598929291 -0.110189382301217 0.303220116747152)
(0.298272661819989 -0.0525391348527147 0.489134375936374)
(-0.18924477193354 -0.0483675158114048 0.285547092732881)
(-0.168722668435339 0.0165507872916491 0.393111110434668)
(-0.137214859719537 0.0125805443026304 0.388312394810632)
(-0.292110447006208 0.00366925756401159 0.419092456240413)
(-0.27422673843004 0.00420239951003628 0.436238401230185)
(-0.312528934844492 0.00428083510220414 0.440502515624519)
(0.0156584224118155 0.022337747883002 0.408170338879273)
(0.0438034812870653 0.0178197084742708 0.395570627856357)
(-0.328124083614116 -0.0731156513157434 0.447162980111181)
(0.204219495986118 -0.157262303715713 0.153051757012223)
(0.200033020976062 -0.148 0.125799740798104)
(-0.302239735394399 -0.104209449754036 0.355779803044086)
(-0.291937747469937 -0.0838336204544214 0.34700594658813)
(-0.263701336436437 -0.110950513651371 0.338868929534001)
(-0.291289321436035 -0.108616894361995 0.325618482311108)
(-0.0894236110170287 -0.164260826329723 0.426932298509108)
(-0.0700789768334082 -0.188149566369102 0.447505925015113)
(-0.0473790392099379 -0.161808209998741 0.427890305907024)
(-0.048618874575123 -0.168803323262777 0.453421779925238)
(-0.167849748456874 -0.165531360407729 0.477412412204086)
(0.327714552844775 0.00425463321781646 0.323403108326095)
(0.326657748791885 0.02166536656863 0.348191129384478)
(0.0230856111781495 -0.0849423306784001 0.367666302313552)
(0.108803058546536 -0.114251148393346 0.290997490863758)
(0.116348720466309 -0.135954829694199 0.270491739707689)
(0.126441692495376 -0.129324342537581 0.308854224996394)
(0.112847828869348 -0.148 0.302681043750005)
(0.0827343125053625 -0.137654897579408 0.48609261891408)
(-0.0192821510379205 -0.148 0.374698509005092)
(0.138211345429408 -0.0984246338817966 0.199147583404487)
(0.325628056498093 -0.074328003010753 0.458160425102136)
(0.320049418642792 -0.0495909974782267 0.480283287210305)
(0.209482118798362 -0.0391043591961914 0.24167401874533)
(0.181903892722996 -0.0342154173392127 0.25743382940837)
(0.201413916413554 -0.014259558209205 0.265341942974514)
(0.214592559181231 0.0211990471572114 0.361505745443467)
(0.291644603685937 -0.00120665171073338 0.353751644296397)
(0.300842641780137 -0.0714312406822549 0.472476782736908)
(-0.13748867920419 -0.104778845152961 0.292514289635902)
(-0.151828663119021 -0.128397129842264 0.302577268605286)
(-0.142567621980792 -0.128403698630636 0.270990444845054)
(-0.032346460531299 -0.0793083793381339 0.147282752565018)
(0.0976422590062508 -0.102415669781868 0.344317083940926)
(0.0882619219661222 -0.13007496172565 0.327401210729664)
(0.119722179868021 -0.0457579929666832 0.463606370434117)
(0.094579544227043 -0.0140320507323797 0.44941668444031)
(0.0832532646203159 -0.0547073000172588 0.456494237114114)
(-0.335319156549778 -0.192171000178463 0.375124015750371)
(0.0398310180550474 -0.123006024125786 0.374701081308281)
(0.0615117104276368 -0.109299956926512 0.394568508659667)
(0.0486887699676861 -0.106469599456877 0.358196178272637)
(0.0475855849731285 -0.0888916118285278 0.375037387790608)
(0.262755475030279 -0.124485033446077 0.107428171642499)
(0.229844617914947 -0.168637805909499 0.226352887480323)
(0.204785676652791 -0.167491825644864 0.230101603376529)
(0.206236971863565 -0.148 0.242718234296082)
(0.286375372653833 0.00081037515123644 0.309494076715224)
(0.295305880743101 -0.00328449580800888 0.286627186400926)
(0.0296340569790899 -0.047628681202144 0.238785719010002)
(-0.118457836203783 0.00954439914641859 0.488894469807826)
(-0.127720177843814 -0.0229356307056892 0.486787155249598)
(-0.322622390810495 -0.191147812812053 0.442207994946405)
(-0.236552184392922 -0.0223090819637609 0.483212861352488)
(-0.268226531960705 0.000422042608943003 0.481187166224405)
(-0.121601496859076 -0.127059420016674 0.433689048596465)
(-0.131229575702093 -0.112779037414448 0.41616566017259)
(-0.117934672278026 -0.0911680077667455 0.427933581127117)
(0.218979439816896 -0.190101330458227 0.449933055252027)
(0.214709788135003 -0.142066036424743 0.46756344281888)
(0.241880378936216 -0.165335095892125 0.465972294016949)
(0.267581014310685 -0.181904422532907 0.478158195971172)
(-0.202163792225407 -0.0521045676455958 0.197104456099291)
(0.170212793127572 0.00519517706647375 0.365954749547298)
(-0.165676099715236 -0.114047225186203 0.31774661598483)
(-0.163298034733485 -0.0964853598295687 0.296517466025353)
(0.291948962600154 -0.00502796945310753 0.455640869986769)
(0.326938142945525 -0.0611416897497149 0.412453075428342)
(0.313140123193052 -0.00252935162457889 0.445049254021986)
(-0.336951142641346 -0.145765706331331 0.467694060196335)
(-0.338501802811061 -0.153101717139392 0.327991010957751)
(-0.31607658236102 -0.170423652737218 0.335113263727309)
(-0.33399277727481 -0.187989866451292 0.321767626771939)
(-0.239230468330246 -0.132192524554916 0.46899084406459)
(-0.255123361236392 -0.0933766945510347 0.257417499197305)
(-0.269810503328462 -0.0722745312455537 0.250982862594987)
(-0.314558626336855 -0.155067902249307 0.489091177705763)
(-0.175845210557631 -0.100852616091215 0.10614902735233)
(0.142790616712524 -0.12914348899318 0.0994854461168974)
(-0.289692458704426 -0.117493870634777 0.385685666793695)
(-0.275906532440713 -0.118821736086989 0.405219310251058)
(0.0825799945621082 0.0215022454010328 0.376491027476757)
(0.125459668509408 -0.183714791926441 0.415630738912352)
(0.112719010772367 -0.167173137856331 0.457393253542491)
(0.14693022126162 -0.157626340546342 0.470927053191096)
(0.173910462543344 0.0226692482797165 0.470132017356294)
(0.158929627947428 0.0115106169553536 0.337485659678942)
(0.0937191433635109 -0.174373213641285 0.443354415536227)
(0.0199554384709483 -0.0387982849526995 0.370495538639548)
(0.0440108714140809 -0.018 0.368722790399375)
(0.0247649244702529 -0.018 0.357535127793376)
(0.229413939199187 -0.149362122440854 0.204990724554165)
(0.202546188982892 -0.161652997564298 0.181862941292717)
(0.0466151994321739 -0.106357682149277 0.197001155941924)
(-0.247784854351656 -0.177315179875564 0.349528830440934)
(-0.268676904339922 0.0106930837054861 0.347402151811499)
(-0.248497624073284 -0.00452273272893992 0.343521137846858)
(-0.270052363478455 -0.0168867512377904 0.348056651220844)
(-0.298253881249809 -0.0348631548484956 0.36730806352818)
(-0.314477724066351 -0.0298964127936538 0.396103746190397)
(0.0636646238169383 -0.0534155058065269 0.419675984959526)
(0.0308830520034368 -0.0571332566581068 0.412508404981045)
(-0.212050025177026 -0.111539063234543 0.436590027327795)
(-0.196913798243488 -0.128310568110804 0.435297159018325)
(-0.214622546438874 -0.135336419904247 0.422322974300936)
(-0.202559171328959 -0.113886339604901 0.41715126760796)
(-0.24162521313846 0.0195528017136393 0.447469709620295)
(0.267502473467412 -0.107038233244958 0.433974736988197)
(0.295425896390333 -0.123236628105897 0.411521406580468)
(0.294795480131426 -0.0867562716804998 0.443536416031468)
(-0.146740615323979 -0.130324482150308 0.483369485136198)
(0.00704866212266563 -0.114074511195708 0.453935868503022)
(-0.00358760756221131 -0.0870218207185379 0.43777311500754)
(0.0624948147316356 -0.0585256321735239 0.468697176540991)
(0.0277415786917684 -0.071809579512989 0.489412433188398)
(0.310754402984372 -0.122574660360778 0.464345034085163)
(0.326902772001016 -0.0979248030214778 0.450577242017671)
(0.323305145947766 -0.101827283005788 0.476778239957043)
(0.283206293535276 -0.149914858186232 0.264962417785154)
(-0.287115830056037 -0.0873798102911896 0.395182312660904)
(-0.29540591449573 -0.0684589747517324 0.423322470176626)
(-0.291029339011726 -0.148943066483953 0.443616231054342)
(-0.263298454491126 -0.148388606157869 0.428672379308475)
(-0.088144374137374 -0.170443801424603 0.457529414842536)
(0.21677019490226 -0.161765978704652 0.486814831376087)
(-0.164710052392164 -0.0765297149273888 0.316460646850717)
(-0.212511662845671 -0.103262168941369 0.456226809826416)
(-0.225039791154269 -0.0688043242155798 0.467901833504824)
(-0.222499812146023 -0.0844335891106657 0.445473521522639)
(-0.23568252677461 -0.0984609505868094 0.478060486889017)
(0.30798496743171 -0.0366703642936899 0.433541438227906)
(-0.0173371967641598 -0.191436562030259 0.347887485612607)
(0.208751448992651 -0.0517458212586978 0.438884697148231)
(0.210460277467086 -0.0325730555574613 0.426709789458843)
(0.173840833595949 -0.0405576369780345 0.4399551996451)
(0.202393429598608 -0.0168483137456179 0.445997068656969)
(0.278137675592011 -0.00463952720611303 0.264912703410698)
(-0.192359024993253 0.0140201326120486 0.385768507518791)
(0.232913664122322 -0.100487528993541 0.302011038613402)
(0.262220947051188 -0.0914052695921284 0.306043178397743)
(0.246284019162252 -0.0706939572115839 0.307009966016068)
(0.326334680843959 -0.185494379872038 0.371369222735221)
(0.316660998393509 -0.167975539018526 0.394027519088787)
(0.278536437096815 -0.0653040155314153 0.489392977084956)
(0.0416699505132692 -0.0731734372977238 0.0889240847564011)
(0.02540639171701 -0.0505630863748847 0.0959452387313042)
(-0.302983976619328 -0.105023968471554 0.456589388268558)
(-0.301346144349742 -0.12995630859721 0.456104691237677)
(-0.314552305744 -0.131264496819531 0.477071711614554)
(-0.243686782483109 -0.0888836620202558 0.452779034842349)
(-0.24287445102943 -0.0691867666627643 0.434840210558323)
(-0.264790180215044 -0.0616697268771762 0.449103518469639)
(-0.28932834445955 -0.15647301105153 0.321463006612446)
(-0.307164741922433 -0.142786687336432 0.329878172325431)
(-0.271510930418768 -0.141266831268795 0.311963971987762)
(-0.299385400141232 -0.142607698945892 0.30150686548445)
(-0.130579862486427 -0.130530724797278 0.46327853747536)
(-0.104886437106549 -0.150391753414975 0.443815707370461)
(-0.0948057081032925 -0.11171659687798 0.330000478725285)
(-0.071183470077492 -0.108574872700838 0.345381066472205)
(-0.121896522982589 -0.0664437048068389 0.458683543575512)
(-0.126387103328312 -0.0477790374144477 0.419099062950574)
(0.0392858175026031 -0.187457756740836 0.429500406018228)
(0.0749893361489206 -0.183888535114451 0.424108931944352)
(0.0589715945971003 -0.170819105952118 0.435823643920989)
(0.148237648216659 -0.0494691217545093 0.433849722775256)
(-0.0870167349324078 -0.138997644341399 0.30395324681673)
(-0.0948712934293614 -0.137114742787629 0.336628490352286)
(-0.110788879162656 -0.127375711362081 0.316197570025441)
(-0.21623567438635 -0.0105920885095088 0.479272976334942)
(0.0238110913495738 -0.153059021970515 0.483811749365412)
(-0.166194276253967 0.0212699474238914 0.290546353334008)
(-0.316553223199196 -0.148406100898177 0.271570260027235)
(-0.286089748104214 -0.124392564949589 0.26829936476703)
(-0.301009787972099 -0.121668428123595 0.289815478722066)
(0.24044925622816 -0.0749591439925168 0.367237860347072)
(0.261779000684166 -0.0920951962533455 0.382189979744707)
(0.291418137007873 -0.158969349026462 0.42409780304561)
(0.30427926117536 -0.187984309451153 0.402109728063002)
(-0.31848241086071 -0.184734267558066 0.357344444425701)
(0.14624238965108 -0.0239544181726369 0.486791919367848)
(0.292710742368731 -0.178027048825759 0.382024348654585)
(0.182395012228595 -0.0753383786583392 0.407157449625516)
(0.195744902802452 -0.0521815192780263 0.416148968999124)
(0.1141724348405 0.0267523277103789 0.247912427163554)
(0.0830742912130253 -0.103603723533293 0.215933410071609)
(0.0697199634390397 -0.0812975785283316 0.204827238099326)
(-0.0933130979475753 -0.187740894673011 0.322569013387879)
(0.283211782937224 -0.118157197119396 0.458107832018716)
(0.275789258812436 -0.14132010497554 0.442033276142135)
(0.316941220782514 -0.122284500492074 0.439940616509429)
(0.257862476018992 -0.0734261935569901 0.227147498205493)
(0.172247641858576 -0.108588406395469 0.398894250889207)
(0.162016351543309 -0.126232476846057 0.422390045220284)
(0.142382949871231 -0.0936754281035205 0.42255324093849)
(0.127039030167603 -0.113501501143278 0.410959178326659)
(-0.0466221801993973 -0.0266128662852293 0.484018634578178)
(0.0596592970426155 -0.104175726949606 0.33894539513559)
(-0.131410431963217 -0.170834917416617 0.272548419639056)
(0.226306389893432 -0.109187472611925 0.48934003818498)
(0.309085925965401 -0.0133973775667265 0.330662118371715)
(0.296972149646095 0.0196068987541873 0.466098292083025)
(-0.0797433077032617 -0.143423280078823 0.4441165853292)
(0.0753160131737479 -0.00687838976011412 0.174608371473825)
(0.0272829833822255 -0.10837418910072 0.293026879290832)
(0.00423924501594374 -0.103727321722494 0.301726209267852)
(0.0377311413765086 -0.0638967854520848 0.382420799726321)
(-0.195807653888166 -0.103777005404128 0.256164878786991)
(-0.194937383775372 -0.0299033747149795 0.486141113686057)
(-0.144723937769034 -0.148508822003067 0.410967422888374)
(0.289830587093144 0.0226948293788577 0.376083062468111)
(0.225327958424302 -0.0142348978860134 0.427028354619515)
(-0.327541184783643 0.0221952262299875 0.413536961973668)
(-0.0344512071043536 0.0167086229780196 0.453423478317957)
(-0.0254393155875773 -0.0166894473915115 0.484204737416107)
(-0.31553075035296 -0.187027095058796 0.388501526430167)
(-0.338640856191808 -0.179966549586872 0.401432639688755)
(0.0540781751249903 -0.0688685281241387 0.399849330506569)
(0.0475981621593736 -0.0406028141170384 0.381918670714272)
(-0.119599448746245 -0.172156888344402 0.295667328275833)
(0.287764909167532 -0.139512888886267 0.472189908779285)
(0.269757385140165 -0.121835553402231 0.484494685616272)
(0.0947211451570354 -0.0548717181282953 0.434216317386707)
(0.0996915636985524 -0.0817053181655812 0.444962748320379)
(0.270895963746082 0.0226545460246952 0.468209990129227)
(0.319893381368461 -0.0595517822968765 0.26578903177931)
(0.308193796873695 -0.0389224665999264 0.279463815833994)
(0.278892396538154 -0.148076937398093 0.187433767542151)
(0.117103731175196 -0.0896825189970029 0.339929980542412)
(0.105648822628814 -0.0904589177847599 0.370841693817879)
(0.05808351590437 -0.105963258874711 0.218528188238373)
(0.0653840453812193 0.0257437738416472 0.389791653239357)
(0.0802617330953958 -0.175167147077695 0.2637925229076)
(-0.317181231838907 -0.173592365624975 0.46892708787182)
(-0.000287853585912586 -0.170073336596858 0.467927288566199)
(-0.110328659183817 -0.0955785997311458 0.238271175805309)
(0.267094885393196 -0.185243724475045 0.390815097549321)
(-0.154957650290838 -0.150027529904779 0.461918048197597)
(0.102784119523975 -0.000461554449419768 0.427170246583438)
(0.107716416466417 0.0201002837811609 0.317066569761392)
(0.0578484433804581 -0.0802379011143313 0.443557542450351)
(0.0537080996484787 -0.111803328912628 0.448234377394223)
(0.077911546942582 -0.103748875178702 0.463041985870235)
(0.307290436017984 -0.188665374335774 0.44033710038223)
(0.297662814772453 -0.0609431458050117 0.273142035509471)
(0.233926526268845 -0.127535430947454 0.462814589693746)
(0.231291031751764 -0.0979835490525825 0.468013618476505)
(0.207312946475619 -0.114348313745618 0.476014061728616)
(0.0386278286926688 -0.0235424438345825 0.398456994700971)
(0.0209879740232193 -0.133470568437562 0.255848215228926)
(-0.333714322866247 -0.12331849497859 0.459739472043483)
(0.114383420232069 -0.188278512537461 0.441507013337551)
(-0.247192736473173 -0.140465429905604 0.0895598300745677)
(-0.0340447366814452 0.00954295930704797 0.388831899496143)
(0.323997311848386 -0.171576717418889 0.457459749259617)
(0.103775750108268 -0.031747704555012 0.484185557928179)
(0.256358299140965 -0.0445313146395275 0.302975708509426)
(0.276472098189213 -0.0608248487414405 0.28841704701667)
(-0.149254770604747 0.0169329167987072 0.451593637064704)
(0.19743261040937 -0.125535863939269 0.0676783123737629)
(0.139081574256268 -0.139724778657369 0.278403087861434)
(-0.237190202260658 -0.0093863326099718 0.379042814024057)
(-0.109696050138809 -0.0914862114762658 0.331188004223824)
(-0.123957132111238 -0.104546214786368 0.365839094540398)
(-0.0179649500525777 -0.184185716178088 0.451094637287969)
(-0.0415364046074262 -0.0948977796577976 0.269042058817449)
(-0.285606999411827 -0.0578816318016198 0.306039877249039)
(-0.0288260359635483 -0.166645266263365 0.468970035658034)
(-0.0140226159180336 -0.128526282715233 0.48216809000455)
(0.103735876658741 -0.149338447155842 0.396567662731041)
(0.0856077201337087 -0.143423024657587 0.407777339763174)
(0.0947843194963238 -0.165683996707148 0.415661616639747)
(0.116406716246611 -0.141489521854073 0.421390855292334)
(0.233440001049077 -0.134681085858011 0.485978985474227)
(0.0122313588959486 -0.018 0.326060577130817)
(0.208103906531428 -0.0435530047353948 0.393867930622634)
(0.220792691901034 -0.0191538792232504 0.402075565242694)
(0.220235185662564 -0.0504999999999999 0.414164582222916)
(-0.120131871213094 0.0212566659309724 0.447191450858397)
(0.2526740722295 -0.0832140395256884 0.483322645206486)
(0.27029732171743 -0.0971458454770234 0.462763355005769)
(0.280152528044461 -0.0883836170513153 0.483727323437636)
(-0.326236545696586 -0.146399334033573 0.424064223498262)
(-0.217015981091763 0.0206600940561309 0.434847953087579)
(-0.11282758955564 -0.190585796655857 0.438895425184039)
(-0.193776217825711 -0.166597141797326 0.478906390570731)
(-0.0683929264009188 -0.0802363220125471 0.345809258920338)
(-0.0392569420839705 -0.083 0.358032084353332)
(0.294934780313964 -0.185593812496748 0.469433091763103)
(0.178099508464938 -0.140446239620047 0.407150654808825)
(0.19285508968963 -0.119479483682557 0.386508861198531)
(0.133080979983259 -0.0541284819318212 0.267266176090959)
(-0.297687159814359 -0.0575527300396902 0.360816818931923)
(-0.31330342668397 -0.0313994147890455 0.34935093675795)
(0.120972200004086 -0.180676892253875 0.378529951103312)
(-0.152858104732496 -0.0157766133180866 0.477463147927689)
(0.0166700202683376 -0.0886016255744119 0.468547407820699)
(0.205837030227846 -0.13185601280969 0.146452231046886)
(-0.146854246046608 -0.16027242880799 0.383930817310496)
(-0.163777105891601 -0.127628759367364 0.365391018909576)
(0.259187518632654 -0.119945499852789 0.40948155846895)
(0.289582829077225 -0.040209958135877 0.414596931732353)
(0.301913374286632 -0.05946610731525 0.438300564922548)
(-0.0317936718957804 -0.187128680083333 0.318417991818313)
(-0.0645953932404576 -0.018 0.363942314666969)
(-0.15068643673887 -0.0430266022055773 0.405695659683611)
(-0.182579466763506 -0.0274644289373502 0.417616406982287)
(-0.1598254011155 -0.0239233480380589 0.425669215776812)
(0.159311515711229 -0.0565837569796041 0.271241200469714)
(-0.0706641492803566 -0.089753655201431 0.258167424834294)
(0.291367581515686 -0.0667431904990885 0.341214371049627)
(0.315869701101016 -0.0511952803883955 0.343528492683241)
(-0.194286213774145 -0.144706054041581 0.466000305613041)
(0.0788964956019658 -0.10600785864014 0.248573015107886)
(0.111315448896112 0.0222049012659535 0.284142497347275)
(0.065496104790335 0.0225798915598564 0.0838491410849593)
(0.135182690741303 -0.106623136515322 0.0977837592807909)
(0.0627367762013033 -0.155047445519637 0.116315341137888)
(0.00291081966170183 -0.0317213795695956 0.0837420683362433)
(-0.171448887486529 -0.129727741510551 0.480796636654764)
(0.108018128854181 -0.00716073495609749 0.469121125391572)
(0.125596884514499 -0.0265711077332038 0.47648767614019)
(0.0157131355512556 -0.0622565038332787 0.47000972602086)
(0.167879966579462 0.000643366844318573 0.449736787493288)
(-0.242605086123084 -0.0591309871450727 0.336292352917855)
(-0.269213442451258 -0.0749958176267852 0.326917363022172)
(0.225887842050069 -0.0305631676651702 0.485494263184223)
(0.101340820348939 -0.0760887307747599 0.387910844845853)
(0.0867251385921091 -0.0614637267107152 0.406684532034087)
(0.106013613958679 -0.0492053181655812 0.415007897142906)
(0.142468651779322 -0.0383978738754779 0.457139750439985)
(0.123689203533402 -0.0435244054419428 0.439663685755121)
(0.140394812643752 -0.0702001155319924 0.46343157203034)
(0.124310536668106 -0.0652043912260604 0.480762803310982)
(-0.0334169078648521 -0.180388788693298 0.287555931371558)
(0.0536160282440797 -0.0621067358670081 0.309990457481433)
(0.03150274283298 -0.0896283883405303 0.31266429901132)
(0.0354036460505514 -0.0861066221433872 0.280105770262073)
(0.0125003856589524 0.00237489321952907 0.480310855823103)
(0.261866942007785 -0.0792153023873837 0.276337485333438)
(0.145058249015395 -0.0136412424428447 0.415835283542111)
(0.24158658937332 -0.189540637598925 0.457857558988153)
(-0.000214788531926636 -0.184288797127028 0.371034665236808)
(0.137180496998397 0.0193633765170177 0.219209708120944)
(-0.152630129972672 -0.0894280749376964 0.366203782867224)
(-0.148719314780156 -0.109040227759902 0.383525840482828)
(-0.230188800125986 -0.0184761210082324 0.355629341291312)
(0.214533905270799 -0.0753859768236153 0.417146421984662)
(0.204036136208893 -0.095829773438798 0.410885111166152)
(0.0198024078916307 -0.191661512039996 0.473320623805201)
(-0.12550088764527 -0.108594450334188 0.47959020969441)
(-0.0957386219487494 0.0200529979746154 0.445994137182179)
(-0.103750392659548 0.00715536717818586 0.469076412078893)
(0.134141547295657 -0.0165629115608711 0.390592619006098)
(0.073860475129686 -0.094608530974047 0.372773691792392)
(0.0636148721908961 -0.0207364187217615 0.288793089526583)
(0.152789755621514 -0.186454487431455 0.322057132227341)
(0.175674950820875 -0.186332346687184 0.318809594892222)
(0.0845813273318182 0.00129567190713778 0.46437940252464)
(-0.156039090284476 -0.187202746365685 0.474855689247278)
(-0.127916332188481 0.00875981156843289 0.465012334488863)
(-0.0269068855613425 -0.106114744216031 0.434596471950196)
(0.131236821277051 -0.139726286782651 0.471246951463621)
(0.129549545503232 -0.149216293069718 0.445585590089825)
(-0.23391459672351 -0.054506309850611 0.375476623496338)
(-0.262268166164412 -0.0506509312805656 0.376396546843632)
(0.130342056048132 0.0210739557082264 0.347810675467678)
(-0.260273488469843 -0.0695712903747301 0.29756764784347)
(-0.24874469131091 -0.0747465958747332 0.273089836665645)
(-0.238814589663121 -0.0807900238667207 0.31002402444601)
(0.224001641518615 -0.0313119373557461 0.26027848461591)
(-0.267515856331782 -0.0907847580692905 0.285038702190025)
(-0.28341841906003 -0.06070459413463 0.279162549951021)
(-0.238511572296936 -0.101640309044479 0.285071673396919)
(0.21535000030188 -0.083 0.36452545370141)
(0.0878192816083311 -0.13509233433265 0.253361332353426)
(-0.0277280184049688 -0.190520202499283 0.41276696062771)
(-0.0167675197410772 -0.143884393607297 0.301409737438782)
(0.0326311791592349 -0.0473701126901837 0.202744918647384)
(0.144305614837918 -0.0887832820636084 0.319122523902249)
(0.140760491093908 -0.0897514644388399 0.353452922811186)
(0.0238631494024485 -0.17906494314651 0.271671837122868)
(-0.0728737646111402 -0.122145642997258 0.367949271029566)
(0.173978364903387 0.00983348089383137 0.23345577960704)
(-0.0382109396616223 -0.148 0.319345222799397)
(-0.0571218439746674 -0.187915162426248 0.323554827351096)
(-0.0504381532343499 -0.17420357851168 0.343885939813187)
(0.0167974661877074 -0.0619122566119036 0.311307689478471)
(0.00241884337275324 -0.0826669986369362 0.285797592498624)
(0.116586338801997 -0.018 0.350385014406942)
(0.00765671458641884 -0.0429329141072894 0.388232299064535)
(0.0252267933900961 -0.0370389192443865 0.338304228460351)
(0.0353672519192844 -0.0465001406082414 0.31963265284618)
(0.0905337207315201 -0.0499431264294507 0.338159293753762)
(0.190387399918728 0.00828120029521263 0.202432374974191)
(-0.0977317230689452 -0.185968325500948 0.384134329243767)
(-0.0977905757204133 -0.187931873654402 0.419113204836011)
(0.101600649883616 -0.117615638922269 0.267223307807482)
(0.0890108957593196 -0.148 0.285067856388724)
(0.239697752252054 -0.0349004957838944 0.395657028509239)
(-0.271816597079029 -0.0976704313807543 0.312829272990314)
(0.146202597596884 0.00154512125344654 0.358313041739993)
(-0.0093059989447551 -0.0209107075033798 0.35151836909308)
(0.303957459369098 -0.0816934628318645 0.251167830164813)
(-0.0162601240639369 0.0210625219516701 0.373264883473689)
(0.311127278989242 -0.0789216498598561 0.405821012735761)
(0.324655889496839 -0.063851420602296 0.437377583587843)
(0.165685523883146 -0.102165378971029 0.352228026808007)
(0.167384401018059 -0.083 0.373337112306759)
(0.233659164335685 0.0163577191454723 0.47306052476348)
(0.305347294042703 -0.0233116041479717 0.398293418979078)
(0.224653020335276 0.00321575955042174 0.446673575172541)
(0.0755524300877448 -0.0409353520120154 0.436345470970667)
(0.181078852713132 0.0217549372111877 0.280762732140128)
(0.280438475966253 -0.079621871121379 0.212392287673987)
(-0.021561643382876 -0.0187303043612686 0.14504063875836)
(0.197821192723907 -0.138354052712219 0.423026629951909)
(0.225253570397053 -0.128616717728327 0.163508060816777)
(0.181282576624599 -0.0963602003541865 0.250322711063512)
(0.186043111821804 -0.0746625609917419 0.25891822977791)
(0.102912855375022 -0.0030918799568258 0.338852276977786)
(0.294051554493495 -0.0248233408188767 0.267234030957553)
(-0.199888820335502 -0.0881334407709828 0.428583441763058)
(-0.198053294179346 -0.0998778624714689 0.395827503104366)
(-0.203618671228243 -0.0734608965751038 0.39726022603243)
(0.235056205365142 -0.0107888455610402 0.333779689386103)
(0.201333745106186 8.13578552093777e-05 0.33709461921997)
(0.267500065502329 -0.0869964305021554 0.334920061819282)
(0.285788239222619 -0.0816034445618127 0.320220647739839)
(0.259428922202365 0.00869902570341667 0.333939848482603)
(0.23641177915753 -0.0851655494341923 0.279250549339184)
(0.238152280570654 -0.113643116621543 0.280913346940294)
(0.291986923006308 -0.00431483136446332 0.404647145118238)
(0.287561588912199 -0.0123294109556611 0.377654538195752)
(0.248077586973708 -0.118726588938873 0.30630021415365)
(0.23108945055388 -0.151562401683347 0.315497905224269)
(0.24054933859449 -0.145873291308348 0.293394861254574)
(0.259654455339096 -0.151813972237575 0.31219626510001)
(0.318322969539651 -0.100035581339851 0.322377775060507)
(0.216764799194001 -0.1155 0.411103383704383)
(0.226616333859964 -0.116330057820217 0.387235034502191)
(0.292929333628967 -0.121296474972008 0.209111891150153)
(0.282080490116742 -0.151548392339249 0.21073237995907)
(0.27094874984735 0.00567931877851123 0.366203873327232)
(0.19237597408139 0.00490069045116523 0.389820640264639)
(0.299718696957099 -0.0285291643103247 0.354686231748033)
(0.283226730874969 -0.0967945437978449 0.253329816780264)
(0.24181484898127 -0.0593874752287535 0.428948244507319)
(0.241679110708783 -0.0927606998770613 0.446745870536778)
(0.106017967355725 0.00811340475135739 0.370426725690213)
(0.20581980369096 -0.16405981156968 0.308368700638589)
(0.21071754066157 -0.141773995210729 0.319575768308051)
(0.228555878357265 -0.170993302604093 0.33901052890173)
(0.323801823908338 -0.0719606556907301 0.48649874801523)
(0.1211547316866 -0.0202272087289901 0.423538133380057)
(0.215495073755533 -0.0996052854439552 0.450032651948126)
(0.230439127512994 -0.11486913592399 0.443360119162999)
(0.250393985868728 -0.0156796179355609 0.370413930593014)
(0.259696210164752 -0.0152880825269242 0.345334710373703)
(0.234016595387395 -0.054015784885424 0.469680908218476)
(0.20539781801324 -0.0350575204836043 0.460282579633124)
(0.242183196717128 -0.0652816370868745 0.490643709243767)
(0.144163234669171 -0.0910362972007076 0.480282534899477)
(0.0435703325914718 -0.0912130893758058 0.417718047303799)
(0.0332455610152273 -0.0942370672223983 0.440762264110222)
(0.0190551727375329 -0.0607141024895522 0.357502411704992)
(0.00596842910790032 -0.0388655932854369 0.352100893302009)
(-0.00132709576673366 -0.059683769073373 0.328854456864232)
(0.196164367605245 -0.083 0.378362978941806)
(0.125628988047903 -0.00625822814360509 0.36790370522465)
(0.0995313240049795 -0.00539220583290977 0.387618552477061)
(0.108352260976634 -0.0308843978481682 0.383999720863765)
(-0.188335691953721 -0.11679857493104 0.293541589769632)
(-0.192801297618013 -0.0938357923992202 0.297979023645658)
(-0.225782567277286 -0.116935966465176 0.272281153483235)
(0.153060617653515 -0.0681519204319958 0.48355119124203)
(0.22529496757927 -0.121076115599643 0.211381677104737)
(0.0332900207307657 -0.192431197514175 0.375926520742571)
(-0.192295975534785 -0.0804860939907162 0.265867355815075)
(0.238567436719043 -0.00596313941438026 0.486811379577526)
(0.159065576801793 -0.142437988286327 0.345997975301969)
(0.136812042189629 -0.158177920430712 0.340530673269882)
(0.155466255423134 -0.148 0.37052766895454)
(0.137173065501559 -0.12956434965487 0.350409188367081)
(0.138291992305113 -0.0726238798326781 0.434021940019545)
(0.15596808035724 -0.0832276699233968 0.297043434573131)
(0.256587219740804 -0.119221159143704 0.455359208449732)
(-0.210133179166212 -0.0793762867854705 0.281900274251742)
(-0.0683671129231004 -0.15354586722112 0.301552940941138)
(-0.0670993263465218 -0.132621122704602 0.327716964515664)
(0.0909758228151333 -0.0609071258835207 0.19557288749397)
(-0.131260431417201 -0.049427484807535 0.258547573818302)
(-0.034845650698132 0.0207351472144913 0.481779611456778)
(-0.134840703315802 -0.181994934415793 0.388926245456055)
(-0.330997442296992 -0.118630710616906 0.303097646722858)
(-0.00264834098814539 -0.187679944506565 0.428839538884145)
(0.125922727674747 0.00759157990179513 0.241872799814618)
(0.018614993271149 -0.0300080390626614 0.302507085615406)
(0.0339599714046353 -0.00692864102590345 0.297354682920535)
(-0.33552028233478 -0.0973313157560652 0.447394000688657)
(-0.0900006038656429 -0.163002109930948 0.303322324589323)
(0.0680157254143653 -0.169192810712945 0.285833978493449)
(-0.118129483644015 -0.173019319821585 0.403068838618108)
(-0.111333298041192 -0.139553385981109 0.410066620611392)
(0.0112472595748629 -0.159854139754965 0.382096825342357)
(0.00155549678015433 -0.16987822318709 0.350820953125727)
(-0.200600329398434 -0.0547592000739874 0.491715012257264)
(-0.200330440934157 -0.0137038314845427 0.280388937327461)
(-0.204363858849396 -0.00338790627629279 0.320424230600752)
(-0.193462841948126 -0.0113175411133835 0.339620048607172)
(-0.331576259499101 -0.0716038208589818 0.419427040727457)
(-0.33994123200965 -0.0838281516307537 0.302665516808403)
(0.274759361803478 0.000473929098885 0.239409813319902)
(0.01636505515014 -0.17508604226334 0.441952250091273)
(-0.295632244667595 0.0239979734572134 0.465055803639202)
(-0.239721033781075 -0.131008819597643 0.160466394142475)
(-0.0928113313967244 -0.102471311455217 0.261231169811372)
(-0.277160216161819 -0.134522698635342 0.288511228396479)
(-0.175659090741174 -0.0315872784406377 0.375312728254987)
(-0.0621518657084475 -0.0606394555372857 0.385787701428153)
(-0.153406515999561 0.0214066473432828 0.343785284818957)
(-0.0982756503969018 0.00641678486374897 0.368053963195013)
(-0.290423670164787 -0.187958167074137 0.351952848497298)
(-0.280993842906806 -0.185243724475045 0.391405712439279)
(-0.012559736942389 -0.133723629379993 0.335243900558898)
(-0.0189105221037179 -0.168779652223238 0.332365709411766)
(0.184068458068706 0.000132975321005505 0.138388224202696)
(-0.326505665480661 -0.0714751306491527 0.377922851865396)
(-0.304213987411041 -0.0647685317953726 0.394974694192253)
(-0.231513264728151 -0.0954308143080074 0.259192143364734)
(-0.260824927070605 -0.11729210464199 0.26394238345905)
(-0.275394821791355 -0.0488993185765609 0.407364582796515)
(-0.213475414958161 -0.018 0.374795240448831)
(-0.292881080150729 -0.146111659159963 0.415158030590041)
(-0.182876142319368 -0.0620045337191448 0.36494156229949)
(-0.302365971792667 -0.0403106511891884 0.415289110365367)
(-0.301407940723627 -0.0994554437894044 0.304966383109858)
(-0.313195412736016 -0.118018745268755 0.329334892856603)
(-0.265566513513131 -0.115650931280566 0.37225622643745)
(-0.185750922890926 -0.132056448424148 0.357478212436222)
(-0.191298223214477 -0.0869968861740907 0.37348318124756)
(-0.319466318670577 -0.153775652533629 0.450017328410982)
(-0.320287826015958 -0.0958214201612017 0.473724454966426)
(-0.172853664425176 -0.142406998848134 0.312978110705643)
(-0.222851204846917 -0.0631660459773048 0.492776228398909)
(-0.332643862678207 -0.0562463571931747 0.399355600571997)
(-0.240495502877498 -0.0312659027918394 0.305592034337572)
(-0.231549503947755 -0.0487933779742697 0.31901753859043)
(-0.261577888872469 -0.0441587138847604 0.310617189106442)
(-0.297378404245609 -0.157545801740727 0.467970204856183)
(-0.220996570219701 -0.128591863664116 0.352228150067721)
(-0.233137186848078 -0.108701908053088 0.366663572613531)
(-0.242122789660423 -0.0449462377823841 0.469234498555682)
(-0.233398096944376 -0.0434418769677575 0.44716821747734)
(-0.252919520245448 -0.114115441771227 0.0898657628801914)
(-0.29283679258249 -0.168948117087072 0.370297185358841)
(-0.207701150378748 0.000779373178440241 0.354068076514335)
(-0.203006364421346 0.0230291444888804 0.362102999197816)
(-0.181391632840622 0.00621373767630961 0.36342726026944)
(-0.298376980052771 -0.0596860530595009 0.214023246090884)
(-0.072667742057088 -0.191411618093316 0.303921643220758)
(-0.17376084880545 -0.0170200771167424 0.35460014489673)
(-0.159836680204499 -0.00592601023282539 0.454166121790962)
(-0.183409271702738 -0.0197715065331252 0.469575423786754)
(-0.217029837691429 -0.165442288933301 0.294819661939873)
(-0.239093294164701 -0.0950219319760292 0.427584537038282)
(-0.337901973237524 -0.0397840741297123 0.424060169339035)
(0.00800013862230978 -0.142263774266681 0.368900024522157)
(-0.0277337305617709 -0.148 0.352742369684898)
(0.00802952846617902 -0.148 0.345395285812631)
(-0.217097134587425 -0.0421042717425751 0.343230937756847)
(-0.209101027597161 -0.0592617917840683 0.363770567187796)
(-0.0781310575671343 -0.180411975880377 0.348119967241639)
(-0.273746884620962 -0.0454315438939426 0.249735290354094)
(-0.000825085115494574 -0.148 0.251221806656463)
(-0.144119022800749 -0.141659243685188 0.224774783643805)
(-0.183108184834171 -0.0604368263157501 0.47716768742106)
(-0.193644827679918 -0.0389159395704232 0.456510678933899)
(-0.200909024759792 -0.068370590845203 0.450213588448558)
(-0.213328583497858 -0.0416799097320797 0.479235243716972)
(-0.134574299336376 -0.150467036883947 0.444288209004806)
(-0.141433758561183 -0.0469234960816185 0.477744085798202)
(-0.239998870599697 -0.0754902048371185 0.363181118583787)
(-0.0942178492822103 0.0219075454578647 0.398643850811951)
(-0.0948263924079747 -0.00172308721263964 0.426561436864763)
(-0.000996247940013572 -0.0627392569740835 0.373671330289094)
(0.00586158837986977 -0.083 0.349406794459541)
(-0.179229322333583 -0.00244957064359016 0.31964122717542)
(-0.217206433478966 0.020707772663927 0.38355858763188)
(-0.231800276852283 0.00883032377463908 0.365944581383798)
(-0.335472445728053 -0.00687051684267349 0.408825586560311)
(-0.241995983893566 -0.0174655583713456 0.286463224142591)
(-0.26573552330023 -0.047349938006601 0.219747799947305)
(-0.212112907747634 0.0207072538541488 0.327749602749458)
(-0.167986381057369 -0.0301968774424685 0.452625753210838)
(-0.17306665060469 -0.0374458507064579 0.480796636654764)
(-0.225260776824214 0.00160620240049111 0.339024330566839)
(-0.313110274397271 -0.00306788976647878 0.405418199545112)
(-0.221834596388878 -0.018 0.3286785716504)
(-0.296741766416199 0.00220836703615655 0.372799171180126)
(0.0225986653927667 -0.164240271917643 0.336443803884387)
(-0.0712515557262633 -0.123624084922376 0.412744022349661)
(0.108947732236901 -0.158737174624877 0.376319292791969)
(0.0313289583199603 -0.0517413216113165 0.450419575498572)
(-0.00280910171682662 -0.02424735990397 0.427173928281533)
(0.0206613031935835 -0.0330356586127144 0.414899377550622)
(-0.138041720505284 -0.132320335601666 0.387641875826018)
(-0.0381399421162153 -0.0094032570669648 0.407730151959668)
(-0.0313151276775459 -0.0348196782167608 0.44383332871664)
(-0.0222205191044097 -0.0359921577082368 0.423156066098688)
(0.117318169201244 -0.0821888639649901 0.466041974115185)
(-0.187861725802712 -0.0035192881972948 0.411073498022559)
(-0.184675090856696 -0.0211420532797444 0.394314572605977)
(-0.123227150802483 -0.163763341790459 0.428321855372822)
(-0.126476087895542 -0.083 0.349257083432742)
(-0.126211120628868 -0.083 0.382962063760427)
(0.0722157133231609 -0.1283950454949 0.390514394193034)
(0.0606998136258762 -0.130168533368933 0.366891587176393)
(0.083811720059323 -0.119120837190954 0.356868294739257)
(0.0694414708038483 -0.13225175627109 0.419106272112736)
(0.085977494103901 -0.1155 0.415400674494803)
(0.0821716273397233 -0.148 0.379725696572531)
(0.0577430672514437 -0.173968145510757 0.37280505473204)
(-0.163663512563824 -0.0106980043570755 0.402449126505054)
(0.0808081373814779 -0.168166962066044 0.335060493598286)
(0.107127860613462 -0.170091901525548 0.337634311601439)
(-0.0162802861616078 0.000203572135787828 0.444144061212756)
(-0.217443681062159 -0.10708449901528 0.489158371845405)
(-0.101288666836 -0.16756872452068 0.338281515443676)
(-0.0175273964631358 -0.00880678178460237 0.420915025487323)
(0.0828360135774552 -0.0826310922677992 0.485523198181668)
(-0.117925887498754 -0.00978580742481429 0.45349231284579)
(-0.284661445172708 -0.0221065468454009 0.389389035141214)
(-0.104234804989103 -0.0497454467215794 0.405547415602481)
(0.0014382938370839 -0.01731279283958 0.449868501287955)
(-0.167671493672859 -0.133584741843538 0.341200820148285)
(-0.267570366410334 -0.149777082058075 0.395895975736231)
(-0.140611213797815 -0.00937038251771945 0.439192372559626)
(-0.212539605792119 -0.0723481186614804 0.423362951189409)
(-0.186717933836367 -0.0138770561793161 0.435946368808704)
(-0.207679594359022 -0.0102262455487704 0.453326861794812)
(-0.0340447552989191 -0.115918996192918 0.332331989473468)
(-0.0453878027216547 -0.116750989611978 0.35733617082863)
(-0.173344421439722 -0.15566456384104 0.442882998205195)
(-0.0582543666842778 -0.0639385691291564 0.414736487601579)
(-0.0374040004873115 -0.018 0.363422276929027)
(0.237551729430326 -0.167202336117598 0.402508748329707)
(-0.300424671274517 -0.102517055555051 0.486419999510453)
(0.007584202102413 -0.112913301657262 0.418807666740106)
(-0.328020886897182 -0.012964533516832 0.429950007041162)
(-0.276258275647303 -0.0324290575186106 0.273403325495988)
(-0.260733843811892 -0.0522921046419898 0.269371919063276)
(-0.198708092631041 -0.0426659263538595 0.391728555697922)
(-0.225795953037177 -0.0629737366488725 0.39604421790984)
(-0.190223068818535 -0.145764857641334 0.413144061459511)
(-0.208826229312845 -0.0364725923599112 0.434849567952823)
(-0.271755470052203 -0.0446442084268 0.476857601832151)
(-0.142355936467875 -0.0891948750771758 0.411549950427189)
(-0.234181186268557 -0.110451795366844 0.451781657596241)
(-0.0347990265132149 -0.0437037238117272 0.393714702880058)
(-0.214332744084632 -0.11318697593542 0.380522585370315)
(-0.232908035559983 -0.112928156990882 0.412184425015631)
(-0.197032398021384 -0.0488863396049013 0.416596804065004)
(-0.0361868975758525 -0.115132620365257 0.415328195520115)
(-0.152888803364835 -0.125031256387178 0.419473215323724)
(-0.166465154456543 -0.141870683070263 0.405265430372443)
(-0.337445299823454 -0.174615585784181 0.455313794231264)
(-0.00459087033691643 -0.108097520459097 0.396795982124588)
(-0.217369309041244 -0.083 0.378620383224881)
(-0.240603714917379 -0.0429739285801393 0.242637540685722)
(-0.176857682223021 -0.0543998353703465 0.392676683566895)
(-0.173966276854977 -0.0989962448113197 0.40689004977939)
(-0.134274242357195 -0.080203548015685 0.270826839085468)
(-0.204223856377934 -0.152586823731131 0.358412547873092)
(0.013789774131889 -0.105972772994941 0.384944563411851)
(-0.0236381773918017 -0.106137752816672 0.380722559854303)
(0.00482319245804383 -0.125613987430993 0.386774201269987)
(-0.0741869752845397 -0.0184411200518387 0.330766201179738)
(0.0417182174610524 -0.0610010915147216 0.270222214717215)
(0.0187239386549178 -0.060255076907398 0.264520535255601)
(0.0214142841353201 -0.0866980001846375 0.392833695118931)
(0.0137231223454008 -0.0906470554255656 0.421472125201036)
(-0.106301270353061 -0.105608763731602 0.304826399720494)
(-0.0950435066742781 -0.171267421194898 0.363110379886427)
(0.0805974660497259 -0.150777010845766 0.430422674951927)
(0.0857782987125564 -0.184508816012024 0.483755581822678)
(-0.208158403053193 -0.127115749450379 0.241711966290664)
(-0.0189709227566651 -0.0277516927306463 0.398827739638317)
(0.0172434993209389 -0.182601249224947 0.393845312614144)
(0.0989555552542631 -0.061706635709215 0.478785246771969)
(0.110310790485737 -0.0182635307918582 0.403909694448548)
(-0.0976641588283333 -0.138542810900448 0.381274548717991)
(0.14286793020805 -0.116924259503389 0.455197802784389)
(0.122911688565347 -0.116504419085211 0.442492560258223)
(0.143384786313829 -0.114331432294031 0.432233809924795)
(-0.0145459168980993 -0.168100051997599 0.40415360445113)
(0.128138277250133 -0.187040405489729 0.324298344594515)
(0.0377679205888618 -0.0698478713056943 0.43600041425273)
(0.0991903253688234 -0.0310102619551484 0.431231672678789)
(0.107133881308598 -0.130373245267043 0.452544779930401)
(0.0413409259916067 -0.135969996537993 0.343122558478762)
(0.0133810182357085 -0.058760437210009 0.430293922688356)
(0.0914543786386683 -0.167662265377897 0.46518699725461)
(0.192212154743069 -0.117181519278026 0.412348917213189)
(0.0577729714781266 -0.143043410636383 0.436146013503814)
(-0.21844510767557 -0.0277014495927995 0.463633563476871)
(0.0763013111113747 -0.139005843388569 0.456414173280524)
(0.111931115199485 -0.172018736493487 0.397876413653477)
(0.0859808624434178 -0.168178983591566 0.392172475680583)
(0.0959720344866321 -0.151113172520032 0.450134377697873)
(-0.218908570533581 -0.0986192493958228 0.421817398961076)
(0.141118442310641 -0.17509358175558 0.355986500661453)
(0.120751705910915 -0.148 0.350957502168468)
(0.134593305881699 -0.162567664521313 0.380502306174681)
(0.0282819269896702 -0.106681027570179 0.366661146473336)
(0.0874405589147433 -0.0806967639673986 0.35999097302917)
(0.264056670880868 -0.15747769738843 0.42436159274583)
(0.236057939858172 -0.13930728131658 0.430378410751075)
(0.298436867383104 -0.105278120813155 0.484414157322195)
(-0.014497118562149 -0.018 0.374005421140141)
(-0.00144420493253177 -0.00349029759669106 0.403396469518097)
(0.126591103847283 -0.0896970583349604 0.443942850981878)
(0.0953935356939186 -0.0380729088459491 0.246976138278114)
(0.0871253799779816 -0.0376075275211401 0.269865187237188)
(0.206769683801054 -0.149681519278026 0.445997068656969)
(-0.0725170482263971 -0.156695611416976 0.333033624417446)
(0.0284281014058624 -0.138722876825908 0.391697867555678)
(0.125540667570779 -0.0770854972047595 0.386859763571834)
(0.150137115300889 -0.0641102192246696 0.372541128923257)
(0.0972617968419442 -0.131046553962954 0.376174887929716)
(0.203893550203109 -0.104971536031015 0.254213317068975)
(0.0701702659465967 -0.110740755220281 0.430650936593226)
(0.159638840705185 -0.175550915471599 0.299795529059957)
(0.0366634912538792 -0.167427696738969 0.383412745602242)
(0.229799655202632 -0.0509833869314105 0.316140581029715)
(0.254960088052254 -0.0684576002298714 0.349602809539949)
(0.186954874537532 -0.0768858494882623 0.315845903663495)
(0.0670936128716249 -0.127010529397407 0.294784291517141)
(0.222509998405035 -0.18760023423309 0.361624980105532)
(0.229481295147701 -0.151112051970362 0.255956655639782)
(0.231289479630957 -0.176124525574749 0.261241048231443)
(0.200327393158646 -0.000508696226216651 0.366519180999882)
(0.224065944778028 -0.0278686775908543 0.360745085267589)
(0.0988685681428772 -0.111678924699813 0.231995770304202)
(-0.048218944314532 -0.165658005883138 0.297599211653999)
(0.108585881655602 -0.125254276613154 0.403584005898635)
(0.11989786452162 -0.13803947749108 0.380453516826128)
(-0.0677511631081009 -0.112715448296095 0.259811569504363)
(0.189925582967679 -0.0432640517816574 0.173330898072747)
(0.205058596155144 -0.00173813453953543 0.411007864154585)
(0.251749007156874 -0.189815352209347 0.255964439653388)
(0.241250712302874 -0.123959511539866 0.240595377943305)
(0.0745870507439554 -0.12277865425218 0.266858499890957)
(0.214648734786969 -0.106047798807896 0.284040038796281)
(0.179516032786717 -0.0880230226519022 0.27999794614737)
(0.202638688777123 -0.107005060644599 0.3076460667904)
(0.183473201422665 -0.126983445010144 0.438293850357002)
(0.163508161156043 -0.168868555388409 0.178501772440323)
(0.187524976466244 -0.0311864337498166 0.194514907138578)
(0.231851713463958 -0.144960725577957 0.357492710441093)
(0.245647619920174 -0.182281114933014 0.316990845436171)
(0.158449441115279 -0.129389887191132 0.326552251476778)
(0.205813513003501 -0.00712615039238393 0.191828497942831)
(-0.224432461205137 -0.0194030790564554 0.442403966920014)
(0.301766237380716 -0.0503211615843328 0.461256475471364)
(0.290308264505782 -0.115760326473289 0.35273929437115)
(0.288516692048233 -0.127108505478028 0.321319760229306)
(0.288255391593277 -0.168814890983694 0.169765436421381)
(0.217029565120605 -0.02060688105903 0.171565413826387)
(0.262683335339165 -0.00659542318301784 0.303268781861767)
(0.158310781283002 -0.136863545609256 0.442680988501252)
(0.12676863823726 -0.148 0.323490290300638)
(0.139436308298639 -0.150122925825277 0.301951979404327)
(0.29068040420273 -0.16104821713391 0.456233863910839)
(0.206163897889538 -0.1017233235197 0.38767594642752)
(0.291725424380094 -0.101024208898178 0.230003622341565)
(0.283623381873716 -0.186134874033861 0.415858441487929)
(0.199601074941536 -0.0334742121417841 0.329003351348229)
(0.180698032636314 -0.0420257882801497 0.348615823210528)
(0.281340135410282 -0.0699660883794124 0.253457885610586)
(0.243346828472323 -0.136339440580071 0.217768687779081)
(0.181688094501273 -0.167623553551013 0.334009332747902)
(0.089369990023694 -0.121607039007624 0.302127904301801)
(0.11017980538641 -0.173457040309205 0.306374520961948)
(0.158265223218476 -0.0609772729395059 0.451135973838215)
(0.0854945157406921 -0.132929830231407 0.231250271915692)
(0.173189627991374 -0.0534011561914391 0.298248699518351)
(0.0778535092806645 -0.0888202968008245 0.425013364358438)
(0.247110239895191 -0.155982174490908 0.242064112901674)
(0.2461316222784 -0.138352120965843 0.272608338280832)
(0.135442105128843 -0.122889089248112 0.372395752823)
(0.251508566993351 -0.168994517553591 0.348795567895743)
(0.223745933851906 -0.163471030011072 0.366934354453125)
(0.189970597810742 -0.0161439138329926 0.313768201362998)
(0.209505439179073 -0.0399378985583758 0.296801041123044)
(-0.249490013398483 -0.0999388345531253 0.193183424986218)
(-0.253272732543943 -0.119661449799821 0.290099951889752)
(-0.184894032269451 -0.0289256469898848 0.217060534013399)
(0.00504831425906623 -0.018 0.272633455755474)
(-0.194051845503284 -0.134852830516557 0.334501156460863)
(0.00869521305622193 -0.11406161996915 0.108987971068974)
(0.0218828017790336 -0.0474615047758014 0.128287289828916)
(-0.242737388092526 -0.120753572536147 0.0422740055779143)
(-0.253783651557897 -0.0307202778696889 0.113052228314517)
(-0.183640111887004 -0.0452476817299274 0.0864748347394606)
(-0.106814530781416 -0.0861348343382178 0.157842457877123)
(-0.0673499757523294 -0.117475543460963 0.0980296010517625)
(0.216207863247123 -0.113041152079286 0.362483358039188)
(0.0366826961185728 -0.105897952213586 0.397513784904689)
(0.231538428050199 -0.158958816776122 0.094004901865892)
(0.189675105161894 -0.12753156878419 0.295746348057547)
(0.195855903786709 -0.124855299240707 0.272429096266585)
(0.220002309228022 -0.121289740625335 0.3004931922282)
(0.0903008065966218 -0.0269125731309791 0.348826658146729)
(0.0836686955197422 -0.018 0.330319940529307)
(0.111029300053007 -0.0088509689910115 0.255679481210737)
(0.147399492661808 -0.104036895561823 0.380134074227236)
(0.110419908360568 -0.0862555123865387 0.272703525016299)
(0.0854817486914968 -0.0824189595385378 0.267153490460034)
(0.110263153996853 -0.102565055017097 0.397832164438219)
(0.148304002460285 -0.123682657313782 0.300697017719333)
(0.216040373421564 -0.12551169079727 0.239399255009162)
(0.221875037464976 -0.117529963520629 0.261750493885735)
(0.121125250019589 -0.132561784996153 0.107850310624769)
(0.170361671801967 -0.018 0.180446908709163)
(0.247284319745115 -0.127934779388072 0.330001606686432)
(0.246813857230712 -0.149624007843654 0.338111296437532)
(0.221483605929536 -0.0554389373290511 0.259260291545084)
(0.179318559911303 -0.148 0.375307308980576)
(0.243647406939861 -0.107458215989129 0.224369107781587)
(0.0902861693733765 -0.117871960127994 0.44050746118864)
(0.207869915019224 -0.148 0.291914045693374)
(0.247044224630568 -0.0366615607272927 0.347662334263441)
(0.166279499443116 -0.129988560125461 0.0899996813610885)
(0.0333114080235507 -0.148 0.366889103230685)
(0.221638165213213 -0.0027160586270478 0.126631497277571)
(0.227150720023771 -0.0528097647235599 0.370427889869529)
(0.30220417041666 -0.0619744722993858 0.300113845337862)
(-0.0520888179732336 -0.127952452046285 0.252772249115496)
(-0.0170305327747877 -0.114192444492511 0.311633254679614)
(0.00318439672915332 -0.113808901078352 0.332511006198018)
(-0.014023945895525 -0.0734306634689108 0.396401496215003)
(-0.0302057518592915 -0.0495456834702698 0.371344010794862)
(-0.0126077615274284 -0.0972784226324193 0.333167887721353)
(0.0287130044121548 -0.117388147973809 0.333684336101778)
(-0.0796196955678613 -0.0578397906418159 0.359965128195316)
(-0.18102641831239 -0.12524868215505 0.383586911171266)
(-0.238100450620038 -0.105305123579713 0.388401845952461)
(-0.259774208896575 -0.118879551802013 0.3153491450694)
(-0.229584375655885 -0.131893848773224 0.391414935406674)
(-0.203851187723137 -0.018 0.303485247213452)
(0.103516280899552 -0.0582497874154884 0.261423357373008)
(0.131401432547674 -0.018 0.322467651360926)
(0.107435875804746 -0.0982235933897192 0.421236604993997)
(0.205972443290879 -0.124273485146189 0.440231798339302)
(0.102287252495723 -0.131096929722228 0.354828696636255)
(0.157819348629996 -0.160855616185673 0.331178298134282)
(0.177473560749288 -0.153285849410255 0.311544822879612)
(0.0564119914593059 -0.142004106130453 0.402153104560947)
(-0.115893948984317 -0.157632981722632 0.384335764773745)
(0.0760044807812296 -0.0288510739027849 0.307411234735662)
(-0.118674125442195 -0.118472705068343 0.386418242780853)
(0.165060305395472 -0.118970188471122 0.254974077060172)
(0.22032821949099 -0.13293714694459 0.338877647549095)
(0.267554710015056 -0.140901022489755 0.292914814231543)
(0.270673099295267 -0.110358521223192 0.328413408044228)
(0.221900170611685 -0.0718544248406703 0.340276362110229)
(0.227066694028578 -0.163398161827924 0.285298911103765)
(0.203034684533992 -0.169664315549428 0.207312151093812)
(0.234302674466299 -0.135332648370428 0.3969808129152)
(-0.273291611538802 -0.0927725963642242 0.198641823169505)
(-0.132016690146118 -0.0664910036088295 0.400441934121545)
(-0.253622688306214 -0.104811091440054 0.412801291956495)
)


// ************************************************************************* //
